CPU Reset (CPU 0)
EAX=00000000 EBX=00000000 ECX=00000000 EDX=00060fb1
ESI=00000000 EDI=00000000 EBP=00000000 ESP=00000000
EIP=0000fff0 EFL=00000002 [-------] CPL=0 II=0 A20=1 SMM=0 HLT=0
ES =0000 00000000 0000ffff 00009300
CS =f000 ffff0000 0000ffff 00009b00
SS =0000 00000000 0000ffff 00009300
DS =0000 00000000 0000ffff 00009300
FS =0000 00000000 0000ffff 00009300
GS =0000 00000000 0000ffff 00009300
LDT=0000 00000000 0000ffff 00008200
TR =0000 00000000 0000ffff 00008b00
GDT=     00000000 0000ffff
IDT=     00000000 0000ffff
CR0=60000010 CR2=00000000 CR3=00000000 CR4=00000000
DR0=0000000000000000 DR1=0000000000000000 DR2=0000000000000000 DR3=0000000000000000 
DR6=00000000ffff0ff0 DR7=0000000000000400
CCS=00000000 CCD=00000000 CCO=EFLAGS
EFER=0000000000000000
FCW=037f FSW=0000 [ST=0] FTW=00 MXCSR=00001f80
FPR0=0000000000000000 0000 FPR1=0000000000000000 0000
FPR2=0000000000000000 0000 FPR3=0000000000000000 0000
FPR4=0000000000000000 0000 FPR5=0000000000000000 0000
FPR6=0000000000000000 0000 FPR7=0000000000000000 0000
XMM00=0000000000000000 0000000000000000 XMM01=0000000000000000 0000000000000000
XMM02=0000000000000000 0000000000000000 XMM03=0000000000000000 0000000000000000
XMM04=0000000000000000 0000000000000000 XMM05=0000000000000000 0000000000000000
XMM06=0000000000000000 0000000000000000 XMM07=0000000000000000 0000000000000000
CPU Reset (CPU 0)
EAX=00000000 EBX=00000000 ECX=00000000 EDX=00060fb1
ESI=00000000 EDI=00000000 EBP=00000000 ESP=00000000
EIP=0000fff0 EFL=00000002 [-------] CPL=0 II=0 A20=1 SMM=0 HLT=0
ES =0000 00000000 0000ffff 00009300
CS =f000 ffff0000 0000ffff 00009b00
SS =0000 00000000 0000ffff 00009300
DS =0000 00000000 0000ffff 00009300
FS =0000 00000000 0000ffff 00009300
GS =0000 00000000 0000ffff 00009300
LDT=0000 00000000 0000ffff 00008200
TR =0000 00000000 0000ffff 00008b00
GDT=     00000000 0000ffff
IDT=     00000000 0000ffff
CR0=60000010 CR2=00000000 CR3=00000000 CR4=00000000
DR0=0000000000000000 DR1=0000000000000000 DR2=0000000000000000 DR3=0000000000000000 
DR6=00000000ffff0ff0 DR7=0000000000000400
CCS=00000000 CCD=00000000 CCO=EFLAGS
EFER=0000000000000000
FCW=037f FSW=0000 [ST=0] FTW=00 MXCSR=00001f80
FPR0=0000000000000000 0000 FPR1=0000000000000000 0000
FPR2=0000000000000000 0000 FPR3=0000000000000000 0000
FPR4=0000000000000000 0000 FPR5=0000000000000000 0000
FPR6=0000000000000000 0000 FPR7=0000000000000000 0000
XMM00=0000000000000000 0000000000000000 XMM01=0000000000000000 0000000000000000
XMM02=0000000000000000 0000000000000000 XMM03=0000000000000000 0000000000000000
XMM04=0000000000000000 0000000000000000 XMM05=0000000000000000 0000000000000000
XMM06=0000000000000000 0000000000000000 XMM07=0000000000000000 0000000000000000
SMM: enter
EAX=00000000 EBX=00000000 ECX=02000000 EDX=02000628
ESI=0000000b EDI=02000000 EBP=06fed190 ESP=00006d54
EIP=000f055d EFL=00000046 [---Z-P-] CPL=0 II=0 A20=1 SMM=0 HLT=0
ES =0010 00000000 ffffffff 00cf9300 DPL=0 DS   [-WA]
CS =0008 00000000 ffffffff 00cf9b00 DPL=0 CS32 [-RA]
SS =0010 00000000 ffffffff 00cf9300 DPL=0 DS   [-WA]
DS =0010 00000000 ffffffff 00cf9300 DPL=0 DS   [-WA]
FS =0010 00000000 ffffffff 00cf9300 DPL=0 DS   [-WA]
GS =0010 00000000 ffffffff 00cf9300 DPL=0 DS   [-WA]
LDT=0000 00000000 0000ffff 00008200 DPL=0 LDT
TR =0000 00000000 0000ffff 00008b00 DPL=0 TSS32-busy
GDT=     000f7420 00000037
IDT=     000f745e 00000000
CR0=00000011 CR2=00000000 CR3=00000000 CR4=00000000
DR0=0000000000000000 DR1=0000000000000000 DR2=0000000000000000 DR3=0000000000000000 
DR6=00000000ffff0ff0 DR7=0000000000000400
CCS=00000044 CCD=ffffffff CCO=EFLAGS
EFER=0000000000000000
SMM: after RSM
EAX=00000000 EBX=00000000 ECX=02000000 EDX=02000628
ESI=0000000b EDI=02000000 EBP=06fed190 ESP=00006d54
EIP=000f055d EFL=00000046 [---Z-P-] CPL=0 II=0 A20=1 SMM=0 HLT=0
ES =0010 00000000 ffffffff 00c09300 DPL=0 DS   [-WA]
CS =0008 00000000 ffffffff 00c09b00 DPL=0 CS32 [-RA]
SS =0010 00000000 ffffffff 00c09300 DPL=0 DS   [-WA]
DS =0010 00000000 ffffffff 00c09300 DPL=0 DS   [-WA]
FS =0010 00000000 ffffffff 00c09300 DPL=0 DS   [-WA]
GS =0010 00000000 ffffffff 00c09300 DPL=0 DS   [-WA]
LDT=0000 00000000 0000ffff 00008200 DPL=0 LDT
TR =0000 00000000 0000ffff 00008b00 DPL=0 TSS32-busy
GDT=     000f7420 00000037
IDT=     000f745e 00000000
CR0=00000011 CR2=00000000 CR3=00000000 CR4=00000000
DR0=0000000000000000 DR1=0000000000000000 DR2=0000000000000000 DR3=0000000000000000 
DR6=00000000ffff0ff0 DR7=0000000000000400
CCS=00000044 CCD=00000000 CCO=EFLAGS
EFER=0000000000000000
SMM: enter
EAX=000000b5 EBX=000f86ac ECX=00001234 EDX=00006cff
ESI=00006cc8 EDI=06fff761 EBP=00006c88 ESP=00006c88
EIP=000086a9 EFL=00000006 [-----P-] CPL=0 II=0 A20=1 SMM=0 HLT=0
ES =de80 000de800 ffffffff 008f9300
CS =f000 000f0000 ffffffff 008f9b00
SS =0000 00000000 ffffffff 008f9300
DS =0000 00000000 ffffffff 008f9300
FS =0000 00000000 ffffffff 008f9300
GS =0000 00000000 ffffffff 008f9300
LDT=0000 00000000 0000ffff 00008200
TR =0000 00000000 0000ffff 00008b00
GDT=     00000000 00000000
IDT=     00000000 000003ff
CR0=00000010 CR2=00000000 CR3=00000000 CR4=00000000
DR0=0000000000000000 DR1=0000000000000000 DR2=0000000000000000 DR3=0000000000000000 
DR6=00000000ffff0ff0 DR7=0000000000000400
CCS=00000000 CCD=00006c88 CCO=ADDL
EFER=0000000000000000
SMM: after RSM
EAX=000000b5 EBX=000f86ac ECX=00001234 EDX=00006cff
ESI=00006cc8 EDI=06fff761 EBP=00006c88 ESP=00006c88
EIP=000f86ac EFL=00000046 [---Z-P-] CPL=0 II=0 A20=1 SMM=0 HLT=0
ES =0010 00000000 ffffffff 00c09300 DPL=0 DS   [-WA]
CS =0008 00000000 ffffffff 00c09b00 DPL=0 CS32 [-RA]
SS =0010 00000000 ffffffff 00c09300 DPL=0 DS   [-WA]
DS =0010 00000000 ffffffff 00c09300 DPL=0 DS   [-WA]
FS =0010 00000000 ffffffff 00c09300 DPL=0 DS   [-WA]
GS =0010 00000000 ffffffff 00c09300 DPL=0 DS   [-WA]
LDT=0000 00000000 0000ffff 00008200 DPL=0 LDT
TR =0000 00000000 0000ffff 00008b00 DPL=0 TSS32-busy
GDT=     000f7420 00000037
IDT=     000f745e 00000000
CR0=00000011 CR2=00000000 CR3=00000000 CR4=00000000
DR0=0000000000000000 DR1=0000000000000000 DR2=0000000000000000 DR3=0000000000000000 
DR6=00000000ffff0ff0 DR7=0000000000000400
CCS=00000044 CCD=00000000 CCO=EFLAGS
EFER=0000000000000000
SMM: enter
EAX=000000b5 EBX=000086c6 ECX=00005678 EDX=06fffe68
ESI=000ed6e0 EDI=06fff761 EBP=00006c88 ESP=00006c88
EIP=000f86c3 EFL=00000016 [----AP-] CPL=0 II=0 A20=1 SMM=0 HLT=0
ES =0010 00000000 ffffffff 00c09300 DPL=0 DS   [-WA]
CS =0008 00000000 ffffffff 00c09b00 DPL=0 CS32 [-RA]
SS =0010 00000000 ffffffff 00c09300 DPL=0 DS   [-WA]
DS =0010 00000000 ffffffff 00c09300 DPL=0 DS   [-WA]
FS =0010 00000000 ffffffff 00c09300 DPL=0 DS   [-WA]
GS =0010 00000000 ffffffff 00c09300 DPL=0 DS   [-WA]
LDT=0000 00000000 0000ffff 00008200 DPL=0 LDT
TR =0000 00000000 0000ffff 00008b00 DPL=0 TSS32-busy
GDT=     000f7420 00000037
IDT=     000f745e 00000000
CR0=00000011 CR2=00000000 CR3=00000000 CR4=00000000
DR0=0000000000000000 DR1=0000000000000000 DR2=0000000000000000 DR3=0000000000000000 
DR6=00000000ffff0ff0 DR7=0000000000000400
CCS=00000008 CCD=00006c74 CCO=ADDL
EFER=0000000000000000
SMM: after RSM
EAX=000000b5 EBX=000086c6 ECX=00005678 EDX=06fffe68
ESI=000ed6e0 EDI=06fff761 EBP=00006c88 ESP=00006c88
EIP=000086c6 EFL=00000006 [-----P-] CPL=0 II=0 A20=1 SMM=0 HLT=0
ES =de80 000de800 ffffffff 00809300
CS =f000 000f0000 ffffffff 00809b00
SS =0000 00000000 ffffffff 00809300
DS =0000 00000000 ffffffff 00809300
FS =0000 00000000 ffffffff 00809300
GS =0000 00000000 ffffffff 00809300
LDT=0000 00000000 0000ffff 00008200
TR =0000 00000000 0000ffff 00008b00
GDT=     00000000 00000000
IDT=     00000000 000003ff
CR0=00000010 CR2=00000000 CR3=00000000 CR4=00000000
DR0=0000000000000000 DR1=0000000000000000 DR2=0000000000000000 DR3=0000000000000000 
DR6=00000000ffff0ff0 DR7=0000000000000400
CCS=00000004 CCD=00000001 CCO=EFLAGS
EFER=0000000000000000
SMM: enter
EAX=000000b5 EBX=000f86ac ECX=00001234 EDX=000069ff
ESI=000069ae EDI=06fff761 EBP=0000696e ESP=0000696e
EIP=000086a9 EFL=00000002 [-------] CPL=0 II=0 A20=1 SMM=0 HLT=0
ES =de80 000de800 ffffffff 008f9300
CS =f000 000f0000 ffffffff 008f9b00
SS =0000 00000000 ffffffff 008f9300
DS =0000 00000000 ffffffff 008f9300
FS =0000 00000000 ffffffff 008f9300
GS =c900 000c9000 ffffffff 008f9300
LDT=0000 00000000 0000ffff 00008200
TR =0000 00000000 0000ffff 00008b00
GDT=     00000000 00000000
IDT=     00000000 000003ff
CR0=00000010 CR2=00000000 CR3=00000000 CR4=00000000
DR0=0000000000000000 DR1=0000000000000000 DR2=0000000000000000 DR3=0000000000000000 
DR6=00000000ffff0ff0 DR7=0000000000000400
CCS=00000000 CCD=0000696e CCO=ADDL
EFER=0000000000000000
SMM: after RSM
EAX=000000b5 EBX=000f86ac ECX=00001234 EDX=000069ff
ESI=000069ae EDI=06fff761 EBP=0000696e ESP=0000696e
EIP=000f86ac EFL=00000046 [---Z-P-] CPL=0 II=0 A20=1 SMM=0 HLT=0
ES =0010 00000000 ffffffff 00c09300 DPL=0 DS   [-WA]
CS =0008 00000000 ffffffff 00c09b00 DPL=0 CS32 [-RA]
SS =0010 00000000 ffffffff 00c09300 DPL=0 DS   [-WA]
DS =0010 00000000 ffffffff 00c09300 DPL=0 DS   [-WA]
FS =0010 00000000 ffffffff 00c09300 DPL=0 DS   [-WA]
GS =0010 00000000 ffffffff 00c09300 DPL=0 DS   [-WA]
LDT=0000 00000000 0000ffff 00008200 DPL=0 LDT
TR =0000 00000000 0000ffff 00008b00 DPL=0 TSS32-busy
GDT=     000f7420 00000037
IDT=     000f745e 00000000
CR0=00000011 CR2=00000000 CR3=00000000 CR4=00000000
DR0=0000000000000000 DR1=0000000000000000 DR2=0000000000000000 DR3=0000000000000000 
DR6=00000000ffff0ff0 DR7=0000000000000400
CCS=00000044 CCD=00000000 CCO=EFLAGS
EFER=0000000000000000
SMM: enter
EAX=000000b5 EBX=000086c6 ECX=00005678 EDX=00000005
ESI=00000000 EDI=06fff761 EBP=0000696e ESP=0000696e
EIP=000f86c3 EFL=00000006 [-----P-] CPL=0 II=0 A20=1 SMM=0 HLT=0
ES =0010 00000000 ffffffff 00c09300 DPL=0 DS   [-WA]
CS =0008 00000000 ffffffff 00c09b00 DPL=0 CS32 [-RA]
SS =0010 00000000 ffffffff 00c09300 DPL=0 DS   [-WA]
DS =0010 00000000 ffffffff 00c09300 DPL=0 DS   [-WA]
FS =0010 00000000 ffffffff 00c09300 DPL=0 DS   [-WA]
GS =0010 00000000 ffffffff 00c09300 DPL=0 DS   [-WA]
LDT=0000 00000000 0000ffff 00008200 DPL=0 LDT
TR =0000 00000000 0000ffff 00008b00 DPL=0 TSS32-busy
GDT=     000f7420 00000037
IDT=     000f745e 00000000
CR0=00000011 CR2=00000000 CR3=00000000 CR4=00000000
DR0=0000000000000000 DR1=0000000000000000 DR2=0000000000000000 DR3=0000000000000000 
DR6=00000000ffff0ff0 DR7=0000000000000400
CCS=00000008 CCD=0000695a CCO=ADDL
EFER=0000000000000000
SMM: after RSM
EAX=000000b5 EBX=000086c6 ECX=00005678 EDX=00000005
ESI=00000000 EDI=06fff761 EBP=0000696e ESP=0000696e
EIP=000086c6 EFL=00000002 [-------] CPL=0 II=0 A20=1 SMM=0 HLT=0
ES =de80 000de800 ffffffff 00809300
CS =f000 000f0000 ffffffff 00809b00
SS =0000 00000000 ffffffff 00809300
DS =0000 00000000 ffffffff 00809300
FS =0000 00000000 ffffffff 00809300
GS =c900 000c9000 ffffffff 00809300
LDT=0000 00000000 0000ffff 00008200
TR =0000 00000000 0000ffff 00008b00
GDT=     00000000 00000000
IDT=     00000000 000003ff
CR0=00000010 CR2=00000000 CR3=00000000 CR4=00000000
DR0=0000000000000000 DR1=0000000000000000 DR2=0000000000000000 DR3=0000000000000000 
DR6=00000000ffff0ff0 DR7=0000000000000400
CCS=00000000 CCD=00000001 CCO=EFLAGS
EFER=0000000000000000
SMM: enter
EAX=000000b5 EBX=000f86ac ECX=00001234 EDX=000069ff
ESI=000069a8 EDI=06fff761 EBP=00006968 ESP=00006968
EIP=000086a9 EFL=00000002 [-------] CPL=0 II=0 A20=1 SMM=0 HLT=0
ES =de80 000de800 ffffffff 00809300
CS =f000 000f0000 ffffffff 00809b00
SS =0000 00000000 ffffffff 00809300
DS =0000 00000000 ffffffff 00809300
FS =0000 00000000 ffffffff 00809300
GS =c900 000c9000 ffffffff 00809300
LDT=0000 00000000 0000ffff 00008200
TR =0000 00000000 0000ffff 00008b00
GDT=     00000000 00000000
IDT=     00000000 000003ff
CR0=00000010 CR2=00000000 CR3=00000000 CR4=00000000
DR0=0000000000000000 DR1=0000000000000000 DR2=0000000000000000 DR3=0000000000000000 
DR6=00000000ffff0ff0 DR7=0000000000000400
CCS=00000000 CCD=00006968 CCO=ADDL
EFER=0000000000000000
SMM: after RSM
EAX=000000b5 EBX=000f86ac ECX=00001234 EDX=000069ff
ESI=000069a8 EDI=06fff761 EBP=00006968 ESP=00006968
EIP=000f86ac EFL=00000046 [---Z-P-] CPL=0 II=0 A20=1 SMM=0 HLT=0
ES =0010 00000000 ffffffff 00c09300 DPL=0 DS   [-WA]
CS =0008 00000000 ffffffff 00c09b00 DPL=0 CS32 [-RA]
SS =0010 00000000 ffffffff 00c09300 DPL=0 DS   [-WA]
DS =0010 00000000 ffffffff 00c09300 DPL=0 DS   [-WA]
FS =0010 00000000 ffffffff 00c09300 DPL=0 DS   [-WA]
GS =0010 00000000 ffffffff 00c09300 DPL=0 DS   [-WA]
LDT=0000 00000000 0000ffff 00008200 DPL=0 LDT
TR =0000 00000000 0000ffff 00008b00 DPL=0 TSS32-busy
GDT=     000f7420 00000037
IDT=     000f745e 00000000
CR0=00000011 CR2=00000000 CR3=00000000 CR4=00000000
DR0=0000000000000000 DR1=0000000000000000 DR2=0000000000000000 DR3=0000000000000000 
DR6=00000000ffff0ff0 DR7=0000000000000400
CCS=00000044 CCD=00000000 CCO=EFLAGS
EFER=0000000000000000
SMM: enter
EAX=000000b5 EBX=000086c6 ECX=00005678 EDX=00000003
ESI=06fd4130 EDI=06fff761 EBP=00006968 ESP=00006968
EIP=000f86c3 EFL=00000012 [----A--] CPL=0 II=0 A20=1 SMM=0 HLT=0
ES =0010 00000000 ffffffff 00c09300 DPL=0 DS   [-WA]
CS =0008 00000000 ffffffff 00c09b00 DPL=0 CS32 [-RA]
SS =0010 00000000 ffffffff 00c09300 DPL=0 DS   [-WA]
DS =0010 00000000 ffffffff 00c09300 DPL=0 DS   [-WA]
FS =0010 00000000 ffffffff 00c09300 DPL=0 DS   [-WA]
GS =0010 00000000 ffffffff 00c09300 DPL=0 DS   [-WA]
LDT=0000 00000000 0000ffff 00008200 DPL=0 LDT
TR =0000 00000000 0000ffff 00008b00 DPL=0 TSS32-busy
GDT=     000f7420 00000037
IDT=     000f745e 00000000
CR0=00000011 CR2=00000000 CR3=00000000 CR4=00000000
DR0=0000000000000000 DR1=0000000000000000 DR2=0000000000000000 DR3=0000000000000000 
DR6=00000000ffff0ff0 DR7=0000000000000400
CCS=00000008 CCD=00006954 CCO=ADDL
EFER=0000000000000000
SMM: after RSM
EAX=000000b5 EBX=000086c6 ECX=00005678 EDX=00000003
ESI=06fd4130 EDI=06fff761 EBP=00006968 ESP=00006968
EIP=000086c6 EFL=00000002 [-------] CPL=0 II=0 A20=1 SMM=0 HLT=0
ES =de80 000de800 ffffffff 00809300
CS =f000 000f0000 ffffffff 00809b00
SS =0000 00000000 ffffffff 00809300
DS =0000 00000000 ffffffff 00809300
FS =0000 00000000 ffffffff 00809300
GS =c900 000c9000 ffffffff 00809300
LDT=0000 00000000 0000ffff 00008200
TR =0000 00000000 0000ffff 00008b00
GDT=     00000000 00000000
IDT=     00000000 000003ff
CR0=00000010 CR2=00000000 CR3=00000000 CR4=00000000
DR0=0000000000000000 DR1=0000000000000000 DR2=0000000000000000 DR3=0000000000000000 
DR6=00000000ffff0ff0 DR7=0000000000000400
CCS=00000000 CCD=00000001 CCO=EFLAGS
EFER=0000000000000000
SMM: enter
EAX=000000b5 EBX=000f86ac ECX=00001234 EDX=000069ff
ESI=000069ae EDI=06fff761 EBP=0000696e ESP=0000696e
EIP=000086a9 EFL=00000002 [-------] CPL=0 II=0 A20=1 SMM=0 HLT=0
ES =de80 000de800 ffffffff 00809300
CS =f000 000f0000 ffffffff 00809b00
SS =0000 00000000 ffffffff 00809300
DS =0000 00000000 ffffffff 00809300
FS =0000 00000000 ffffffff 00809300
GS =c900 000c9000 ffffffff 00809300
LDT=0000 00000000 0000ffff 00008200
TR =0000 00000000 0000ffff 00008b00
GDT=     00000000 00000000
IDT=     00000000 000003ff
CR0=00000010 CR2=00000000 CR3=00000000 CR4=00000000
DR0=0000000000000000 DR1=0000000000000000 DR2=0000000000000000 DR3=0000000000000000 
DR6=00000000ffff0ff0 DR7=0000000000000400
CCS=00000000 CCD=0000696e CCO=ADDL
EFER=0000000000000000
SMM: after RSM
EAX=000000b5 EBX=000f86ac ECX=00001234 EDX=000069ff
ESI=000069ae EDI=06fff761 EBP=0000696e ESP=0000696e
EIP=000f86ac EFL=00000046 [---Z-P-] CPL=0 II=0 A20=1 SMM=0 HLT=0
ES =0010 00000000 ffffffff 00c09300 DPL=0 DS   [-WA]
CS =0008 00000000 ffffffff 00c09b00 DPL=0 CS32 [-RA]
SS =0010 00000000 ffffffff 00c09300 DPL=0 DS   [-WA]
DS =0010 00000000 ffffffff 00c09300 DPL=0 DS   [-WA]
FS =0010 00000000 ffffffff 00c09300 DPL=0 DS   [-WA]
GS =0010 00000000 ffffffff 00c09300 DPL=0 DS   [-WA]
LDT=0000 00000000 0000ffff 00008200 DPL=0 LDT
TR =0000 00000000 0000ffff 00008b00 DPL=0 TSS32-busy
GDT=     000f7420 00000037
IDT=     000f745e 00000000
CR0=00000011 CR2=00000000 CR3=00000000 CR4=00000000
DR0=0000000000000000 DR1=0000000000000000 DR2=0000000000000000 DR3=0000000000000000 
DR6=00000000ffff0ff0 DR7=0000000000000400
CCS=00000044 CCD=00000000 CCO=EFLAGS
EFER=0000000000000000
SMM: enter
EAX=000000b5 EBX=000086c6 ECX=00005678 EDX=00000005
ESI=00000000 EDI=06fff761 EBP=0000696e ESP=0000696e
EIP=000f86c3 EFL=00000006 [-----P-] CPL=0 II=0 A20=1 SMM=0 HLT=0
ES =0010 00000000 ffffffff 00c09300 DPL=0 DS   [-WA]
CS =0008 00000000 ffffffff 00c09b00 DPL=0 CS32 [-RA]
SS =0010 00000000 ffffffff 00c09300 DPL=0 DS   [-WA]
DS =0010 00000000 ffffffff 00c09300 DPL=0 DS   [-WA]
FS =0010 00000000 ffffffff 00c09300 DPL=0 DS   [-WA]
GS =0010 00000000 ffffffff 00c09300 DPL=0 DS   [-WA]
LDT=0000 00000000 0000ffff 00008200 DPL=0 LDT
TR =0000 00000000 0000ffff 00008b00 DPL=0 TSS32-busy
GDT=     000f7420 00000037
IDT=     000f745e 00000000
CR0=00000011 CR2=00000000 CR3=00000000 CR4=00000000
DR0=0000000000000000 DR1=0000000000000000 DR2=0000000000000000 DR3=0000000000000000 
DR6=00000000ffff0ff0 DR7=0000000000000400
CCS=00000008 CCD=0000695a CCO=ADDL
EFER=0000000000000000
SMM: after RSM
EAX=000000b5 EBX=000086c6 ECX=00005678 EDX=00000005
ESI=00000000 EDI=06fff761 EBP=0000696e ESP=0000696e
EIP=000086c6 EFL=00000002 [-------] CPL=0 II=0 A20=1 SMM=0 HLT=0
ES =de80 000de800 ffffffff 00809300
CS =f000 000f0000 ffffffff 00809b00
SS =0000 00000000 ffffffff 00809300
DS =0000 00000000 ffffffff 00809300
FS =0000 00000000 ffffffff 00809300
GS =c900 000c9000 ffffffff 00809300
LDT=0000 00000000 0000ffff 00008200
TR =0000 00000000 0000ffff 00008b00
GDT=     00000000 00000000
IDT=     00000000 000003ff
CR0=00000010 CR2=00000000 CR3=00000000 CR4=00000000
DR0=0000000000000000 DR1=0000000000000000 DR2=0000000000000000 DR3=0000000000000000 
DR6=00000000ffff0ff0 DR7=0000000000000400
CCS=00000000 CCD=00000001 CCO=EFLAGS
EFER=0000000000000000
SMM: enter
EAX=000000b5 EBX=000f86ac ECX=00001234 EDX=000069ff
ESI=000069a8 EDI=06fff761 EBP=00006968 ESP=00006968
EIP=000086a9 EFL=00000002 [-------] CPL=0 II=0 A20=1 SMM=0 HLT=0
ES =de80 000de800 ffffffff 00809300
CS =f000 000f0000 ffffffff 00809b00
SS =0000 00000000 ffffffff 00809300
DS =0000 00000000 ffffffff 00809300
FS =0000 00000000 ffffffff 00809300
GS =c900 000c9000 ffffffff 00809300
LDT=0000 00000000 0000ffff 00008200
TR =0000 00000000 0000ffff 00008b00
GDT=     00000000 00000000
IDT=     00000000 000003ff
CR0=00000010 CR2=00000000 CR3=00000000 CR4=00000000
DR0=0000000000000000 DR1=0000000000000000 DR2=0000000000000000 DR3=0000000000000000 
DR6=00000000ffff0ff0 DR7=0000000000000400
CCS=00000000 CCD=00006968 CCO=ADDL
EFER=0000000000000000
SMM: after RSM
EAX=000000b5 EBX=000f86ac ECX=00001234 EDX=000069ff
ESI=000069a8 EDI=06fff761 EBP=00006968 ESP=00006968
EIP=000f86ac EFL=00000046 [---Z-P-] CPL=0 II=0 A20=1 SMM=0 HLT=0
ES =0010 00000000 ffffffff 00c09300 DPL=0 DS   [-WA]
CS =0008 00000000 ffffffff 00c09b00 DPL=0 CS32 [-RA]
SS =0010 00000000 ffffffff 00c09300 DPL=0 DS   [-WA]
DS =0010 00000000 ffffffff 00c09300 DPL=0 DS   [-WA]
FS =0010 00000000 ffffffff 00c09300 DPL=0 DS   [-WA]
GS =0010 00000000 ffffffff 00c09300 DPL=0 DS   [-WA]
LDT=0000 00000000 0000ffff 00008200 DPL=0 LDT
TR =0000 00000000 0000ffff 00008b00 DPL=0 TSS32-busy
GDT=     000f7420 00000037
IDT=     000f745e 00000000
CR0=00000011 CR2=00000000 CR3=00000000 CR4=00000000
DR0=0000000000000000 DR1=0000000000000000 DR2=0000000000000000 DR3=0000000000000000 
DR6=00000000ffff0ff0 DR7=0000000000000400
CCS=00000044 CCD=00000000 CCO=EFLAGS
EFER=0000000000000000
SMM: enter
EAX=000000b5 EBX=000086c6 ECX=00005678 EDX=00000003
ESI=06f34130 EDI=06fff761 EBP=00006968 ESP=00006968
EIP=000f86c3 EFL=00000012 [----A--] CPL=0 II=0 A20=1 SMM=0 HLT=0
ES =0010 00000000 ffffffff 00c09300 DPL=0 DS   [-WA]
CS =0008 00000000 ffffffff 00c09b00 DPL=0 CS32 [-RA]
SS =0010 00000000 ffffffff 00c09300 DPL=0 DS   [-WA]
DS =0010 00000000 ffffffff 00c09300 DPL=0 DS   [-WA]
FS =0010 00000000 ffffffff 00c09300 DPL=0 DS   [-WA]
GS =0010 00000000 ffffffff 00c09300 DPL=0 DS   [-WA]
LDT=0000 00000000 0000ffff 00008200 DPL=0 LDT
TR =0000 00000000 0000ffff 00008b00 DPL=0 TSS32-busy
GDT=     000f7420 00000037
IDT=     000f745e 00000000
CR0=00000011 CR2=00000000 CR3=00000000 CR4=00000000
DR0=0000000000000000 DR1=0000000000000000 DR2=0000000000000000 DR3=0000000000000000 
DR6=00000000ffff0ff0 DR7=0000000000000400
CCS=00000008 CCD=00006954 CCO=ADDL
EFER=0000000000000000
SMM: after RSM
EAX=000000b5 EBX=000086c6 ECX=00005678 EDX=00000003
ESI=06f34130 EDI=06fff761 EBP=00006968 ESP=00006968
EIP=000086c6 EFL=00000002 [-------] CPL=0 II=0 A20=1 SMM=0 HLT=0
ES =de80 000de800 ffffffff 00809300
CS =f000 000f0000 ffffffff 00809b00
SS =0000 00000000 ffffffff 00809300
DS =0000 00000000 ffffffff 00809300
FS =0000 00000000 ffffffff 00809300
GS =c900 000c9000 ffffffff 00809300
LDT=0000 00000000 0000ffff 00008200
TR =0000 00000000 0000ffff 00008b00
GDT=     00000000 00000000
IDT=     00000000 000003ff
CR0=00000010 CR2=00000000 CR3=00000000 CR4=00000000
DR0=0000000000000000 DR1=0000000000000000 DR2=0000000000000000 DR3=0000000000000000 
DR6=00000000ffff0ff0 DR7=0000000000000400
CCS=00000000 CCD=00000001 CCO=EFLAGS
EFER=0000000000000000
Servicing hardware INT=0x08
Servicing hardware INT=0x08
Servicing hardware INT=0x08
Servicing hardware INT=0x08
Servicing hardware INT=0x08
Servicing hardware INT=0x09
Servicing hardware INT=0x08
Servicing hardware INT=0x08
Servicing hardware INT=0x08
Servicing hardware INT=0x08
Servicing hardware INT=0x08
Servicing hardware INT=0x08
Servicing hardware INT=0x08
Servicing hardware INT=0x08
Servicing hardware INT=0x09
Servicing hardware INT=0x08
Servicing hardware INT=0x21
     0: v=21 e=0000 i=0 cpl=0 IP=0028:ffffffff80001ae8 pc=ffffffff80001ae8 SP=0030:ffff800007fb3ec8 env->regs[R_EAX]=0000000000000020
RAX=0000000000000020 RBX=0000000000000000 RCX=0000000000000000 RDX=0000000000000064
RSI=0000000000000020 RDI=0000000000000064 RBP=ffff800007fb3ed0 RSP=ffff800007fb3ec8
R8 =0000000000000000 R9 =0000000000000000 R10=0000000000000000 R11=0000000000000000
R12=0000000000000000 R13=0000000000000000 R14=0000000000000000 R15=0000000000000000
RIP=ffffffff80001ae8 RFL=00000292 [--S-A--] CPL=0 II=0 A20=1 SMM=0 HLT=0
ES =0030 0000000000000000 00000000 00009300 DPL=0 DS   [-WA]
CS =0028 0000000000000000 00000000 00209b00 DPL=0 CS64 [-RA]
SS =0030 0000000000000000 00000000 00009300 DPL=0 DS   [-WA]
DS =0030 0000000000000000 00000000 00009300 DPL=0 DS   [-WA]
FS =0030 0000000000000000 00000000 00009300 DPL=0 DS   [-WA]
GS =0030 0000000000000000 00000000 00009300 DPL=0 DS   [-WA]
LDT=0000 0000000000000000 00000000 00008200 DPL=0 LDT
TR =0038 0000000000000000 00000000 00008900 DPL=0 TSS64-avl
GDT=     ffff800000018048 00000047
IDT=     ffffffff80007120 00000fff
CR0=80010011 CR2=0000000000000000 CR3=0000000007fa3000 CR4=00000020
DR0=0000000000000000 DR1=0000000000000000 DR2=0000000000000000 DR3=0000000000000000 
DR6=00000000ffff0ff0 DR7=0000000000000400
CCS=0000000000000008 CCD=ffff800007fb3ec8 CCO=SUBQ
EFER=0000000000000d00
Servicing hardware INT=0x21
     1: v=21 e=0000 i=0 cpl=0 IP=0028:ffffffff80001afe pc=ffffffff80001afe SP=0030:ffff800007fb3ea8 env->regs[R_EAX]=000000000000001d
RAX=000000000000001d RBX=0000000000000000 RCX=0000000000000000 RDX=0000000000000064
RSI=0000000000000020 RDI=0000000000000064 RBP=ffff800007fb3ec0 RSP=ffff800007fb3ea8
R8 =0000000000000000 R9 =0000000000000000 R10=0000000000000000 R11=0000000000000000
R12=0000000000000000 R13=0000000000000000 R14=0000000000000000 R15=0000000000000000
RIP=ffffffff80001afe RFL=00000292 [--S-A--] CPL=0 II=0 A20=1 SMM=0 HLT=0
ES =0030 0000000000000000 00000000 00009300 DPL=0 DS   [-WA]
CS =0028 0000000000000000 00000000 00209b00 DPL=0 CS64 [-RA]
SS =0030 0000000000000000 00000000 00009300 DPL=0 DS   [-WA]
DS =0030 0000000000000000 00000000 00009300 DPL=0 DS   [-WA]
FS =0030 0000000000000000 00000000 00009300 DPL=0 DS   [-WA]
GS =0030 0000000000000000 00000000 00009300 DPL=0 DS   [-WA]
LDT=0000 0000000000000000 00000000 00008200 DPL=0 LDT
TR =0038 0000000000000000 00000000 00008900 DPL=0 TSS64-avl
GDT=     ffff800000018048 00000047
IDT=     ffffffff80007120 00000fff
CR0=80010011 CR2=0000000000000000 CR3=0000000007fa3000 CR4=00000020
DR0=0000000000000000 DR1=0000000000000000 DR2=0000000000000000 DR3=0000000000000000 
DR6=00000000ffff0ff0 DR7=0000000000000400
CCS=0000000000000018 CCD=ffff800007fb3ea8 CCO=SUBQ
EFER=0000000000000d00
Servicing hardware INT=0x20
     2: v=20 e=0000 i=0 cpl=0 IP=0028:ffffffff80001afe pc=ffffffff80001afe SP=0030:ffff800007fb3ea8 env->regs[R_EAX]=000000000000001c
RAX=000000000000001c RBX=0000000000000000 RCX=0000000000000000 RDX=0000000000000064
RSI=0000000000000060 RDI=0000000000000064 RBP=ffff800007fb3ec0 RSP=ffff800007fb3ea8
R8 =0000000000000000 R9 =0000000000000000 R10=0000000000000000 R11=0000000000000000
R12=0000000000000000 R13=0000000000000000 R14=0000000000000000 R15=0000000000000000
RIP=ffffffff80001afe RFL=00000292 [--S-A--] CPL=0 II=0 A20=1 SMM=0 HLT=0
ES =0030 0000000000000000 00000000 00009300 DPL=0 DS   [-WA]
CS =0028 0000000000000000 00000000 00209b00 DPL=0 CS64 [-RA]
SS =0030 0000000000000000 00000000 00009300 DPL=0 DS   [-WA]
DS =0030 0000000000000000 00000000 00009300 DPL=0 DS   [-WA]
FS =0030 0000000000000000 00000000 00009300 DPL=0 DS   [-WA]
GS =0030 0000000000000000 00000000 00009300 DPL=0 DS   [-WA]
LDT=0000 0000000000000000 00000000 00008200 DPL=0 LDT
TR =0038 0000000000000000 00000000 00008900 DPL=0 TSS64-avl
GDT=     ffff800000018048 00000047
IDT=     ffffffff80007120 00000fff
CR0=80010011 CR2=0000000000000000 CR3=0000000007fa3000 CR4=00000020
DR0=0000000000000000 DR1=0000000000000000 DR2=0000000000000000 DR3=0000000000000000 
DR6=00000000ffff0ff0 DR7=0000000000000400
CCS=0000000000000090 CCD=ffff800007fb3ea8 CCO=EFLAGS
EFER=0000000000000d00
Servicing hardware INT=0x20
     3: v=20 e=0000 i=0 cpl=0 IP=0028:ffffffff80001afe pc=ffffffff80001afe SP=0030:ffff800007fb3ea8 env->regs[R_EAX]=000000000000001c
RAX=000000000000001c RBX=0000000000000000 RCX=0000000000000000 RDX=0000000000000064
RSI=0000000000000060 RDI=0000000000000064 RBP=ffff800007fb3ec0 RSP=ffff800007fb3ea8
R8 =0000000000000000 R9 =0000000000000000 R10=0000000000000000 R11=0000000000000000
R12=0000000000000000 R13=0000000000000000 R14=0000000000000000 R15=0000000000000000
RIP=ffffffff80001afe RFL=00000292 [--S-A--] CPL=0 II=0 A20=1 SMM=0 HLT=0
ES =0030 0000000000000000 00000000 00009300 DPL=0 DS   [-WA]
CS =0028 0000000000000000 00000000 00209b00 DPL=0 CS64 [-RA]
SS =0030 0000000000000000 00000000 00009300 DPL=0 DS   [-WA]
DS =0030 0000000000000000 00000000 00009300 DPL=0 DS   [-WA]
FS =0030 0000000000000000 00000000 00009300 DPL=0 DS   [-WA]
GS =0030 0000000000000000 00000000 00009300 DPL=0 DS   [-WA]
LDT=0000 0000000000000000 00000000 00008200 DPL=0 LDT
TR =0038 0000000000000000 00000000 00008900 DPL=0 TSS64-avl
GDT=     ffff800000018048 00000047
IDT=     ffffffff80007120 00000fff
CR0=80010011 CR2=0000000000000000 CR3=0000000007fa3000 CR4=00000020
DR0=0000000000000000 DR1=0000000000000000 DR2=0000000000000000 DR3=0000000000000000 
DR6=00000000ffff0ff0 DR7=0000000000000400
CCS=0000000000000090 CCD=ffff800007fb3ea8 CCO=EFLAGS
EFER=0000000000000d00
Servicing hardware INT=0x20
     4: v=20 e=0000 i=0 cpl=0 IP=0028:ffffffff80001afe pc=ffffffff80001afe SP=0030:ffff800007fb3ea8 env->regs[R_EAX]=000000000000001c
RAX=000000000000001c RBX=0000000000000000 RCX=0000000000000000 RDX=0000000000000064
RSI=0000000000000060 RDI=0000000000000064 RBP=ffff800007fb3ec0 RSP=ffff800007fb3ea8
R8 =0000000000000000 R9 =0000000000000000 R10=0000000000000000 R11=0000000000000000
R12=0000000000000000 R13=0000000000000000 R14=0000000000000000 R15=0000000000000000
RIP=ffffffff80001afe RFL=00000292 [--S-A--] CPL=0 II=0 A20=1 SMM=0 HLT=0
ES =0030 0000000000000000 00000000 00009300 DPL=0 DS   [-WA]
CS =0028 0000000000000000 00000000 00209b00 DPL=0 CS64 [-RA]
SS =0030 0000000000000000 00000000 00009300 DPL=0 DS   [-WA]
DS =0030 0000000000000000 00000000 00009300 DPL=0 DS   [-WA]
FS =0030 0000000000000000 00000000 00009300 DPL=0 DS   [-WA]
GS =0030 0000000000000000 00000000 00009300 DPL=0 DS   [-WA]
LDT=0000 0000000000000000 00000000 00008200 DPL=0 LDT
TR =0038 0000000000000000 00000000 00008900 DPL=0 TSS64-avl
GDT=     ffff800000018048 00000047
IDT=     ffffffff80007120 00000fff
CR0=80010011 CR2=0000000000000000 CR3=0000000007fa3000 CR4=00000020
DR0=0000000000000000 DR1=0000000000000000 DR2=0000000000000000 DR3=0000000000000000 
DR6=00000000ffff0ff0 DR7=0000000000000400
CCS=0000000000000090 CCD=ffff800007fb3ea8 CCO=EFLAGS
EFER=0000000000000d00
Servicing hardware INT=0x20
     5: v=20 e=0000 i=0 cpl=0 IP=0028:ffffffff80001afe pc=ffffffff80001afe SP=0030:ffff800007fb3ea8 env->regs[R_EAX]=000000000000001c
RAX=000000000000001c RBX=0000000000000000 RCX=0000000000000000 RDX=0000000000000064
RSI=0000000000000060 RDI=0000000000000064 RBP=ffff800007fb3ec0 RSP=ffff800007fb3ea8
R8 =0000000000000000 R9 =0000000000000000 R10=0000000000000000 R11=0000000000000000
R12=0000000000000000 R13=0000000000000000 R14=0000000000000000 R15=0000000000000000
RIP=ffffffff80001afe RFL=00000292 [--S-A--] CPL=0 II=0 A20=1 SMM=0 HLT=0
ES =0030 0000000000000000 00000000 00009300 DPL=0 DS   [-WA]
CS =0028 0000000000000000 00000000 00209b00 DPL=0 CS64 [-RA]
SS =0030 0000000000000000 00000000 00009300 DPL=0 DS   [-WA]
DS =0030 0000000000000000 00000000 00009300 DPL=0 DS   [-WA]
FS =0030 0000000000000000 00000000 00009300 DPL=0 DS   [-WA]
GS =0030 0000000000000000 00000000 00009300 DPL=0 DS   [-WA]
LDT=0000 0000000000000000 00000000 00008200 DPL=0 LDT
TR =0038 0000000000000000 00000000 00008900 DPL=0 TSS64-avl
GDT=     ffff800000018048 00000047
IDT=     ffffffff80007120 00000fff
CR0=80010011 CR2=0000000000000000 CR3=0000000007fa3000 CR4=00000020
DR0=0000000000000000 DR1=0000000000000000 DR2=0000000000000000 DR3=0000000000000000 
DR6=00000000ffff0ff0 DR7=0000000000000400
CCS=0000000000000090 CCD=ffff800007fb3ea8 CCO=EFLAGS
EFER=0000000000000d00
Servicing hardware INT=0x20
     6: v=20 e=0000 i=0 cpl=0 IP=0028:ffffffff80001afe pc=ffffffff80001afe SP=0030:ffff800007fb3ea8 env->regs[R_EAX]=000000000000001c
RAX=000000000000001c RBX=0000000000000000 RCX=0000000000000000 RDX=0000000000000064
RSI=0000000000000060 RDI=0000000000000064 RBP=ffff800007fb3ec0 RSP=ffff800007fb3ea8
R8 =0000000000000000 R9 =0000000000000000 R10=0000000000000000 R11=0000000000000000
R12=0000000000000000 R13=0000000000000000 R14=0000000000000000 R15=0000000000000000
RIP=ffffffff80001afe RFL=00000292 [--S-A--] CPL=0 II=0 A20=1 SMM=0 HLT=0
ES =0030 0000000000000000 00000000 00009300 DPL=0 DS   [-WA]
CS =0028 0000000000000000 00000000 00209b00 DPL=0 CS64 [-RA]
SS =0030 0000000000000000 00000000 00009300 DPL=0 DS   [-WA]
DS =0030 0000000000000000 00000000 00009300 DPL=0 DS   [-WA]
FS =0030 0000000000000000 00000000 00009300 DPL=0 DS   [-WA]
GS =0030 0000000000000000 00000000 00009300 DPL=0 DS   [-WA]
LDT=0000 0000000000000000 00000000 00008200 DPL=0 LDT
TR =0038 0000000000000000 00000000 00008900 DPL=0 TSS64-avl
GDT=     ffff800000018048 00000047
IDT=     ffffffff80007120 00000fff
CR0=80010011 CR2=0000000000000000 CR3=0000000007fa3000 CR4=00000020
DR0=0000000000000000 DR1=0000000000000000 DR2=0000000000000000 DR3=0000000000000000 
DR6=00000000ffff0ff0 DR7=0000000000000400
CCS=0000000000000090 CCD=ffff800007fb3ea8 CCO=EFLAGS
EFER=0000000000000d00
Servicing hardware INT=0x20
     7: v=20 e=0000 i=0 cpl=0 IP=0028:ffffffff80001afe pc=ffffffff80001afe SP=0030:ffff800007fb3ea8 env->regs[R_EAX]=000000000000001c
RAX=000000000000001c RBX=0000000000000000 RCX=0000000000000000 RDX=0000000000000064
RSI=0000000000000060 RDI=0000000000000064 RBP=ffff800007fb3ec0 RSP=ffff800007fb3ea8
R8 =0000000000000000 R9 =0000000000000000 R10=0000000000000000 R11=0000000000000000
R12=0000000000000000 R13=0000000000000000 R14=0000000000000000 R15=0000000000000000
RIP=ffffffff80001afe RFL=00000292 [--S-A--] CPL=0 II=0 A20=1 SMM=0 HLT=0
ES =0030 0000000000000000 00000000 00009300 DPL=0 DS   [-WA]
CS =0028 0000000000000000 00000000 00209b00 DPL=0 CS64 [-RA]
SS =0030 0000000000000000 00000000 00009300 DPL=0 DS   [-WA]
DS =0030 0000000000000000 00000000 00009300 DPL=0 DS   [-WA]
FS =0030 0000000000000000 00000000 00009300 DPL=0 DS   [-WA]
GS =0030 0000000000000000 00000000 00009300 DPL=0 DS   [-WA]
LDT=0000 0000000000000000 00000000 00008200 DPL=0 LDT
TR =0038 0000000000000000 00000000 00008900 DPL=0 TSS64-avl
GDT=     ffff800000018048 00000047
IDT=     ffffffff80007120 00000fff
CR0=80010011 CR2=0000000000000000 CR3=0000000007fa3000 CR4=00000020
DR0=0000000000000000 DR1=0000000000000000 DR2=0000000000000000 DR3=0000000000000000 
DR6=00000000ffff0ff0 DR7=0000000000000400
CCS=0000000000000090 CCD=ffff800007fb3ea8 CCO=EFLAGS
EFER=0000000000000d00
Servicing hardware INT=0x20
     8: v=20 e=0000 i=0 cpl=0 IP=0028:ffffffff80001afe pc=ffffffff80001afe SP=0030:ffff800007fb3ea8 env->regs[R_EAX]=000000000000001c
RAX=000000000000001c RBX=0000000000000000 RCX=0000000000000000 RDX=0000000000000064
RSI=0000000000000060 RDI=0000000000000064 RBP=ffff800007fb3ec0 RSP=ffff800007fb3ea8
R8 =0000000000000000 R9 =0000000000000000 R10=0000000000000000 R11=0000000000000000
R12=0000000000000000 R13=0000000000000000 R14=0000000000000000 R15=0000000000000000
RIP=ffffffff80001afe RFL=00000292 [--S-A--] CPL=0 II=0 A20=1 SMM=0 HLT=0
ES =0030 0000000000000000 00000000 00009300 DPL=0 DS   [-WA]
CS =0028 0000000000000000 00000000 00209b00 DPL=0 CS64 [-RA]
SS =0030 0000000000000000 00000000 00009300 DPL=0 DS   [-WA]
DS =0030 0000000000000000 00000000 00009300 DPL=0 DS   [-WA]
FS =0030 0000000000000000 00000000 00009300 DPL=0 DS   [-WA]
GS =0030 0000000000000000 00000000 00009300 DPL=0 DS   [-WA]
LDT=0000 0000000000000000 00000000 00008200 DPL=0 LDT
TR =0038 0000000000000000 00000000 00008900 DPL=0 TSS64-avl
GDT=     ffff800000018048 00000047
IDT=     ffffffff80007120 00000fff
CR0=80010011 CR2=0000000000000000 CR3=0000000007fa3000 CR4=00000020
DR0=0000000000000000 DR1=0000000000000000 DR2=0000000000000000 DR3=0000000000000000 
DR6=00000000ffff0ff0 DR7=0000000000000400
CCS=0000000000000090 CCD=ffff800007fb3ea8 CCO=EFLAGS
EFER=0000000000000d00
Servicing hardware INT=0x20
     9: v=20 e=0000 i=0 cpl=0 IP=0028:ffffffff80001afe pc=ffffffff80001afe SP=0030:ffff800007fb3ea8 env->regs[R_EAX]=000000000000001c
RAX=000000000000001c RBX=0000000000000000 RCX=0000000000000000 RDX=0000000000000064
RSI=0000000000000060 RDI=0000000000000064 RBP=ffff800007fb3ec0 RSP=ffff800007fb3ea8
R8 =0000000000000000 R9 =0000000000000000 R10=0000000000000000 R11=0000000000000000
R12=0000000000000000 R13=0000000000000000 R14=0000000000000000 R15=0000000000000000
RIP=ffffffff80001afe RFL=00000292 [--S-A--] CPL=0 II=0 A20=1 SMM=0 HLT=0
ES =0030 0000000000000000 00000000 00009300 DPL=0 DS   [-WA]
CS =0028 0000000000000000 00000000 00209b00 DPL=0 CS64 [-RA]
SS =0030 0000000000000000 00000000 00009300 DPL=0 DS   [-WA]
DS =0030 0000000000000000 00000000 00009300 DPL=0 DS   [-WA]
FS =0030 0000000000000000 00000000 00009300 DPL=0 DS   [-WA]
GS =0030 0000000000000000 00000000 00009300 DPL=0 DS   [-WA]
LDT=0000 0000000000000000 00000000 00008200 DPL=0 LDT
TR =0038 0000000000000000 00000000 00008900 DPL=0 TSS64-avl
GDT=     ffff800000018048 00000047
IDT=     ffffffff80007120 00000fff
CR0=80010011 CR2=0000000000000000 CR3=0000000007fa3000 CR4=00000020
DR0=0000000000000000 DR1=0000000000000000 DR2=0000000000000000 DR3=0000000000000000 
DR6=00000000ffff0ff0 DR7=0000000000000400
CCS=0000000000000090 CCD=ffff800007fb3ea8 CCO=EFLAGS
EFER=0000000000000d00
Servicing hardware INT=0x20
    10: v=20 e=0000 i=0 cpl=0 IP=0028:ffffffff80001afe pc=ffffffff80001afe SP=0030:ffff800007fb3ea8 env->regs[R_EAX]=000000000000001c
RAX=000000000000001c RBX=0000000000000000 RCX=0000000000000000 RDX=0000000000000064
RSI=0000000000000060 RDI=0000000000000064 RBP=ffff800007fb3ec0 RSP=ffff800007fb3ea8
R8 =0000000000000000 R9 =0000000000000000 R10=0000000000000000 R11=0000000000000000
R12=0000000000000000 R13=0000000000000000 R14=0000000000000000 R15=0000000000000000
RIP=ffffffff80001afe RFL=00000292 [--S-A--] CPL=0 II=0 A20=1 SMM=0 HLT=0
ES =0030 0000000000000000 00000000 00009300 DPL=0 DS   [-WA]
CS =0028 0000000000000000 00000000 00209b00 DPL=0 CS64 [-RA]
SS =0030 0000000000000000 00000000 00009300 DPL=0 DS   [-WA]
DS =0030 0000000000000000 00000000 00009300 DPL=0 DS   [-WA]
FS =0030 0000000000000000 00000000 00009300 DPL=0 DS   [-WA]
GS =0030 0000000000000000 00000000 00009300 DPL=0 DS   [-WA]
LDT=0000 0000000000000000 00000000 00008200 DPL=0 LDT
TR =0038 0000000000000000 00000000 00008900 DPL=0 TSS64-avl
GDT=     ffff800000018048 00000047
IDT=     ffffffff80007120 00000fff
CR0=80010011 CR2=0000000000000000 CR3=0000000007fa3000 CR4=00000020
DR0=0000000000000000 DR1=0000000000000000 DR2=0000000000000000 DR3=0000000000000000 
DR6=00000000ffff0ff0 DR7=0000000000000400
CCS=0000000000000090 CCD=ffff800007fb3ea8 CCO=EFLAGS
EFER=0000000000000d00
Servicing hardware INT=0x20
    11: v=20 e=0000 i=0 cpl=0 IP=0028:ffffffff80001afe pc=ffffffff80001afe SP=0030:ffff800007fb3ea8 env->regs[R_EAX]=000000000000001c
RAX=000000000000001c RBX=0000000000000000 RCX=0000000000000000 RDX=0000000000000064
RSI=0000000000000060 RDI=0000000000000064 RBP=ffff800007fb3ec0 RSP=ffff800007fb3ea8
R8 =0000000000000000 R9 =0000000000000000 R10=0000000000000000 R11=0000000000000000
R12=0000000000000000 R13=0000000000000000 R14=0000000000000000 R15=0000000000000000
RIP=ffffffff80001afe RFL=00000292 [--S-A--] CPL=0 II=0 A20=1 SMM=0 HLT=0
ES =0030 0000000000000000 00000000 00009300 DPL=0 DS   [-WA]
CS =0028 0000000000000000 00000000 00209b00 DPL=0 CS64 [-RA]
SS =0030 0000000000000000 00000000 00009300 DPL=0 DS   [-WA]
DS =0030 0000000000000000 00000000 00009300 DPL=0 DS   [-WA]
FS =0030 0000000000000000 00000000 00009300 DPL=0 DS   [-WA]
GS =0030 0000000000000000 00000000 00009300 DPL=0 DS   [-WA]
LDT=0000 0000000000000000 00000000 00008200 DPL=0 LDT
TR =0038 0000000000000000 00000000 00008900 DPL=0 TSS64-avl
GDT=     ffff800000018048 00000047
IDT=     ffffffff80007120 00000fff
CR0=80010011 CR2=0000000000000000 CR3=0000000007fa3000 CR4=00000020
DR0=0000000000000000 DR1=0000000000000000 DR2=0000000000000000 DR3=0000000000000000 
DR6=00000000ffff0ff0 DR7=0000000000000400
CCS=0000000000000090 CCD=ffff800007fb3ea8 CCO=EFLAGS
EFER=0000000000000d00
Servicing hardware INT=0x20
    12: v=20 e=0000 i=0 cpl=0 IP=0028:ffffffff80001afe pc=ffffffff80001afe SP=0030:ffff800007fb3ea8 env->regs[R_EAX]=000000000000001c
RAX=000000000000001c RBX=0000000000000000 RCX=0000000000000000 RDX=0000000000000064
RSI=0000000000000060 RDI=0000000000000064 RBP=ffff800007fb3ec0 RSP=ffff800007fb3ea8
R8 =0000000000000000 R9 =0000000000000000 R10=0000000000000000 R11=0000000000000000
R12=0000000000000000 R13=0000000000000000 R14=0000000000000000 R15=0000000000000000
RIP=ffffffff80001afe RFL=00000292 [--S-A--] CPL=0 II=0 A20=1 SMM=0 HLT=0
ES =0030 0000000000000000 00000000 00009300 DPL=0 DS   [-WA]
CS =0028 0000000000000000 00000000 00209b00 DPL=0 CS64 [-RA]
SS =0030 0000000000000000 00000000 00009300 DPL=0 DS   [-WA]
DS =0030 0000000000000000 00000000 00009300 DPL=0 DS   [-WA]
FS =0030 0000000000000000 00000000 00009300 DPL=0 DS   [-WA]
GS =0030 0000000000000000 00000000 00009300 DPL=0 DS   [-WA]
LDT=0000 0000000000000000 00000000 00008200 DPL=0 LDT
TR =0038 0000000000000000 00000000 00008900 DPL=0 TSS64-avl
GDT=     ffff800000018048 00000047
IDT=     ffffffff80007120 00000fff
CR0=80010011 CR2=0000000000000000 CR3=0000000007fa3000 CR4=00000020
DR0=0000000000000000 DR1=0000000000000000 DR2=0000000000000000 DR3=0000000000000000 
DR6=00000000ffff0ff0 DR7=0000000000000400
CCS=0000000000000090 CCD=ffff800007fb3ea8 CCO=EFLAGS
EFER=0000000000000d00
Servicing hardware INT=0x20
    13: v=20 e=0000 i=0 cpl=0 IP=0028:ffffffff80001afe pc=ffffffff80001afe SP=0030:ffff800007fb3ea8 env->regs[R_EAX]=000000000000001c
RAX=000000000000001c RBX=0000000000000000 RCX=0000000000000000 RDX=0000000000000064
RSI=0000000000000060 RDI=0000000000000064 RBP=ffff800007fb3ec0 RSP=ffff800007fb3ea8
R8 =0000000000000000 R9 =0000000000000000 R10=0000000000000000 R11=0000000000000000
R12=0000000000000000 R13=0000000000000000 R14=0000000000000000 R15=0000000000000000
RIP=ffffffff80001afe RFL=00000292 [--S-A--] CPL=0 II=0 A20=1 SMM=0 HLT=0
ES =0030 0000000000000000 00000000 00009300 DPL=0 DS   [-WA]
CS =0028 0000000000000000 00000000 00209b00 DPL=0 CS64 [-RA]
SS =0030 0000000000000000 00000000 00009300 DPL=0 DS   [-WA]
DS =0030 0000000000000000 00000000 00009300 DPL=0 DS   [-WA]
FS =0030 0000000000000000 00000000 00009300 DPL=0 DS   [-WA]
GS =0030 0000000000000000 00000000 00009300 DPL=0 DS   [-WA]
LDT=0000 0000000000000000 00000000 00008200 DPL=0 LDT
TR =0038 0000000000000000 00000000 00008900 DPL=0 TSS64-avl
GDT=     ffff800000018048 00000047
IDT=     ffffffff80007120 00000fff
CR0=80010011 CR2=0000000000000000 CR3=0000000007fa3000 CR4=00000020
DR0=0000000000000000 DR1=0000000000000000 DR2=0000000000000000 DR3=0000000000000000 
DR6=00000000ffff0ff0 DR7=0000000000000400
CCS=0000000000000090 CCD=ffff800007fb3ea8 CCO=EFLAGS
EFER=0000000000000d00
Servicing hardware INT=0x21
    14: v=21 e=0000 i=0 cpl=0 IP=0028:ffffffff80001afe pc=ffffffff80001afe SP=0030:ffff800007fb3ea8 env->regs[R_EAX]=000000000000001d
RAX=000000000000001d RBX=0000000000000000 RCX=0000000000000000 RDX=0000000000000064
RSI=0000000000000060 RDI=0000000000000064 RBP=ffff800007fb3ec0 RSP=ffff800007fb3ea8
R8 =0000000000000000 R9 =0000000000000000 R10=0000000000000000 R11=0000000000000000
R12=0000000000000000 R13=0000000000000000 R14=0000000000000000 R15=0000000000000000
RIP=ffffffff80001afe RFL=00000292 [--S-A--] CPL=0 II=0 A20=1 SMM=0 HLT=0
ES =0030 0000000000000000 00000000 00009300 DPL=0 DS   [-WA]
CS =0028 0000000000000000 00000000 00209b00 DPL=0 CS64 [-RA]
SS =0030 0000000000000000 00000000 00009300 DPL=0 DS   [-WA]
DS =0030 0000000000000000 00000000 00009300 DPL=0 DS   [-WA]
FS =0030 0000000000000000 00000000 00009300 DPL=0 DS   [-WA]
GS =0030 0000000000000000 00000000 00009300 DPL=0 DS   [-WA]
LDT=0000 0000000000000000 00000000 00008200 DPL=0 LDT
TR =0038 0000000000000000 00000000 00008900 DPL=0 TSS64-avl
GDT=     ffff800000018048 00000047
IDT=     ffffffff80007120 00000fff
CR0=80010011 CR2=0000000000000000 CR3=0000000007fa3000 CR4=00000020
DR0=0000000000000000 DR1=0000000000000000 DR2=0000000000000000 DR3=0000000000000000 
DR6=00000000ffff0ff0 DR7=0000000000000400
CCS=0000000000000018 CCD=ffff800007fb3ea8 CCO=SUBQ
EFER=0000000000000d00
Servicing hardware INT=0x20
    15: v=20 e=0000 i=0 cpl=0 IP=0028:ffffffff80001afe pc=ffffffff80001afe SP=0030:ffff800007fb3ea8 env->regs[R_EAX]=000000000000001c
RAX=000000000000001c RBX=0000000000000000 RCX=0000000000000000 RDX=0000000000000064
RSI=00000000000000ae RDI=0000000000000064 RBP=ffff800007fb3ec0 RSP=ffff800007fb3ea8
R8 =0000000000000000 R9 =0000000000000000 R10=0000000000000000 R11=0000000000000000
R12=0000000000000000 R13=0000000000000000 R14=0000000000000000 R15=0000000000000000
RIP=ffffffff80001afe RFL=00000292 [--S-A--] CPL=0 II=0 A20=1 SMM=0 HLT=0
ES =0030 0000000000000000 00000000 00009300 DPL=0 DS   [-WA]
CS =0028 0000000000000000 00000000 00209b00 DPL=0 CS64 [-RA]
SS =0030 0000000000000000 00000000 00009300 DPL=0 DS   [-WA]
DS =0030 0000000000000000 00000000 00009300 DPL=0 DS   [-WA]
FS =0030 0000000000000000 00000000 00009300 DPL=0 DS   [-WA]
GS =0030 0000000000000000 00000000 00009300 DPL=0 DS   [-WA]
LDT=0000 0000000000000000 00000000 00008200 DPL=0 LDT
TR =0038 0000000000000000 00000000 00008900 DPL=0 TSS64-avl
GDT=     ffff800000018048 00000047
IDT=     ffffffff80007120 00000fff
CR0=80010011 CR2=0000000000000000 CR3=0000000007fa3000 CR4=00000020
DR0=0000000000000000 DR1=0000000000000000 DR2=0000000000000000 DR3=0000000000000000 
DR6=00000000ffff0ff0 DR7=0000000000000400
CCS=0000000000000090 CCD=ffff800007fb3ea8 CCO=EFLAGS
EFER=0000000000000d00
Servicing hardware INT=0x20
    16: v=20 e=0000 i=0 cpl=0 IP=0028:ffffffff80001afe pc=ffffffff80001afe SP=0030:ffff800007fb3ea8 env->regs[R_EAX]=000000000000001c
RAX=000000000000001c RBX=0000000000000000 RCX=0000000000000000 RDX=0000000000000064
RSI=00000000000000ae RDI=0000000000000064 RBP=ffff800007fb3ec0 RSP=ffff800007fb3ea8
R8 =0000000000000000 R9 =0000000000000000 R10=0000000000000000 R11=0000000000000000
R12=0000000000000000 R13=0000000000000000 R14=0000000000000000 R15=0000000000000000
RIP=ffffffff80001afe RFL=00000292 [--S-A--] CPL=0 II=0 A20=1 SMM=0 HLT=0
ES =0030 0000000000000000 00000000 00009300 DPL=0 DS   [-WA]
CS =0028 0000000000000000 00000000 00209b00 DPL=0 CS64 [-RA]
SS =0030 0000000000000000 00000000 00009300 DPL=0 DS   [-WA]
DS =0030 0000000000000000 00000000 00009300 DPL=0 DS   [-WA]
FS =0030 0000000000000000 00000000 00009300 DPL=0 DS   [-WA]
GS =0030 0000000000000000 00000000 00009300 DPL=0 DS   [-WA]
LDT=0000 0000000000000000 00000000 00008200 DPL=0 LDT
TR =0038 0000000000000000 00000000 00008900 DPL=0 TSS64-avl
GDT=     ffff800000018048 00000047
IDT=     ffffffff80007120 00000fff
CR0=80010011 CR2=0000000000000000 CR3=0000000007fa3000 CR4=00000020
DR0=0000000000000000 DR1=0000000000000000 DR2=0000000000000000 DR3=0000000000000000 
DR6=00000000ffff0ff0 DR7=0000000000000400
CCS=0000000000000090 CCD=ffff800007fb3ea8 CCO=EFLAGS
EFER=0000000000000d00
Servicing hardware INT=0x21
    17: v=21 e=0000 i=0 cpl=0 IP=0028:ffffffff80001afe pc=ffffffff80001afe SP=0030:ffff800007fb3ea8 env->regs[R_EAX]=000000000000001d
RAX=000000000000001d RBX=0000000000000000 RCX=0000000000000000 RDX=0000000000000064
RSI=00000000000000ae RDI=0000000000000064 RBP=ffff800007fb3ec0 RSP=ffff800007fb3ea8
R8 =0000000000000000 R9 =0000000000000000 R10=0000000000000000 R11=0000000000000000
R12=0000000000000000 R13=0000000000000000 R14=0000000000000000 R15=0000000000000000
RIP=ffffffff80001afe RFL=00000292 [--S-A--] CPL=0 II=0 A20=1 SMM=0 HLT=0
ES =0030 0000000000000000 00000000 00009300 DPL=0 DS   [-WA]
CS =0028 0000000000000000 00000000 00209b00 DPL=0 CS64 [-RA]
SS =0030 0000000000000000 00000000 00009300 DPL=0 DS   [-WA]
DS =0030 0000000000000000 00000000 00009300 DPL=0 DS   [-WA]
FS =0030 0000000000000000 00000000 00009300 DPL=0 DS   [-WA]
GS =0030 0000000000000000 00000000 00009300 DPL=0 DS   [-WA]
LDT=0000 0000000000000000 00000000 00008200 DPL=0 LDT
TR =0038 0000000000000000 00000000 00008900 DPL=0 TSS64-avl
GDT=     ffff800000018048 00000047
IDT=     ffffffff80007120 00000fff
CR0=80010011 CR2=0000000000000000 CR3=0000000007fa3000 CR4=00000020
DR0=0000000000000000 DR1=0000000000000000 DR2=0000000000000000 DR3=0000000000000000 
DR6=00000000ffff0ff0 DR7=0000000000000400
CCS=0000000000000018 CCD=ffff800007fb3ea8 CCO=SUBQ
EFER=0000000000000d00
Servicing hardware INT=0x21
    18: v=21 e=0000 i=0 cpl=0 IP=0028:ffffffff80001afe pc=ffffffff80001afe SP=0030:ffff800007fb3ea8 env->regs[R_EAX]=000000000000001d
RAX=000000000000001d RBX=0000000000000000 RCX=0000000000000000 RDX=0000000000000064
RSI=00000000000000ae RDI=0000000000000064 RBP=ffff800007fb3ec0 RSP=ffff800007fb3ea8
R8 =0000000000000000 R9 =0000000000000000 R10=0000000000000000 R11=0000000000000000
R12=0000000000000000 R13=0000000000000000 R14=0000000000000000 R15=0000000000000000
RIP=ffffffff80001afe RFL=00010292 [--S-A--] CPL=0 II=0 A20=1 SMM=0 HLT=0
ES =0030 0000000000000000 00000000 00009300 DPL=0 DS   [-WA]
CS =0028 0000000000000000 00000000 00209b00 DPL=0 CS64 [-RA]
SS =0030 0000000000000000 00000000 00009300 DPL=0 DS   [-WA]
DS =0030 0000000000000000 00000000 00009300 DPL=0 DS   [-WA]
FS =0030 0000000000000000 00000000 00009300 DPL=0 DS   [-WA]
GS =0030 0000000000000000 00000000 00009300 DPL=0 DS   [-WA]
LDT=0000 0000000000000000 00000000 00008200 DPL=0 LDT
TR =0038 0000000000000000 00000000 00008900 DPL=0 TSS64-avl
GDT=     ffff800000018048 00000047
IDT=     ffffffff80007120 00000fff
CR0=80010011 CR2=0000000000000000 CR3=0000000007fa3000 CR4=00000020
DR0=0000000000000000 DR1=0000000000000000 DR2=0000000000000000 DR3=0000000000000000 
DR6=00000000ffff0ff0 DR7=0000000000000400
CCS=0000000000000090 CCD=ffff800007fb3e78 CCO=EFLAGS
EFER=0000000000000d00
Servicing hardware INT=0x21
    19: v=21 e=0000 i=0 cpl=0 IP=0028:ffffffff80001ae8 pc=ffffffff80001ae8 SP=0030:ffff800007fb3ec8 env->regs[R_EAX]=00000000000000f4
RAX=00000000000000f4 RBX=0000000000000000 RCX=0000000000000000 RDX=0000000000000060
RSI=00000000000000f4 RDI=0000000000000060 RBP=ffff800007fb3ed0 RSP=ffff800007fb3ec8
R8 =0000000000000000 R9 =0000000000000000 R10=0000000000000000 R11=0000000000000000
R12=0000000000000000 R13=0000000000000000 R14=0000000000000000 R15=0000000000000000
RIP=ffffffff80001ae8 RFL=00000292 [--S-A--] CPL=0 II=0 A20=1 SMM=0 HLT=0
ES =0030 0000000000000000 00000000 00009300 DPL=0 DS   [-WA]
CS =0028 0000000000000000 00000000 00209b00 DPL=0 CS64 [-RA]
SS =0030 0000000000000000 00000000 00009300 DPL=0 DS   [-WA]
DS =0030 0000000000000000 00000000 00009300 DPL=0 DS   [-WA]
FS =0030 0000000000000000 00000000 00009300 DPL=0 DS   [-WA]
GS =0030 0000000000000000 00000000 00009300 DPL=0 DS   [-WA]
LDT=0000 0000000000000000 00000000 00008200 DPL=0 LDT
TR =0038 0000000000000000 00000000 00008900 DPL=0 TSS64-avl
GDT=     ffff800000018048 00000047
IDT=     ffffffff80007120 00000fff
CR0=80010011 CR2=0000000000000000 CR3=0000000007fa3000 CR4=00000020
DR0=0000000000000000 DR1=0000000000000000 DR2=0000000000000000 DR3=0000000000000000 
DR6=00000000ffff0ff0 DR7=0000000000000400
CCS=0000000000000008 CCD=ffff800007fb3ec8 CCO=SUBQ
EFER=0000000000000d00
Servicing hardware INT=0x20
    20: v=20 e=0000 i=0 cpl=0 IP=0028:ffffffff80001afe pc=ffffffff80001afe SP=0030:ffff800007fb3ea8 env->regs[R_EAX]=000000000000001c
RAX=000000000000001c RBX=0000000000000000 RCX=0000000000000000 RDX=0000000000000064
RSI=00000000000000f4 RDI=0000000000000064 RBP=ffff800007fb3ec0 RSP=ffff800007fb3ea8
R8 =0000000000000000 R9 =0000000000000000 R10=0000000000000000 R11=0000000000000000
R12=0000000000000000 R13=0000000000000000 R14=0000000000000000 R15=0000000000000000
RIP=ffffffff80001afe RFL=00000292 [--S-A--] CPL=0 II=0 A20=1 SMM=0 HLT=0
ES =0030 0000000000000000 00000000 00009300 DPL=0 DS   [-WA]
CS =0028 0000000000000000 00000000 00209b00 DPL=0 CS64 [-RA]
SS =0030 0000000000000000 00000000 00009300 DPL=0 DS   [-WA]
DS =0030 0000000000000000 00000000 00009300 DPL=0 DS   [-WA]
FS =0030 0000000000000000 00000000 00009300 DPL=0 DS   [-WA]
GS =0030 0000000000000000 00000000 00009300 DPL=0 DS   [-WA]
LDT=0000 0000000000000000 00000000 00008200 DPL=0 LDT
TR =0038 0000000000000000 00000000 00008900 DPL=0 TSS64-avl
GDT=     ffff800000018048 00000047
IDT=     ffffffff80007120 00000fff
CR0=80010011 CR2=0000000000000000 CR3=0000000007fa3000 CR4=00000020
DR0=0000000000000000 DR1=0000000000000000 DR2=0000000000000000 DR3=0000000000000000 
DR6=00000000ffff0ff0 DR7=0000000000000400
CCS=0000000000000090 CCD=ffff800007fb3ea8 CCO=EFLAGS
EFER=0000000000000d00
Servicing hardware INT=0x20
    21: v=20 e=0000 i=0 cpl=0 IP=0028:ffffffff80001afe pc=ffffffff80001afe SP=0030:ffff800007fb3ea8 env->regs[R_EAX]=000000000000001c
RAX=000000000000001c RBX=0000000000000000 RCX=0000000000000000 RDX=0000000000000064
RSI=00000000000000f4 RDI=0000000000000064 RBP=ffff800007fb3ec0 RSP=ffff800007fb3ea8
R8 =0000000000000000 R9 =0000000000000000 R10=0000000000000000 R11=0000000000000000
R12=0000000000000000 R13=0000000000000000 R14=0000000000000000 R15=0000000000000000
RIP=ffffffff80001afe RFL=00000292 [--S-A--] CPL=0 II=0 A20=1 SMM=0 HLT=0
ES =0030 0000000000000000 00000000 00009300 DPL=0 DS   [-WA]
CS =0028 0000000000000000 00000000 00209b00 DPL=0 CS64 [-RA]
SS =0030 0000000000000000 00000000 00009300 DPL=0 DS   [-WA]
DS =0030 0000000000000000 00000000 00009300 DPL=0 DS   [-WA]
FS =0030 0000000000000000 00000000 00009300 DPL=0 DS   [-WA]
GS =0030 0000000000000000 00000000 00009300 DPL=0 DS   [-WA]
LDT=0000 0000000000000000 00000000 00008200 DPL=0 LDT
TR =0038 0000000000000000 00000000 00008900 DPL=0 TSS64-avl
GDT=     ffff800000018048 00000047
IDT=     ffffffff80007120 00000fff
CR0=80010011 CR2=0000000000000000 CR3=0000000007fa3000 CR4=00000020
DR0=0000000000000000 DR1=0000000000000000 DR2=0000000000000000 DR3=0000000000000000 
DR6=00000000ffff0ff0 DR7=0000000000000400
CCS=0000000000000090 CCD=ffff800007fb3ea8 CCO=EFLAGS
EFER=0000000000000d00
Servicing hardware INT=0x20
    22: v=20 e=0000 i=0 cpl=0 IP=0028:ffffffff80001afe pc=ffffffff80001afe SP=0030:ffff800007fb3ea8 env->regs[R_EAX]=000000000000001c
RAX=000000000000001c RBX=0000000000000000 RCX=0000000000000000 RDX=0000000000000064
RSI=00000000000000f4 RDI=0000000000000064 RBP=ffff800007fb3ec0 RSP=ffff800007fb3ea8
R8 =0000000000000000 R9 =0000000000000000 R10=0000000000000000 R11=0000000000000000
R12=0000000000000000 R13=0000000000000000 R14=0000000000000000 R15=0000000000000000
RIP=ffffffff80001afe RFL=00000292 [--S-A--] CPL=0 II=0 A20=1 SMM=0 HLT=0
ES =0030 0000000000000000 00000000 00009300 DPL=0 DS   [-WA]
CS =0028 0000000000000000 00000000 00209b00 DPL=0 CS64 [-RA]
SS =0030 0000000000000000 00000000 00009300 DPL=0 DS   [-WA]
DS =0030 0000000000000000 00000000 00009300 DPL=0 DS   [-WA]
FS =0030 0000000000000000 00000000 00009300 DPL=0 DS   [-WA]
GS =0030 0000000000000000 00000000 00009300 DPL=0 DS   [-WA]
LDT=0000 0000000000000000 00000000 00008200 DPL=0 LDT
TR =0038 0000000000000000 00000000 00008900 DPL=0 TSS64-avl
GDT=     ffff800000018048 00000047
IDT=     ffffffff80007120 00000fff
CR0=80010011 CR2=0000000000000000 CR3=0000000007fa3000 CR4=00000020
DR0=0000000000000000 DR1=0000000000000000 DR2=0000000000000000 DR3=0000000000000000 
DR6=00000000ffff0ff0 DR7=0000000000000400
CCS=0000000000000090 CCD=ffff800007fb3ea8 CCO=EFLAGS
EFER=0000000000000d00
Servicing hardware INT=0x20
    23: v=20 e=0000 i=0 cpl=0 IP=0028:ffffffff80001afe pc=ffffffff80001afe SP=0030:ffff800007fb3ea8 env->regs[R_EAX]=000000000000001c
RAX=000000000000001c RBX=0000000000000000 RCX=0000000000000000 RDX=0000000000000064
RSI=00000000000000f4 RDI=0000000000000064 RBP=ffff800007fb3ec0 RSP=ffff800007fb3ea8
R8 =0000000000000000 R9 =0000000000000000 R10=0000000000000000 R11=0000000000000000
R12=0000000000000000 R13=0000000000000000 R14=0000000000000000 R15=0000000000000000
RIP=ffffffff80001afe RFL=00000292 [--S-A--] CPL=0 II=0 A20=1 SMM=0 HLT=0
ES =0030 0000000000000000 00000000 00009300 DPL=0 DS   [-WA]
CS =0028 0000000000000000 00000000 00209b00 DPL=0 CS64 [-RA]
SS =0030 0000000000000000 00000000 00009300 DPL=0 DS   [-WA]
DS =0030 0000000000000000 00000000 00009300 DPL=0 DS   [-WA]
FS =0030 0000000000000000 00000000 00009300 DPL=0 DS   [-WA]
GS =0030 0000000000000000 00000000 00009300 DPL=0 DS   [-WA]
LDT=0000 0000000000000000 00000000 00008200 DPL=0 LDT
TR =0038 0000000000000000 00000000 00008900 DPL=0 TSS64-avl
GDT=     ffff800000018048 00000047
IDT=     ffffffff80007120 00000fff
CR0=80010011 CR2=0000000000000000 CR3=0000000007fa3000 CR4=00000020
DR0=0000000000000000 DR1=0000000000000000 DR2=0000000000000000 DR3=0000000000000000 
DR6=00000000ffff0ff0 DR7=0000000000000400
CCS=0000000000000090 CCD=ffff800007fb3ea8 CCO=EFLAGS
EFER=0000000000000d00
Servicing hardware INT=0x20
    24: v=20 e=0000 i=0 cpl=0 IP=0028:ffffffff80001afe pc=ffffffff80001afe SP=0030:ffff800007fb3ea8 env->regs[R_EAX]=000000000000001c
RAX=000000000000001c RBX=0000000000000000 RCX=0000000000000000 RDX=0000000000000064
RSI=00000000000000f4 RDI=0000000000000064 RBP=ffff800007fb3ec0 RSP=ffff800007fb3ea8
R8 =0000000000000000 R9 =0000000000000000 R10=0000000000000000 R11=0000000000000000
R12=0000000000000000 R13=0000000000000000 R14=0000000000000000 R15=0000000000000000
RIP=ffffffff80001afe RFL=00000292 [--S-A--] CPL=0 II=0 A20=1 SMM=0 HLT=0
ES =0030 0000000000000000 00000000 00009300 DPL=0 DS   [-WA]
CS =0028 0000000000000000 00000000 00209b00 DPL=0 CS64 [-RA]
SS =0030 0000000000000000 00000000 00009300 DPL=0 DS   [-WA]
DS =0030 0000000000000000 00000000 00009300 DPL=0 DS   [-WA]
FS =0030 0000000000000000 00000000 00009300 DPL=0 DS   [-WA]
GS =0030 0000000000000000 00000000 00009300 DPL=0 DS   [-WA]
LDT=0000 0000000000000000 00000000 00008200 DPL=0 LDT
TR =0038 0000000000000000 00000000 00008900 DPL=0 TSS64-avl
GDT=     ffff800000018048 00000047
IDT=     ffffffff80007120 00000fff
CR0=80010011 CR2=0000000000000000 CR3=0000000007fa3000 CR4=00000020
DR0=0000000000000000 DR1=0000000000000000 DR2=0000000000000000 DR3=0000000000000000 
DR6=00000000ffff0ff0 DR7=0000000000000400
CCS=0000000000000090 CCD=ffff800007fb3ea8 CCO=EFLAGS
EFER=0000000000000d00
Servicing hardware INT=0x20
    25: v=20 e=0000 i=0 cpl=0 IP=0028:ffffffff80001afe pc=ffffffff80001afe SP=0030:ffff800007fb3ea8 env->regs[R_EAX]=000000000000001c
RAX=000000000000001c RBX=0000000000000000 RCX=0000000000000000 RDX=0000000000000064
RSI=00000000000000f4 RDI=0000000000000064 RBP=ffff800007fb3ec0 RSP=ffff800007fb3ea8
R8 =0000000000000000 R9 =0000000000000000 R10=0000000000000000 R11=0000000000000000
R12=0000000000000000 R13=0000000000000000 R14=0000000000000000 R15=0000000000000000
RIP=ffffffff80001afe RFL=00000292 [--S-A--] CPL=0 II=0 A20=1 SMM=0 HLT=0
ES =0030 0000000000000000 00000000 00009300 DPL=0 DS   [-WA]
CS =0028 0000000000000000 00000000 00209b00 DPL=0 CS64 [-RA]
SS =0030 0000000000000000 00000000 00009300 DPL=0 DS   [-WA]
DS =0030 0000000000000000 00000000 00009300 DPL=0 DS   [-WA]
FS =0030 0000000000000000 00000000 00009300 DPL=0 DS   [-WA]
GS =0030 0000000000000000 00000000 00009300 DPL=0 DS   [-WA]
LDT=0000 0000000000000000 00000000 00008200 DPL=0 LDT
TR =0038 0000000000000000 00000000 00008900 DPL=0 TSS64-avl
GDT=     ffff800000018048 00000047
IDT=     ffffffff80007120 00000fff
CR0=80010011 CR2=0000000000000000 CR3=0000000007fa3000 CR4=00000020
DR0=0000000000000000 DR1=0000000000000000 DR2=0000000000000000 DR3=0000000000000000 
DR6=00000000ffff0ff0 DR7=0000000000000400
CCS=0000000000000090 CCD=ffff800007fb3ea8 CCO=EFLAGS
EFER=0000000000000d00
Servicing hardware INT=0x20
    26: v=20 e=0000 i=0 cpl=0 IP=0028:ffffffff80001afe pc=ffffffff80001afe SP=0030:ffff800007fb3ea8 env->regs[R_EAX]=000000000000001c
RAX=000000000000001c RBX=0000000000000000 RCX=0000000000000000 RDX=0000000000000064
RSI=00000000000000f4 RDI=0000000000000064 RBP=ffff800007fb3ec0 RSP=ffff800007fb3ea8
R8 =0000000000000000 R9 =0000000000000000 R10=0000000000000000 R11=0000000000000000
R12=0000000000000000 R13=0000000000000000 R14=0000000000000000 R15=0000000000000000
RIP=ffffffff80001afe RFL=00000292 [--S-A--] CPL=0 II=0 A20=1 SMM=0 HLT=0
ES =0030 0000000000000000 00000000 00009300 DPL=0 DS   [-WA]
CS =0028 0000000000000000 00000000 00209b00 DPL=0 CS64 [-RA]
SS =0030 0000000000000000 00000000 00009300 DPL=0 DS   [-WA]
DS =0030 0000000000000000 00000000 00009300 DPL=0 DS   [-WA]
FS =0030 0000000000000000 00000000 00009300 DPL=0 DS   [-WA]
GS =0030 0000000000000000 00000000 00009300 DPL=0 DS   [-WA]
LDT=0000 0000000000000000 00000000 00008200 DPL=0 LDT
TR =0038 0000000000000000 00000000 00008900 DPL=0 TSS64-avl
GDT=     ffff800000018048 00000047
IDT=     ffffffff80007120 00000fff
CR0=80010011 CR2=0000000000000000 CR3=0000000007fa3000 CR4=00000020
DR0=0000000000000000 DR1=0000000000000000 DR2=0000000000000000 DR3=0000000000000000 
DR6=00000000ffff0ff0 DR7=0000000000000400
CCS=0000000000000090 CCD=ffff800007fb3ea8 CCO=EFLAGS
EFER=0000000000000d00
Servicing hardware INT=0x20
    27: v=20 e=0000 i=0 cpl=0 IP=0028:ffffffff80001afe pc=ffffffff80001afe SP=0030:ffff800007fb3ea8 env->regs[R_EAX]=000000000000001c
RAX=000000000000001c RBX=0000000000000000 RCX=0000000000000000 RDX=0000000000000064
RSI=00000000000000f4 RDI=0000000000000064 RBP=ffff800007fb3ec0 RSP=ffff800007fb3ea8
R8 =0000000000000000 R9 =0000000000000000 R10=0000000000000000 R11=0000000000000000
R12=0000000000000000 R13=0000000000000000 R14=0000000000000000 R15=0000000000000000
RIP=ffffffff80001afe RFL=00000292 [--S-A--] CPL=0 II=0 A20=1 SMM=0 HLT=0
ES =0030 0000000000000000 00000000 00009300 DPL=0 DS   [-WA]
CS =0028 0000000000000000 00000000 00209b00 DPL=0 CS64 [-RA]
SS =0030 0000000000000000 00000000 00009300 DPL=0 DS   [-WA]
DS =0030 0000000000000000 00000000 00009300 DPL=0 DS   [-WA]
FS =0030 0000000000000000 00000000 00009300 DPL=0 DS   [-WA]
GS =0030 0000000000000000 00000000 00009300 DPL=0 DS   [-WA]
LDT=0000 0000000000000000 00000000 00008200 DPL=0 LDT
TR =0038 0000000000000000 00000000 00008900 DPL=0 TSS64-avl
GDT=     ffff800000018048 00000047
IDT=     ffffffff80007120 00000fff
CR0=80010011 CR2=0000000000000000 CR3=0000000007fa3000 CR4=00000020
DR0=0000000000000000 DR1=0000000000000000 DR2=0000000000000000 DR3=0000000000000000 
DR6=00000000ffff0ff0 DR7=0000000000000400
CCS=0000000000000090 CCD=ffff800007fb3ea8 CCO=EFLAGS
EFER=0000000000000d00
Servicing hardware INT=0x20
    28: v=20 e=0000 i=0 cpl=0 IP=0028:ffffffff80001afe pc=ffffffff80001afe SP=0030:ffff800007fb3ea8 env->regs[R_EAX]=000000000000001c
RAX=000000000000001c RBX=0000000000000000 RCX=0000000000000000 RDX=0000000000000064
RSI=00000000000000f4 RDI=0000000000000064 RBP=ffff800007fb3ec0 RSP=ffff800007fb3ea8
R8 =0000000000000000 R9 =0000000000000000 R10=0000000000000000 R11=0000000000000000
R12=0000000000000000 R13=0000000000000000 R14=0000000000000000 R15=0000000000000000
RIP=ffffffff80001afe RFL=00000292 [--S-A--] CPL=0 II=0 A20=1 SMM=0 HLT=0
ES =0030 0000000000000000 00000000 00009300 DPL=0 DS   [-WA]
CS =0028 0000000000000000 00000000 00209b00 DPL=0 CS64 [-RA]
SS =0030 0000000000000000 00000000 00009300 DPL=0 DS   [-WA]
DS =0030 0000000000000000 00000000 00009300 DPL=0 DS   [-WA]
FS =0030 0000000000000000 00000000 00009300 DPL=0 DS   [-WA]
GS =0030 0000000000000000 00000000 00009300 DPL=0 DS   [-WA]
LDT=0000 0000000000000000 00000000 00008200 DPL=0 LDT
TR =0038 0000000000000000 00000000 00008900 DPL=0 TSS64-avl
GDT=     ffff800000018048 00000047
IDT=     ffffffff80007120 00000fff
CR0=80010011 CR2=0000000000000000 CR3=0000000007fa3000 CR4=00000020
DR0=0000000000000000 DR1=0000000000000000 DR2=0000000000000000 DR3=0000000000000000 
DR6=00000000ffff0ff0 DR7=0000000000000400
CCS=0000000000000090 CCD=ffff800007fb3ea8 CCO=EFLAGS
EFER=0000000000000d00
Servicing hardware INT=0x20
    29: v=20 e=0000 i=0 cpl=0 IP=0028:ffffffff80001afe pc=ffffffff80001afe SP=0030:ffff800007fb3ea8 env->regs[R_EAX]=000000000000001c
RAX=000000000000001c RBX=0000000000000000 RCX=0000000000000000 RDX=0000000000000064
RSI=00000000000000f4 RDI=0000000000000064 RBP=ffff800007fb3ec0 RSP=ffff800007fb3ea8
R8 =0000000000000000 R9 =0000000000000000 R10=0000000000000000 R11=0000000000000000
R12=0000000000000000 R13=0000000000000000 R14=0000000000000000 R15=0000000000000000
RIP=ffffffff80001afe RFL=00000292 [--S-A--] CPL=0 II=0 A20=1 SMM=0 HLT=0
ES =0030 0000000000000000 00000000 00009300 DPL=0 DS   [-WA]
CS =0028 0000000000000000 00000000 00209b00 DPL=0 CS64 [-RA]
SS =0030 0000000000000000 00000000 00009300 DPL=0 DS   [-WA]
DS =0030 0000000000000000 00000000 00009300 DPL=0 DS   [-WA]
FS =0030 0000000000000000 00000000 00009300 DPL=0 DS   [-WA]
GS =0030 0000000000000000 00000000 00009300 DPL=0 DS   [-WA]
LDT=0000 0000000000000000 00000000 00008200 DPL=0 LDT
TR =0038 0000000000000000 00000000 00008900 DPL=0 TSS64-avl
GDT=     ffff800000018048 00000047
IDT=     ffffffff80007120 00000fff
CR0=80010011 CR2=0000000000000000 CR3=0000000007fa3000 CR4=00000020
DR0=0000000000000000 DR1=0000000000000000 DR2=0000000000000000 DR3=0000000000000000 
DR6=00000000ffff0ff0 DR7=0000000000000400
CCS=0000000000000090 CCD=ffff800007fb3ea8 CCO=EFLAGS
EFER=0000000000000d00
Servicing hardware INT=0x20
    30: v=20 e=0000 i=0 cpl=0 IP=0028:ffffffff80001afe pc=ffffffff80001afe SP=0030:ffff800007fb3ea8 env->regs[R_EAX]=000000000000001c
RAX=000000000000001c RBX=0000000000000000 RCX=0000000000000000 RDX=0000000000000064
RSI=00000000000000f4 RDI=0000000000000064 RBP=ffff800007fb3ec0 RSP=ffff800007fb3ea8
R8 =0000000000000000 R9 =0000000000000000 R10=0000000000000000 R11=0000000000000000
R12=0000000000000000 R13=0000000000000000 R14=0000000000000000 R15=0000000000000000
RIP=ffffffff80001afe RFL=00000292 [--S-A--] CPL=0 II=0 A20=1 SMM=0 HLT=0
ES =0030 0000000000000000 00000000 00009300 DPL=0 DS   [-WA]
CS =0028 0000000000000000 00000000 00209b00 DPL=0 CS64 [-RA]
SS =0030 0000000000000000 00000000 00009300 DPL=0 DS   [-WA]
DS =0030 0000000000000000 00000000 00009300 DPL=0 DS   [-WA]
FS =0030 0000000000000000 00000000 00009300 DPL=0 DS   [-WA]
GS =0030 0000000000000000 00000000 00009300 DPL=0 DS   [-WA]
LDT=0000 0000000000000000 00000000 00008200 DPL=0 LDT
TR =0038 0000000000000000 00000000 00008900 DPL=0 TSS64-avl
GDT=     ffff800000018048 00000047
IDT=     ffffffff80007120 00000fff
CR0=80010011 CR2=0000000000000000 CR3=0000000007fa3000 CR4=00000020
DR0=0000000000000000 DR1=0000000000000000 DR2=0000000000000000 DR3=0000000000000000 
DR6=00000000ffff0ff0 DR7=0000000000000400
CCS=0000000000000090 CCD=ffff800007fb3ea8 CCO=EFLAGS
EFER=0000000000000d00
Servicing hardware INT=0x20
    31: v=20 e=0000 i=0 cpl=0 IP=0028:ffffffff80001afe pc=ffffffff80001afe SP=0030:ffff800007fb3ea8 env->regs[R_EAX]=000000000000001c
RAX=000000000000001c RBX=0000000000000000 RCX=0000000000000000 RDX=0000000000000064
RSI=00000000000000f4 RDI=0000000000000064 RBP=ffff800007fb3ec0 RSP=ffff800007fb3ea8
R8 =0000000000000000 R9 =0000000000000000 R10=0000000000000000 R11=0000000000000000
R12=0000000000000000 R13=0000000000000000 R14=0000000000000000 R15=0000000000000000
RIP=ffffffff80001afe RFL=00000292 [--S-A--] CPL=0 II=0 A20=1 SMM=0 HLT=0
ES =0030 0000000000000000 00000000 00009300 DPL=0 DS   [-WA]
CS =0028 0000000000000000 00000000 00209b00 DPL=0 CS64 [-RA]
SS =0030 0000000000000000 00000000 00009300 DPL=0 DS   [-WA]
DS =0030 0000000000000000 00000000 00009300 DPL=0 DS   [-WA]
FS =0030 0000000000000000 00000000 00009300 DPL=0 DS   [-WA]
GS =0030 0000000000000000 00000000 00009300 DPL=0 DS   [-WA]
LDT=0000 0000000000000000 00000000 00008200 DPL=0 LDT
TR =0038 0000000000000000 00000000 00008900 DPL=0 TSS64-avl
GDT=     ffff800000018048 00000047
IDT=     ffffffff80007120 00000fff
CR0=80010011 CR2=0000000000000000 CR3=0000000007fa3000 CR4=00000020
DR0=0000000000000000 DR1=0000000000000000 DR2=0000000000000000 DR3=0000000000000000 
DR6=00000000ffff0ff0 DR7=0000000000000400
CCS=0000000000000090 CCD=ffff800007fb3ea8 CCO=EFLAGS
EFER=0000000000000d00
Servicing hardware INT=0x20
    32: v=20 e=0000 i=0 cpl=0 IP=0028:ffffffff80001afe pc=ffffffff80001afe SP=0030:ffff800007fb3ea8 env->regs[R_EAX]=000000000000001c
RAX=000000000000001c RBX=0000000000000000 RCX=0000000000000000 RDX=0000000000000064
RSI=00000000000000f4 RDI=0000000000000064 RBP=ffff800007fb3ec0 RSP=ffff800007fb3ea8
R8 =0000000000000000 R9 =0000000000000000 R10=0000000000000000 R11=0000000000000000
R12=0000000000000000 R13=0000000000000000 R14=0000000000000000 R15=0000000000000000
RIP=ffffffff80001afe RFL=00000292 [--S-A--] CPL=0 II=0 A20=1 SMM=0 HLT=0
ES =0030 0000000000000000 00000000 00009300 DPL=0 DS   [-WA]
CS =0028 0000000000000000 00000000 00209b00 DPL=0 CS64 [-RA]
SS =0030 0000000000000000 00000000 00009300 DPL=0 DS   [-WA]
DS =0030 0000000000000000 00000000 00009300 DPL=0 DS   [-WA]
FS =0030 0000000000000000 00000000 00009300 DPL=0 DS   [-WA]
GS =0030 0000000000000000 00000000 00009300 DPL=0 DS   [-WA]
LDT=0000 0000000000000000 00000000 00008200 DPL=0 LDT
TR =0038 0000000000000000 00000000 00008900 DPL=0 TSS64-avl
GDT=     ffff800000018048 00000047
IDT=     ffffffff80007120 00000fff
CR0=80010011 CR2=0000000000000000 CR3=0000000007fa3000 CR4=00000020
DR0=0000000000000000 DR1=0000000000000000 DR2=0000000000000000 DR3=0000000000000000 
DR6=00000000ffff0ff0 DR7=0000000000000400
CCS=0000000000000090 CCD=ffff800007fb3ea8 CCO=EFLAGS
EFER=0000000000000d00
Servicing hardware INT=0x20
    33: v=20 e=0000 i=0 cpl=0 IP=0028:ffffffff80001afe pc=ffffffff80001afe SP=0030:ffff800007fb3ea8 env->regs[R_EAX]=000000000000001c
RAX=000000000000001c RBX=0000000000000000 RCX=0000000000000000 RDX=0000000000000064
RSI=00000000000000f4 RDI=0000000000000064 RBP=ffff800007fb3ec0 RSP=ffff800007fb3ea8
R8 =0000000000000000 R9 =0000000000000000 R10=0000000000000000 R11=0000000000000000
R12=0000000000000000 R13=0000000000000000 R14=0000000000000000 R15=0000000000000000
RIP=ffffffff80001afe RFL=00000292 [--S-A--] CPL=0 II=0 A20=1 SMM=0 HLT=0
ES =0030 0000000000000000 00000000 00009300 DPL=0 DS   [-WA]
CS =0028 0000000000000000 00000000 00209b00 DPL=0 CS64 [-RA]
SS =0030 0000000000000000 00000000 00009300 DPL=0 DS   [-WA]
DS =0030 0000000000000000 00000000 00009300 DPL=0 DS   [-WA]
FS =0030 0000000000000000 00000000 00009300 DPL=0 DS   [-WA]
GS =0030 0000000000000000 00000000 00009300 DPL=0 DS   [-WA]
LDT=0000 0000000000000000 00000000 00008200 DPL=0 LDT
TR =0038 0000000000000000 00000000 00008900 DPL=0 TSS64-avl
GDT=     ffff800000018048 00000047
IDT=     ffffffff80007120 00000fff
CR0=80010011 CR2=0000000000000000 CR3=0000000007fa3000 CR4=00000020
DR0=0000000000000000 DR1=0000000000000000 DR2=0000000000000000 DR3=0000000000000000 
DR6=00000000ffff0ff0 DR7=0000000000000400
CCS=0000000000000090 CCD=ffff800007fb3ea8 CCO=EFLAGS
EFER=0000000000000d00
Servicing hardware INT=0x20
    34: v=20 e=0000 i=0 cpl=0 IP=0028:ffffffff80001afe pc=ffffffff80001afe SP=0030:ffff800007fb3ea8 env->regs[R_EAX]=000000000000001c
RAX=000000000000001c RBX=0000000000000000 RCX=0000000000000000 RDX=0000000000000064
RSI=00000000000000f4 RDI=0000000000000064 RBP=ffff800007fb3ec0 RSP=ffff800007fb3ea8
R8 =0000000000000000 R9 =0000000000000000 R10=0000000000000000 R11=0000000000000000
R12=0000000000000000 R13=0000000000000000 R14=0000000000000000 R15=0000000000000000
RIP=ffffffff80001afe RFL=00000292 [--S-A--] CPL=0 II=0 A20=1 SMM=0 HLT=0
ES =0030 0000000000000000 00000000 00009300 DPL=0 DS   [-WA]
CS =0028 0000000000000000 00000000 00209b00 DPL=0 CS64 [-RA]
SS =0030 0000000000000000 00000000 00009300 DPL=0 DS   [-WA]
DS =0030 0000000000000000 00000000 00009300 DPL=0 DS   [-WA]
FS =0030 0000000000000000 00000000 00009300 DPL=0 DS   [-WA]
GS =0030 0000000000000000 00000000 00009300 DPL=0 DS   [-WA]
LDT=0000 0000000000000000 00000000 00008200 DPL=0 LDT
TR =0038 0000000000000000 00000000 00008900 DPL=0 TSS64-avl
GDT=     ffff800000018048 00000047
IDT=     ffffffff80007120 00000fff
CR0=80010011 CR2=0000000000000000 CR3=0000000007fa3000 CR4=00000020
DR0=0000000000000000 DR1=0000000000000000 DR2=0000000000000000 DR3=0000000000000000 
DR6=00000000ffff0ff0 DR7=0000000000000400
CCS=0000000000000090 CCD=ffff800007fb3ea8 CCO=EFLAGS
EFER=0000000000000d00
Servicing hardware INT=0x20
    35: v=20 e=0000 i=0 cpl=0 IP=0028:ffffffff80001afe pc=ffffffff80001afe SP=0030:ffff800007fb3ea8 env->regs[R_EAX]=000000000000001c
RAX=000000000000001c RBX=0000000000000000 RCX=0000000000000000 RDX=0000000000000064
RSI=00000000000000f4 RDI=0000000000000064 RBP=ffff800007fb3ec0 RSP=ffff800007fb3ea8
R8 =0000000000000000 R9 =0000000000000000 R10=0000000000000000 R11=0000000000000000
R12=0000000000000000 R13=0000000000000000 R14=0000000000000000 R15=0000000000000000
RIP=ffffffff80001afe RFL=00000292 [--S-A--] CPL=0 II=0 A20=1 SMM=0 HLT=0
ES =0030 0000000000000000 00000000 00009300 DPL=0 DS   [-WA]
CS =0028 0000000000000000 00000000 00209b00 DPL=0 CS64 [-RA]
SS =0030 0000000000000000 00000000 00009300 DPL=0 DS   [-WA]
DS =0030 0000000000000000 00000000 00009300 DPL=0 DS   [-WA]
FS =0030 0000000000000000 00000000 00009300 DPL=0 DS   [-WA]
GS =0030 0000000000000000 00000000 00009300 DPL=0 DS   [-WA]
LDT=0000 0000000000000000 00000000 00008200 DPL=0 LDT
TR =0038 0000000000000000 00000000 00008900 DPL=0 TSS64-avl
GDT=     ffff800000018048 00000047
IDT=     ffffffff80007120 00000fff
CR0=80010011 CR2=0000000000000000 CR3=0000000007fa3000 CR4=00000020
DR0=0000000000000000 DR1=0000000000000000 DR2=0000000000000000 DR3=0000000000000000 
DR6=00000000ffff0ff0 DR7=0000000000000400
CCS=0000000000000090 CCD=ffff800007fb3ea8 CCO=EFLAGS
EFER=0000000000000d00
Servicing hardware INT=0x21
    36: v=21 e=0000 i=0 cpl=0 IP=0028:ffffffff80001afe pc=ffffffff80001afe SP=0030:ffff800007fb3ea8 env->regs[R_EAX]=000000000000001d
RAX=000000000000001d RBX=0000000000000000 RCX=0000000000000000 RDX=0000000000000064
RSI=00000000000000f4 RDI=0000000000000064 RBP=ffff800007fb3ec0 RSP=ffff800007fb3ea8
R8 =0000000000000000 R9 =0000000000000000 R10=0000000000000000 R11=0000000000000000
R12=0000000000000000 R13=0000000000000000 R14=0000000000000000 R15=0000000000000000
RIP=ffffffff80001afe RFL=00000292 [--S-A--] CPL=0 II=0 A20=1 SMM=0 HLT=0
ES =0030 0000000000000000 00000000 00009300 DPL=0 DS   [-WA]
CS =0028 0000000000000000 00000000 00209b00 DPL=0 CS64 [-RA]
SS =0030 0000000000000000 00000000 00009300 DPL=0 DS   [-WA]
DS =0030 0000000000000000 00000000 00009300 DPL=0 DS   [-WA]
FS =0030 0000000000000000 00000000 00009300 DPL=0 DS   [-WA]
GS =0030 0000000000000000 00000000 00009300 DPL=0 DS   [-WA]
LDT=0000 0000000000000000 00000000 00008200 DPL=0 LDT
TR =0038 0000000000000000 00000000 00008900 DPL=0 TSS64-avl
GDT=     ffff800000018048 00000047
IDT=     ffffffff80007120 00000fff
CR0=80010011 CR2=0000000000000000 CR3=0000000007fa3000 CR4=00000020
DR0=0000000000000000 DR1=0000000000000000 DR2=0000000000000000 DR3=0000000000000000 
DR6=00000000ffff0ff0 DR7=0000000000000400
CCS=0000000000000018 CCD=ffff800007fb3ea8 CCO=SUBQ
EFER=0000000000000d00
Servicing hardware INT=0x20
    37: v=20 e=0000 i=0 cpl=0 IP=0028:ffffffff80001afe pc=ffffffff80001afe SP=0030:ffff800007fb3ea8 env->regs[R_EAX]=000000000000001c
RAX=000000000000001c RBX=0000000000000000 RCX=0000000000000000 RDX=0000000000000064
RSI=00000000000000a8 RDI=0000000000000064 RBP=ffff800007fb3ec0 RSP=ffff800007fb3ea8
R8 =0000000000000000 R9 =0000000000000000 R10=0000000000000000 R11=0000000000000000
R12=0000000000000000 R13=0000000000000000 R14=0000000000000000 R15=0000000000000000
RIP=ffffffff80001afe RFL=00000292 [--S-A--] CPL=0 II=0 A20=1 SMM=0 HLT=0
ES =0030 0000000000000000 00000000 00009300 DPL=0 DS   [-WA]
CS =0028 0000000000000000 00000000 00209b00 DPL=0 CS64 [-RA]
SS =0030 0000000000000000 00000000 00009300 DPL=0 DS   [-WA]
DS =0030 0000000000000000 00000000 00009300 DPL=0 DS   [-WA]
FS =0030 0000000000000000 00000000 00009300 DPL=0 DS   [-WA]
GS =0030 0000000000000000 00000000 00009300 DPL=0 DS   [-WA]
LDT=0000 0000000000000000 00000000 00008200 DPL=0 LDT
TR =0038 0000000000000000 00000000 00008900 DPL=0 TSS64-avl
GDT=     ffff800000018048 00000047
IDT=     ffffffff80007120 00000fff
CR0=80010011 CR2=0000000000000000 CR3=0000000007fa3000 CR4=00000020
DR0=0000000000000000 DR1=0000000000000000 DR2=0000000000000000 DR3=0000000000000000 
DR6=00000000ffff0ff0 DR7=0000000000000400
CCS=0000000000000090 CCD=ffff800007fb3ea8 CCO=EFLAGS
EFER=0000000000000d00
Servicing hardware INT=0x20
    38: v=20 e=0000 i=0 cpl=0 IP=0028:ffffffff80001afe pc=ffffffff80001afe SP=0030:ffff800007fb3ea8 env->regs[R_EAX]=000000000000001c
RAX=000000000000001c RBX=0000000000000000 RCX=0000000000000000 RDX=0000000000000064
RSI=00000000000000a8 RDI=0000000000000064 RBP=ffff800007fb3ec0 RSP=ffff800007fb3ea8
R8 =0000000000000000 R9 =0000000000000000 R10=0000000000000000 R11=0000000000000000
R12=0000000000000000 R13=0000000000000000 R14=0000000000000000 R15=0000000000000000
RIP=ffffffff80001afe RFL=00000292 [--S-A--] CPL=0 II=0 A20=1 SMM=0 HLT=0
ES =0030 0000000000000000 00000000 00009300 DPL=0 DS   [-WA]
CS =0028 0000000000000000 00000000 00209b00 DPL=0 CS64 [-RA]
SS =0030 0000000000000000 00000000 00009300 DPL=0 DS   [-WA]
DS =0030 0000000000000000 00000000 00009300 DPL=0 DS   [-WA]
FS =0030 0000000000000000 00000000 00009300 DPL=0 DS   [-WA]
GS =0030 0000000000000000 00000000 00009300 DPL=0 DS   [-WA]
LDT=0000 0000000000000000 00000000 00008200 DPL=0 LDT
TR =0038 0000000000000000 00000000 00008900 DPL=0 TSS64-avl
GDT=     ffff800000018048 00000047
IDT=     ffffffff80007120 00000fff
CR0=80010011 CR2=0000000000000000 CR3=0000000007fa3000 CR4=00000020
DR0=0000000000000000 DR1=0000000000000000 DR2=0000000000000000 DR3=0000000000000000 
DR6=00000000ffff0ff0 DR7=0000000000000400
CCS=0000000000000090 CCD=ffff800007fb3ea8 CCO=EFLAGS
EFER=0000000000000d00
Servicing hardware INT=0x21
    39: v=21 e=0000 i=0 cpl=0 IP=0028:ffffffff80001afe pc=ffffffff80001afe SP=0030:ffff800007fb3ea8 env->regs[R_EAX]=000000000000001d
RAX=000000000000001d RBX=0000000000000000 RCX=0000000000000000 RDX=0000000000000064
RSI=00000000000000a8 RDI=0000000000000064 RBP=ffff800007fb3ec0 RSP=ffff800007fb3ea8
R8 =0000000000000000 R9 =0000000000000000 R10=0000000000000000 R11=0000000000000000
R12=0000000000000000 R13=0000000000000000 R14=0000000000000000 R15=0000000000000000
RIP=ffffffff80001afe RFL=00000292 [--S-A--] CPL=0 II=0 A20=1 SMM=0 HLT=0
ES =0030 0000000000000000 00000000 00009300 DPL=0 DS   [-WA]
CS =0028 0000000000000000 00000000 00209b00 DPL=0 CS64 [-RA]
SS =0030 0000000000000000 00000000 00009300 DPL=0 DS   [-WA]
DS =0030 0000000000000000 00000000 00009300 DPL=0 DS   [-WA]
FS =0030 0000000000000000 00000000 00009300 DPL=0 DS   [-WA]
GS =0030 0000000000000000 00000000 00009300 DPL=0 DS   [-WA]
LDT=0000 0000000000000000 00000000 00008200 DPL=0 LDT
TR =0038 0000000000000000 00000000 00008900 DPL=0 TSS64-avl
GDT=     ffff800000018048 00000047
IDT=     ffffffff80007120 00000fff
CR0=80010011 CR2=0000000000000000 CR3=0000000007fa3000 CR4=00000020
DR0=0000000000000000 DR1=0000000000000000 DR2=0000000000000000 DR3=0000000000000000 
DR6=00000000ffff0ff0 DR7=0000000000000400
CCS=0000000000000018 CCD=ffff800007fb3ea8 CCO=SUBQ
EFER=0000000000000d00
Servicing hardware INT=0x21
    40: v=21 e=0000 i=0 cpl=0 IP=0028:ffffffff80001afe pc=ffffffff80001afe SP=0030:ffff800007fb3ea8 env->regs[R_EAX]=000000000000001d
RAX=000000000000001d RBX=0000000000000000 RCX=0000000000000000 RDX=0000000000000064
RSI=00000000000000a8 RDI=0000000000000064 RBP=ffff800007fb3ec0 RSP=ffff800007fb3ea8
R8 =0000000000000000 R9 =0000000000000000 R10=0000000000000000 R11=0000000000000000
R12=0000000000000000 R13=0000000000000000 R14=0000000000000000 R15=0000000000000000
RIP=ffffffff80001afe RFL=00010292 [--S-A--] CPL=0 II=0 A20=1 SMM=0 HLT=0
ES =0030 0000000000000000 00000000 00009300 DPL=0 DS   [-WA]
CS =0028 0000000000000000 00000000 00209b00 DPL=0 CS64 [-RA]
SS =0030 0000000000000000 00000000 00009300 DPL=0 DS   [-WA]
DS =0030 0000000000000000 00000000 00009300 DPL=0 DS   [-WA]
FS =0030 0000000000000000 00000000 00009300 DPL=0 DS   [-WA]
GS =0030 0000000000000000 00000000 00009300 DPL=0 DS   [-WA]
LDT=0000 0000000000000000 00000000 00008200 DPL=0 LDT
TR =0038 0000000000000000 00000000 00008900 DPL=0 TSS64-avl
GDT=     ffff800000018048 00000047
IDT=     ffffffff80007120 00000fff
CR0=80010011 CR2=0000000000000000 CR3=0000000007fa3000 CR4=00000020
DR0=0000000000000000 DR1=0000000000000000 DR2=0000000000000000 DR3=0000000000000000 
DR6=00000000ffff0ff0 DR7=0000000000000400
CCS=0000000000000090 CCD=ffff800007fb3e78 CCO=EFLAGS
EFER=0000000000000d00
Servicing hardware INT=0x21
    41: v=21 e=0000 i=0 cpl=0 IP=0028:ffffffff80001ae8 pc=ffffffff80001ae8 SP=0030:ffff800007fb3ec8 env->regs[R_EAX]=00000000000000f4
RAX=00000000000000f4 RBX=0000000000000000 RCX=0000000000000000 RDX=0000000000000060
RSI=00000000000000f4 RDI=0000000000000060 RBP=ffff800007fb3ed0 RSP=ffff800007fb3ec8
R8 =0000000000000000 R9 =0000000000000000 R10=0000000000000000 R11=0000000000000000
R12=0000000000000000 R13=0000000000000000 R14=0000000000000000 R15=0000000000000000
RIP=ffffffff80001ae8 RFL=00000292 [--S-A--] CPL=0 II=0 A20=1 SMM=0 HLT=0
ES =0030 0000000000000000 00000000 00009300 DPL=0 DS   [-WA]
CS =0028 0000000000000000 00000000 00209b00 DPL=0 CS64 [-RA]
SS =0030 0000000000000000 00000000 00009300 DPL=0 DS   [-WA]
DS =0030 0000000000000000 00000000 00009300 DPL=0 DS   [-WA]
FS =0030 0000000000000000 00000000 00009300 DPL=0 DS   [-WA]
GS =0030 0000000000000000 00000000 00009300 DPL=0 DS   [-WA]
LDT=0000 0000000000000000 00000000 00008200 DPL=0 LDT
TR =0038 0000000000000000 00000000 00008900 DPL=0 TSS64-avl
GDT=     ffff800000018048 00000047
IDT=     ffffffff80007120 00000fff
CR0=80010011 CR2=0000000000000000 CR3=0000000007fa3000 CR4=00000020
DR0=0000000000000000 DR1=0000000000000000 DR2=0000000000000000 DR3=0000000000000000 
DR6=00000000ffff0ff0 DR7=0000000000000400
CCS=0000000000000008 CCD=ffff800007fb3ec8 CCO=SUBQ
EFER=0000000000000d00
Servicing hardware INT=0x20
    42: v=20 e=0000 i=0 cpl=0 IP=0028:ffffffff80001afe pc=ffffffff80001afe SP=0030:ffff800007fb3ea8 env->regs[R_EAX]=000000000000001c
RAX=000000000000001c RBX=0000000000000000 RCX=0000000000000000 RDX=0000000000000064
RSI=00000000000000f4 RDI=0000000000000064 RBP=ffff800007fb3ec0 RSP=ffff800007fb3ea8
R8 =0000000000000000 R9 =0000000000000000 R10=0000000000000000 R11=0000000000000000
R12=0000000000000000 R13=0000000000000000 R14=0000000000000000 R15=0000000000000000
RIP=ffffffff80001afe RFL=00000292 [--S-A--] CPL=0 II=0 A20=1 SMM=0 HLT=0
ES =0030 0000000000000000 00000000 00009300 DPL=0 DS   [-WA]
CS =0028 0000000000000000 00000000 00209b00 DPL=0 CS64 [-RA]
SS =0030 0000000000000000 00000000 00009300 DPL=0 DS   [-WA]
DS =0030 0000000000000000 00000000 00009300 DPL=0 DS   [-WA]
FS =0030 0000000000000000 00000000 00009300 DPL=0 DS   [-WA]
GS =0030 0000000000000000 00000000 00009300 DPL=0 DS   [-WA]
LDT=0000 0000000000000000 00000000 00008200 DPL=0 LDT
TR =0038 0000000000000000 00000000 00008900 DPL=0 TSS64-avl
GDT=     ffff800000018048 00000047
IDT=     ffffffff80007120 00000fff
CR0=80010011 CR2=0000000000000000 CR3=0000000007fa3000 CR4=00000020
DR0=0000000000000000 DR1=0000000000000000 DR2=0000000000000000 DR3=0000000000000000 
DR6=00000000ffff0ff0 DR7=0000000000000400
CCS=0000000000000090 CCD=ffff800007fb3ea8 CCO=EFLAGS
EFER=0000000000000d00
Servicing hardware INT=0x20
    43: v=20 e=0000 i=0 cpl=0 IP=0028:ffffffff80001afe pc=ffffffff80001afe SP=0030:ffff800007fb3ea8 env->regs[R_EAX]=000000000000001c
RAX=000000000000001c RBX=0000000000000000 RCX=0000000000000000 RDX=0000000000000064
RSI=00000000000000f4 RDI=0000000000000064 RBP=ffff800007fb3ec0 RSP=ffff800007fb3ea8
R8 =0000000000000000 R9 =0000000000000000 R10=0000000000000000 R11=0000000000000000
R12=0000000000000000 R13=0000000000000000 R14=0000000000000000 R15=0000000000000000
RIP=ffffffff80001afe RFL=00000292 [--S-A--] CPL=0 II=0 A20=1 SMM=0 HLT=0
ES =0030 0000000000000000 00000000 00009300 DPL=0 DS   [-WA]
CS =0028 0000000000000000 00000000 00209b00 DPL=0 CS64 [-RA]
SS =0030 0000000000000000 00000000 00009300 DPL=0 DS   [-WA]
DS =0030 0000000000000000 00000000 00009300 DPL=0 DS   [-WA]
FS =0030 0000000000000000 00000000 00009300 DPL=0 DS   [-WA]
GS =0030 0000000000000000 00000000 00009300 DPL=0 DS   [-WA]
LDT=0000 0000000000000000 00000000 00008200 DPL=0 LDT
TR =0038 0000000000000000 00000000 00008900 DPL=0 TSS64-avl
GDT=     ffff800000018048 00000047
IDT=     ffffffff80007120 00000fff
CR0=80010011 CR2=0000000000000000 CR3=0000000007fa3000 CR4=00000020
DR0=0000000000000000 DR1=0000000000000000 DR2=0000000000000000 DR3=0000000000000000 
DR6=00000000ffff0ff0 DR7=0000000000000400
CCS=0000000000000090 CCD=ffff800007fb3ea8 CCO=EFLAGS
EFER=0000000000000d00
Servicing hardware INT=0x20
    44: v=20 e=0000 i=0 cpl=0 IP=0028:ffffffff80001afe pc=ffffffff80001afe SP=0030:ffff800007fb3ea8 env->regs[R_EAX]=000000000000001c
RAX=000000000000001c RBX=0000000000000000 RCX=0000000000000000 RDX=0000000000000064
RSI=00000000000000f4 RDI=0000000000000064 RBP=ffff800007fb3ec0 RSP=ffff800007fb3ea8
R8 =0000000000000000 R9 =0000000000000000 R10=0000000000000000 R11=0000000000000000
R12=0000000000000000 R13=0000000000000000 R14=0000000000000000 R15=0000000000000000
RIP=ffffffff80001afe RFL=00000292 [--S-A--] CPL=0 II=0 A20=1 SMM=0 HLT=0
ES =0030 0000000000000000 00000000 00009300 DPL=0 DS   [-WA]
CS =0028 0000000000000000 00000000 00209b00 DPL=0 CS64 [-RA]
SS =0030 0000000000000000 00000000 00009300 DPL=0 DS   [-WA]
DS =0030 0000000000000000 00000000 00009300 DPL=0 DS   [-WA]
FS =0030 0000000000000000 00000000 00009300 DPL=0 DS   [-WA]
GS =0030 0000000000000000 00000000 00009300 DPL=0 DS   [-WA]
LDT=0000 0000000000000000 00000000 00008200 DPL=0 LDT
TR =0038 0000000000000000 00000000 00008900 DPL=0 TSS64-avl
GDT=     ffff800000018048 00000047
IDT=     ffffffff80007120 00000fff
CR0=80010011 CR2=0000000000000000 CR3=0000000007fa3000 CR4=00000020
DR0=0000000000000000 DR1=0000000000000000 DR2=0000000000000000 DR3=0000000000000000 
DR6=00000000ffff0ff0 DR7=0000000000000400
CCS=0000000000000090 CCD=ffff800007fb3ea8 CCO=EFLAGS
EFER=0000000000000d00
Servicing hardware INT=0x20
    45: v=20 e=0000 i=0 cpl=0 IP=0028:ffffffff80001afe pc=ffffffff80001afe SP=0030:ffff800007fb3ea8 env->regs[R_EAX]=000000000000001c
RAX=000000000000001c RBX=0000000000000000 RCX=0000000000000000 RDX=0000000000000064
RSI=00000000000000f4 RDI=0000000000000064 RBP=ffff800007fb3ec0 RSP=ffff800007fb3ea8
R8 =0000000000000000 R9 =0000000000000000 R10=0000000000000000 R11=0000000000000000
R12=0000000000000000 R13=0000000000000000 R14=0000000000000000 R15=0000000000000000
RIP=ffffffff80001afe RFL=00000292 [--S-A--] CPL=0 II=0 A20=1 SMM=0 HLT=0
ES =0030 0000000000000000 00000000 00009300 DPL=0 DS   [-WA]
CS =0028 0000000000000000 00000000 00209b00 DPL=0 CS64 [-RA]
SS =0030 0000000000000000 00000000 00009300 DPL=0 DS   [-WA]
DS =0030 0000000000000000 00000000 00009300 DPL=0 DS   [-WA]
FS =0030 0000000000000000 00000000 00009300 DPL=0 DS   [-WA]
GS =0030 0000000000000000 00000000 00009300 DPL=0 DS   [-WA]
LDT=0000 0000000000000000 00000000 00008200 DPL=0 LDT
TR =0038 0000000000000000 00000000 00008900 DPL=0 TSS64-avl
GDT=     ffff800000018048 00000047
IDT=     ffffffff80007120 00000fff
CR0=80010011 CR2=0000000000000000 CR3=0000000007fa3000 CR4=00000020
DR0=0000000000000000 DR1=0000000000000000 DR2=0000000000000000 DR3=0000000000000000 
DR6=00000000ffff0ff0 DR7=0000000000000400
CCS=0000000000000090 CCD=ffff800007fb3ea8 CCO=EFLAGS
EFER=0000000000000d00
Servicing hardware INT=0x21
    46: v=21 e=0000 i=0 cpl=0 IP=0028:ffffffff80001afe pc=ffffffff80001afe SP=0030:ffff800007fb3ea8 env->regs[R_EAX]=000000000000001d
RAX=000000000000001d RBX=0000000000000000 RCX=0000000000000000 RDX=0000000000000064
RSI=00000000000000f4 RDI=0000000000000064 RBP=ffff800007fb3ec0 RSP=ffff800007fb3ea8
R8 =0000000000000000 R9 =0000000000000000 R10=0000000000000000 R11=0000000000000000
R12=0000000000000000 R13=0000000000000000 R14=0000000000000000 R15=0000000000000000
RIP=ffffffff80001afe RFL=00000292 [--S-A--] CPL=0 II=0 A20=1 SMM=0 HLT=0
ES =0030 0000000000000000 00000000 00009300 DPL=0 DS   [-WA]
CS =0028 0000000000000000 00000000 00209b00 DPL=0 CS64 [-RA]
SS =0030 0000000000000000 00000000 00009300 DPL=0 DS   [-WA]
DS =0030 0000000000000000 00000000 00009300 DPL=0 DS   [-WA]
FS =0030 0000000000000000 00000000 00009300 DPL=0 DS   [-WA]
GS =0030 0000000000000000 00000000 00009300 DPL=0 DS   [-WA]
LDT=0000 0000000000000000 00000000 00008200 DPL=0 LDT
TR =0038 0000000000000000 00000000 00008900 DPL=0 TSS64-avl
GDT=     ffff800000018048 00000047
IDT=     ffffffff80007120 00000fff
CR0=80010011 CR2=0000000000000000 CR3=0000000007fa3000 CR4=00000020
DR0=0000000000000000 DR1=0000000000000000 DR2=0000000000000000 DR3=0000000000000000 
DR6=00000000ffff0ff0 DR7=0000000000000400
CCS=0000000000000018 CCD=ffff800007fb3ea8 CCO=SUBQ
EFER=0000000000000d00
Servicing hardware INT=0x20
    47: v=20 e=0000 i=0 cpl=0 IP=0028:ffffffff8000281d pc=ffffffff8000281d SP=0030:ffff800007fb3f00 env->regs[R_EAX]=0000000000000000
RAX=0000000000000000 RBX=0000000000000000 RCX=0000000000000007 RDX=000000000000000b
RSI=000000000000000a RDI=ffff800007fb3eee RBP=ffff800007fb3ff0 RSP=ffff800007fb3f00
R8 =0000000000ffffff R9 =0000000000000500 R10=0000000000000000 R11=0000000000000000
R12=0000000000000000 R13=0000000000000000 R14=0000000000000000 R15=0000000000000000
RIP=ffffffff8000281d RFL=00000246 [---Z-P-] CPL=0 II=0 A20=1 SMM=0 HLT=0
ES =0030 0000000000000000 00000000 00009300 DPL=0 DS   [-WA]
CS =0028 0000000000000000 00000000 00209b00 DPL=0 CS64 [-RA]
SS =0030 0000000000000000 00000000 00009300 DPL=0 DS   [-WA]
DS =0030 0000000000000000 00000000 00009300 DPL=0 DS   [-WA]
FS =0030 0000000000000000 00000000 00009300 DPL=0 DS   [-WA]
GS =0030 0000000000000000 00000000 00009300 DPL=0 DS   [-WA]
LDT=0000 0000000000000000 00000000 00008200 DPL=0 LDT
TR =0038 0000000000000000 00000000 00008900 DPL=0 TSS64-avl
GDT=     ffff800000018048 00000047
IDT=     ffffffff80007120 00000fff
CR0=80010011 CR2=0000000000000000 CR3=0000000007fa3000 CR4=00000020
DR0=0000000000000000 DR1=0000000000000000 DR2=0000000000000000 DR3=0000000000000000 
DR6=00000000ffff0ff0 DR7=0000000000000400
CCS=0000000000000044 CCD=0000000000000000 CCO=EFLAGS
EFER=0000000000000d00
Servicing hardware INT=0x20
    48: v=20 e=0000 i=0 cpl=0 IP=0028:ffffffff8000281d pc=ffffffff8000281d SP=0030:ffff800007fb3f00 env->regs[R_EAX]=0000000000000000
RAX=0000000000000000 RBX=0000000000000000 RCX=0000000000000007 RDX=000000000000000b
RSI=000000000000000a RDI=ffff800007fb3eee RBP=ffff800007fb3ff0 RSP=ffff800007fb3f00
R8 =0000000000ffffff R9 =0000000000000500 R10=0000000000000000 R11=0000000000000000
R12=0000000000000000 R13=0000000000000000 R14=0000000000000000 R15=0000000000000000
RIP=ffffffff8000281d RFL=00000246 [---Z-P-] CPL=0 II=0 A20=1 SMM=0 HLT=0
ES =0030 0000000000000000 00000000 00009300 DPL=0 DS   [-WA]
CS =0028 0000000000000000 00000000 00209b00 DPL=0 CS64 [-RA]
SS =0030 0000000000000000 00000000 00009300 DPL=0 DS   [-WA]
DS =0030 0000000000000000 00000000 00009300 DPL=0 DS   [-WA]
FS =0030 0000000000000000 00000000 00009300 DPL=0 DS   [-WA]
GS =0030 0000000000000000 00000000 00009300 DPL=0 DS   [-WA]
LDT=0000 0000000000000000 00000000 00008200 DPL=0 LDT
TR =0038 0000000000000000 00000000 00008900 DPL=0 TSS64-avl
GDT=     ffff800000018048 00000047
IDT=     ffffffff80007120 00000fff
CR0=80010011 CR2=0000000000000000 CR3=0000000007fa3000 CR4=00000020
DR0=0000000000000000 DR1=0000000000000000 DR2=0000000000000000 DR3=0000000000000000 
DR6=00000000ffff0ff0 DR7=0000000000000400
CCS=0000000000000044 CCD=0000000000000000 CCO=EFLAGS
EFER=0000000000000d00
Servicing hardware INT=0x21
    49: v=21 e=0000 i=0 cpl=0 IP=0028:ffffffff8000281d pc=ffffffff8000281d SP=0030:ffff800007fb3f00 env->regs[R_EAX]=0000000000000000
RAX=0000000000000000 RBX=0000000000000000 RCX=0000000000000007 RDX=000000000000000b
RSI=000000000000000a RDI=ffff800007fb3eee RBP=ffff800007fb3ff0 RSP=ffff800007fb3f00
R8 =0000000000ffffff R9 =0000000000000500 R10=0000000000000000 R11=0000000000000000
R12=0000000000000000 R13=0000000000000000 R14=0000000000000000 R15=0000000000000000
RIP=ffffffff8000281d RFL=00000246 [---Z-P-] CPL=0 II=0 A20=1 SMM=0 HLT=0
ES =0030 0000000000000000 00000000 00009300 DPL=0 DS   [-WA]
CS =0028 0000000000000000 00000000 00209b00 DPL=0 CS64 [-RA]
SS =0030 0000000000000000 00000000 00009300 DPL=0 DS   [-WA]
DS =0030 0000000000000000 00000000 00009300 DPL=0 DS   [-WA]
FS =0030 0000000000000000 00000000 00009300 DPL=0 DS   [-WA]
GS =0030 0000000000000000 00000000 00009300 DPL=0 DS   [-WA]
LDT=0000 0000000000000000 00000000 00008200 DPL=0 LDT
TR =0038 0000000000000000 00000000 00008900 DPL=0 TSS64-avl
GDT=     ffff800000018048 00000047
IDT=     ffffffff80007120 00000fff
CR0=80010011 CR2=0000000000000000 CR3=0000000007fa3000 CR4=00000020
DR0=0000000000000000 DR1=0000000000000000 DR2=0000000000000000 DR3=0000000000000000 
DR6=00000000ffff0ff0 DR7=0000000000000400
CCS=0000000000000044 CCD=0000000000000000 CCO=EFLAGS
EFER=0000000000000d00
Servicing hardware INT=0x21
    50: v=21 e=0000 i=0 cpl=0 IP=0028:ffffffff8000281d pc=ffffffff8000281d SP=0030:ffff800007fb3f00 env->regs[R_EAX]=0000000000000000
RAX=0000000000000000 RBX=0000000000000000 RCX=0000000000000007 RDX=000000000000000b
RSI=000000000000000a RDI=ffff800007fb3eee RBP=ffff800007fb3ff0 RSP=ffff800007fb3f00
R8 =0000000000ffffff R9 =0000000000000500 R10=0000000000000000 R11=0000000000000000
R12=0000000000000000 R13=0000000000000000 R14=0000000000000000 R15=0000000000000000
RIP=ffffffff8000281d RFL=00010246 [---Z-P-] CPL=0 II=0 A20=1 SMM=0 HLT=0
ES =0030 0000000000000000 00000000 00009300 DPL=0 DS   [-WA]
CS =0028 0000000000000000 00000000 00209b00 DPL=0 CS64 [-RA]
SS =0030 0000000000000000 00000000 00009300 DPL=0 DS   [-WA]
DS =0030 0000000000000000 00000000 00009300 DPL=0 DS   [-WA]
FS =0030 0000000000000000 00000000 00009300 DPL=0 DS   [-WA]
GS =0030 0000000000000000 00000000 00009300 DPL=0 DS   [-WA]
LDT=0000 0000000000000000 00000000 00008200 DPL=0 LDT
TR =0038 0000000000000000 00000000 00008900 DPL=0 TSS64-avl
GDT=     ffff800000018048 00000047
IDT=     ffffffff80007120 00000fff
CR0=80010011 CR2=0000000000000000 CR3=0000000007fa3000 CR4=00000020
DR0=0000000000000000 DR1=0000000000000000 DR2=0000000000000000 DR3=0000000000000000 
DR6=00000000ffff0ff0 DR7=0000000000000400
CCS=0000000000000044 CCD=ffff800007fb3ed8 CCO=EFLAGS
EFER=0000000000000d00
Servicing hardware INT=0x20
    51: v=20 e=0000 i=0 cpl=0 IP=0028:ffffffff8000281d pc=ffffffff8000281d SP=0030:ffff800007fb3f00 env->regs[R_EAX]=0000000000000000
RAX=0000000000000000 RBX=0000000000000000 RCX=0000000000000007 RDX=000000000000000d
RSI=000000000000000a RDI=ffff800007fb3eee RBP=ffff800007fb3ff0 RSP=ffff800007fb3f00
R8 =0000000000ffffff R9 =0000000000000500 R10=0000000000000000 R11=0000000000000000
R12=0000000000000000 R13=0000000000000000 R14=0000000000000000 R15=0000000000000000
RIP=ffffffff8000281d RFL=00000246 [---Z-P-] CPL=0 II=0 A20=1 SMM=0 HLT=0
ES =0030 0000000000000000 00000000 00009300 DPL=0 DS   [-WA]
CS =0028 0000000000000000 00000000 00209b00 DPL=0 CS64 [-RA]
SS =0030 0000000000000000 00000000 00009300 DPL=0 DS   [-WA]
DS =0030 0000000000000000 00000000 00009300 DPL=0 DS   [-WA]
FS =0030 0000000000000000 00000000 00009300 DPL=0 DS   [-WA]
GS =0030 0000000000000000 00000000 00009300 DPL=0 DS   [-WA]
LDT=0000 0000000000000000 00000000 00008200 DPL=0 LDT
TR =0038 0000000000000000 00000000 00008900 DPL=0 TSS64-avl
GDT=     ffff800000018048 00000047
IDT=     ffffffff80007120 00000fff
CR0=80010011 CR2=0000000000000000 CR3=0000000007fa3000 CR4=00000020
DR0=0000000000000000 DR1=0000000000000000 DR2=0000000000000000 DR3=0000000000000000 
DR6=00000000ffff0ff0 DR7=0000000000000400
CCS=0000000000000044 CCD=0000000000000000 CCO=EFLAGS
EFER=0000000000000d00
Servicing hardware INT=0x20
    52: v=20 e=0000 i=0 cpl=0 IP=0028:ffffffff8000281d pc=ffffffff8000281d SP=0030:ffff800007fb3f00 env->regs[R_EAX]=0000000000000000
RAX=0000000000000000 RBX=0000000000000000 RCX=0000000000000007 RDX=000000000000000d
RSI=000000000000000a RDI=ffff800007fb3eee RBP=ffff800007fb3ff0 RSP=ffff800007fb3f00
R8 =0000000000ffffff R9 =0000000000000500 R10=0000000000000000 R11=0000000000000000
R12=0000000000000000 R13=0000000000000000 R14=0000000000000000 R15=0000000000000000
RIP=ffffffff8000281d RFL=00000246 [---Z-P-] CPL=0 II=0 A20=1 SMM=0 HLT=0
ES =0030 0000000000000000 00000000 00009300 DPL=0 DS   [-WA]
CS =0028 0000000000000000 00000000 00209b00 DPL=0 CS64 [-RA]
SS =0030 0000000000000000 00000000 00009300 DPL=0 DS   [-WA]
DS =0030 0000000000000000 00000000 00009300 DPL=0 DS   [-WA]
FS =0030 0000000000000000 00000000 00009300 DPL=0 DS   [-WA]
GS =0030 0000000000000000 00000000 00009300 DPL=0 DS   [-WA]
LDT=0000 0000000000000000 00000000 00008200 DPL=0 LDT
TR =0038 0000000000000000 00000000 00008900 DPL=0 TSS64-avl
GDT=     ffff800000018048 00000047
IDT=     ffffffff80007120 00000fff
CR0=80010011 CR2=0000000000000000 CR3=0000000007fa3000 CR4=00000020
DR0=0000000000000000 DR1=0000000000000000 DR2=0000000000000000 DR3=0000000000000000 
DR6=00000000ffff0ff0 DR7=0000000000000400
CCS=0000000000000044 CCD=0000000000000000 CCO=EFLAGS
EFER=0000000000000d00
Servicing hardware INT=0x20
    53: v=20 e=0000 i=0 cpl=0 IP=0028:ffffffff8000281d pc=ffffffff8000281d SP=0030:ffff800007fb3f00 env->regs[R_EAX]=0000000000000000
RAX=0000000000000000 RBX=0000000000000000 RCX=0000000000000007 RDX=000000000000000d
RSI=000000000000000a RDI=ffff800007fb3eee RBP=ffff800007fb3ff0 RSP=ffff800007fb3f00
R8 =0000000000ffffff R9 =0000000000000500 R10=0000000000000000 R11=0000000000000000
R12=0000000000000000 R13=0000000000000000 R14=0000000000000000 R15=0000000000000000
RIP=ffffffff8000281d RFL=00000246 [---Z-P-] CPL=0 II=0 A20=1 SMM=0 HLT=0
ES =0030 0000000000000000 00000000 00009300 DPL=0 DS   [-WA]
CS =0028 0000000000000000 00000000 00209b00 DPL=0 CS64 [-RA]
SS =0030 0000000000000000 00000000 00009300 DPL=0 DS   [-WA]
DS =0030 0000000000000000 00000000 00009300 DPL=0 DS   [-WA]
FS =0030 0000000000000000 00000000 00009300 DPL=0 DS   [-WA]
GS =0030 0000000000000000 00000000 00009300 DPL=0 DS   [-WA]
LDT=0000 0000000000000000 00000000 00008200 DPL=0 LDT
TR =0038 0000000000000000 00000000 00008900 DPL=0 TSS64-avl
GDT=     ffff800000018048 00000047
IDT=     ffffffff80007120 00000fff
CR0=80010011 CR2=0000000000000000 CR3=0000000007fa3000 CR4=00000020
DR0=0000000000000000 DR1=0000000000000000 DR2=0000000000000000 DR3=0000000000000000 
DR6=00000000ffff0ff0 DR7=0000000000000400
CCS=0000000000000044 CCD=0000000000000000 CCO=EFLAGS
EFER=0000000000000d00
Servicing hardware INT=0x20
    54: v=20 e=0000 i=0 cpl=0 IP=0028:ffffffff8000281d pc=ffffffff8000281d SP=0030:ffff800007fb3f00 env->regs[R_EAX]=0000000000000000
RAX=0000000000000000 RBX=0000000000000000 RCX=0000000000000007 RDX=000000000000000d
RSI=000000000000000a RDI=ffff800007fb3eee RBP=ffff800007fb3ff0 RSP=ffff800007fb3f00
R8 =0000000000ffffff R9 =0000000000000500 R10=0000000000000000 R11=0000000000000000
R12=0000000000000000 R13=0000000000000000 R14=0000000000000000 R15=0000000000000000
RIP=ffffffff8000281d RFL=00000246 [---Z-P-] CPL=0 II=0 A20=1 SMM=0 HLT=0
ES =0030 0000000000000000 00000000 00009300 DPL=0 DS   [-WA]
CS =0028 0000000000000000 00000000 00209b00 DPL=0 CS64 [-RA]
SS =0030 0000000000000000 00000000 00009300 DPL=0 DS   [-WA]
DS =0030 0000000000000000 00000000 00009300 DPL=0 DS   [-WA]
FS =0030 0000000000000000 00000000 00009300 DPL=0 DS   [-WA]
GS =0030 0000000000000000 00000000 00009300 DPL=0 DS   [-WA]
LDT=0000 0000000000000000 00000000 00008200 DPL=0 LDT
TR =0038 0000000000000000 00000000 00008900 DPL=0 TSS64-avl
GDT=     ffff800000018048 00000047
IDT=     ffffffff80007120 00000fff
CR0=80010011 CR2=0000000000000000 CR3=0000000007fa3000 CR4=00000020
DR0=0000000000000000 DR1=0000000000000000 DR2=0000000000000000 DR3=0000000000000000 
DR6=00000000ffff0ff0 DR7=0000000000000400
CCS=0000000000000044 CCD=0000000000000000 CCO=EFLAGS
EFER=0000000000000d00
Servicing hardware INT=0x20
    55: v=20 e=0000 i=0 cpl=0 IP=0028:ffffffff8000281d pc=ffffffff8000281d SP=0030:ffff800007fb3f00 env->regs[R_EAX]=0000000000000000
RAX=0000000000000000 RBX=0000000000000000 RCX=0000000000000007 RDX=000000000000000d
RSI=000000000000000a RDI=ffff800007fb3eee RBP=ffff800007fb3ff0 RSP=ffff800007fb3f00
R8 =0000000000ffffff R9 =0000000000000500 R10=0000000000000000 R11=0000000000000000
R12=0000000000000000 R13=0000000000000000 R14=0000000000000000 R15=0000000000000000
RIP=ffffffff8000281d RFL=00000246 [---Z-P-] CPL=0 II=0 A20=1 SMM=0 HLT=0
ES =0030 0000000000000000 00000000 00009300 DPL=0 DS   [-WA]
CS =0028 0000000000000000 00000000 00209b00 DPL=0 CS64 [-RA]
SS =0030 0000000000000000 00000000 00009300 DPL=0 DS   [-WA]
DS =0030 0000000000000000 00000000 00009300 DPL=0 DS   [-WA]
FS =0030 0000000000000000 00000000 00009300 DPL=0 DS   [-WA]
GS =0030 0000000000000000 00000000 00009300 DPL=0 DS   [-WA]
LDT=0000 0000000000000000 00000000 00008200 DPL=0 LDT
TR =0038 0000000000000000 00000000 00008900 DPL=0 TSS64-avl
GDT=     ffff800000018048 00000047
IDT=     ffffffff80007120 00000fff
CR0=80010011 CR2=0000000000000000 CR3=0000000007fa3000 CR4=00000020
DR0=0000000000000000 DR1=0000000000000000 DR2=0000000000000000 DR3=0000000000000000 
DR6=00000000ffff0ff0 DR7=0000000000000400
CCS=0000000000000044 CCD=0000000000000000 CCO=EFLAGS
EFER=0000000000000d00
Servicing hardware INT=0x20
    56: v=20 e=0000 i=0 cpl=0 IP=0028:ffffffff8000281d pc=ffffffff8000281d SP=0030:ffff800007fb3f00 env->regs[R_EAX]=0000000000000000
RAX=0000000000000000 RBX=0000000000000000 RCX=0000000000000007 RDX=000000000000000d
RSI=000000000000000a RDI=ffff800007fb3eee RBP=ffff800007fb3ff0 RSP=ffff800007fb3f00
R8 =0000000000ffffff R9 =0000000000000500 R10=0000000000000000 R11=0000000000000000
R12=0000000000000000 R13=0000000000000000 R14=0000000000000000 R15=0000000000000000
RIP=ffffffff8000281d RFL=00000246 [---Z-P-] CPL=0 II=0 A20=1 SMM=0 HLT=0
ES =0030 0000000000000000 00000000 00009300 DPL=0 DS   [-WA]
CS =0028 0000000000000000 00000000 00209b00 DPL=0 CS64 [-RA]
SS =0030 0000000000000000 00000000 00009300 DPL=0 DS   [-WA]
DS =0030 0000000000000000 00000000 00009300 DPL=0 DS   [-WA]
FS =0030 0000000000000000 00000000 00009300 DPL=0 DS   [-WA]
GS =0030 0000000000000000 00000000 00009300 DPL=0 DS   [-WA]
LDT=0000 0000000000000000 00000000 00008200 DPL=0 LDT
TR =0038 0000000000000000 00000000 00008900 DPL=0 TSS64-avl
GDT=     ffff800000018048 00000047
IDT=     ffffffff80007120 00000fff
CR0=80010011 CR2=0000000000000000 CR3=0000000007fa3000 CR4=00000020
DR0=0000000000000000 DR1=0000000000000000 DR2=0000000000000000 DR3=0000000000000000 
DR6=00000000ffff0ff0 DR7=0000000000000400
CCS=0000000000000044 CCD=0000000000000000 CCO=EFLAGS
EFER=0000000000000d00
Servicing hardware INT=0x20
    57: v=20 e=0000 i=0 cpl=0 IP=0028:ffffffff8000281d pc=ffffffff8000281d SP=0030:ffff800007fb3f00 env->regs[R_EAX]=0000000000000000
RAX=0000000000000000 RBX=0000000000000000 RCX=0000000000000007 RDX=000000000000000d
RSI=000000000000000a RDI=ffff800007fb3eee RBP=ffff800007fb3ff0 RSP=ffff800007fb3f00
R8 =0000000000ffffff R9 =0000000000000500 R10=0000000000000000 R11=0000000000000000
R12=0000000000000000 R13=0000000000000000 R14=0000000000000000 R15=0000000000000000
RIP=ffffffff8000281d RFL=00000246 [---Z-P-] CPL=0 II=0 A20=1 SMM=0 HLT=0
ES =0030 0000000000000000 00000000 00009300 DPL=0 DS   [-WA]
CS =0028 0000000000000000 00000000 00209b00 DPL=0 CS64 [-RA]
SS =0030 0000000000000000 00000000 00009300 DPL=0 DS   [-WA]
DS =0030 0000000000000000 00000000 00009300 DPL=0 DS   [-WA]
FS =0030 0000000000000000 00000000 00009300 DPL=0 DS   [-WA]
GS =0030 0000000000000000 00000000 00009300 DPL=0 DS   [-WA]
LDT=0000 0000000000000000 00000000 00008200 DPL=0 LDT
TR =0038 0000000000000000 00000000 00008900 DPL=0 TSS64-avl
GDT=     ffff800000018048 00000047
IDT=     ffffffff80007120 00000fff
CR0=80010011 CR2=0000000000000000 CR3=0000000007fa3000 CR4=00000020
DR0=0000000000000000 DR1=0000000000000000 DR2=0000000000000000 DR3=0000000000000000 
DR6=00000000ffff0ff0 DR7=0000000000000400
CCS=0000000000000044 CCD=0000000000000000 CCO=EFLAGS
EFER=0000000000000d00
Servicing hardware INT=0x20
    58: v=20 e=0000 i=0 cpl=0 IP=0028:ffffffff8000281d pc=ffffffff8000281d SP=0030:ffff800007fb3f00 env->regs[R_EAX]=0000000000000000
RAX=0000000000000000 RBX=0000000000000000 RCX=0000000000000007 RDX=000000000000000d
RSI=000000000000000a RDI=ffff800007fb3eee RBP=ffff800007fb3ff0 RSP=ffff800007fb3f00
R8 =0000000000ffffff R9 =0000000000000500 R10=0000000000000000 R11=0000000000000000
R12=0000000000000000 R13=0000000000000000 R14=0000000000000000 R15=0000000000000000
RIP=ffffffff8000281d RFL=00000246 [---Z-P-] CPL=0 II=0 A20=1 SMM=0 HLT=0
ES =0030 0000000000000000 00000000 00009300 DPL=0 DS   [-WA]
CS =0028 0000000000000000 00000000 00209b00 DPL=0 CS64 [-RA]
SS =0030 0000000000000000 00000000 00009300 DPL=0 DS   [-WA]
DS =0030 0000000000000000 00000000 00009300 DPL=0 DS   [-WA]
FS =0030 0000000000000000 00000000 00009300 DPL=0 DS   [-WA]
GS =0030 0000000000000000 00000000 00009300 DPL=0 DS   [-WA]
LDT=0000 0000000000000000 00000000 00008200 DPL=0 LDT
TR =0038 0000000000000000 00000000 00008900 DPL=0 TSS64-avl
GDT=     ffff800000018048 00000047
IDT=     ffffffff80007120 00000fff
CR0=80010011 CR2=0000000000000000 CR3=0000000007fa3000 CR4=00000020
DR0=0000000000000000 DR1=0000000000000000 DR2=0000000000000000 DR3=0000000000000000 
DR6=00000000ffff0ff0 DR7=0000000000000400
CCS=0000000000000044 CCD=0000000000000000 CCO=EFLAGS
EFER=0000000000000d00
Servicing hardware INT=0x20
    59: v=20 e=0000 i=0 cpl=0 IP=0028:ffffffff8000281d pc=ffffffff8000281d SP=0030:ffff800007fb3f00 env->regs[R_EAX]=0000000000000000
RAX=0000000000000000 RBX=0000000000000000 RCX=0000000000000007 RDX=000000000000000d
RSI=000000000000000a RDI=ffff800007fb3eee RBP=ffff800007fb3ff0 RSP=ffff800007fb3f00
R8 =0000000000ffffff R9 =0000000000000500 R10=0000000000000000 R11=0000000000000000
R12=0000000000000000 R13=0000000000000000 R14=0000000000000000 R15=0000000000000000
RIP=ffffffff8000281d RFL=00000246 [---Z-P-] CPL=0 II=0 A20=1 SMM=0 HLT=0
ES =0030 0000000000000000 00000000 00009300 DPL=0 DS   [-WA]
CS =0028 0000000000000000 00000000 00209b00 DPL=0 CS64 [-RA]
SS =0030 0000000000000000 00000000 00009300 DPL=0 DS   [-WA]
DS =0030 0000000000000000 00000000 00009300 DPL=0 DS   [-WA]
FS =0030 0000000000000000 00000000 00009300 DPL=0 DS   [-WA]
GS =0030 0000000000000000 00000000 00009300 DPL=0 DS   [-WA]
LDT=0000 0000000000000000 00000000 00008200 DPL=0 LDT
TR =0038 0000000000000000 00000000 00008900 DPL=0 TSS64-avl
GDT=     ffff800000018048 00000047
IDT=     ffffffff80007120 00000fff
CR0=80010011 CR2=0000000000000000 CR3=0000000007fa3000 CR4=00000020
DR0=0000000000000000 DR1=0000000000000000 DR2=0000000000000000 DR3=0000000000000000 
DR6=00000000ffff0ff0 DR7=0000000000000400
CCS=0000000000000044 CCD=0000000000000000 CCO=EFLAGS
EFER=0000000000000d00
Servicing hardware INT=0x20
    60: v=20 e=0000 i=0 cpl=0 IP=0028:ffffffff8000281d pc=ffffffff8000281d SP=0030:ffff800007fb3f00 env->regs[R_EAX]=0000000000000000
RAX=0000000000000000 RBX=0000000000000000 RCX=0000000000000007 RDX=000000000000000d
RSI=000000000000000a RDI=ffff800007fb3eee RBP=ffff800007fb3ff0 RSP=ffff800007fb3f00
R8 =0000000000ffffff R9 =0000000000000500 R10=0000000000000000 R11=0000000000000000
R12=0000000000000000 R13=0000000000000000 R14=0000000000000000 R15=0000000000000000
RIP=ffffffff8000281d RFL=00000246 [---Z-P-] CPL=0 II=0 A20=1 SMM=0 HLT=0
ES =0030 0000000000000000 00000000 00009300 DPL=0 DS   [-WA]
CS =0028 0000000000000000 00000000 00209b00 DPL=0 CS64 [-RA]
SS =0030 0000000000000000 00000000 00009300 DPL=0 DS   [-WA]
DS =0030 0000000000000000 00000000 00009300 DPL=0 DS   [-WA]
FS =0030 0000000000000000 00000000 00009300 DPL=0 DS   [-WA]
GS =0030 0000000000000000 00000000 00009300 DPL=0 DS   [-WA]
LDT=0000 0000000000000000 00000000 00008200 DPL=0 LDT
TR =0038 0000000000000000 00000000 00008900 DPL=0 TSS64-avl
GDT=     ffff800000018048 00000047
IDT=     ffffffff80007120 00000fff
CR0=80010011 CR2=0000000000000000 CR3=0000000007fa3000 CR4=00000020
DR0=0000000000000000 DR1=0000000000000000 DR2=0000000000000000 DR3=0000000000000000 
DR6=00000000ffff0ff0 DR7=0000000000000400
CCS=0000000000000044 CCD=0000000000000000 CCO=EFLAGS
EFER=0000000000000d00
Servicing hardware INT=0x20
    61: v=20 e=0000 i=0 cpl=0 IP=0028:ffffffff8000281d pc=ffffffff8000281d SP=0030:ffff800007fb3f00 env->regs[R_EAX]=0000000000000000
RAX=0000000000000000 RBX=0000000000000000 RCX=0000000000000007 RDX=000000000000000d
RSI=000000000000000a RDI=ffff800007fb3eee RBP=ffff800007fb3ff0 RSP=ffff800007fb3f00
R8 =0000000000ffffff R9 =0000000000000500 R10=0000000000000000 R11=0000000000000000
R12=0000000000000000 R13=0000000000000000 R14=0000000000000000 R15=0000000000000000
RIP=ffffffff8000281d RFL=00000246 [---Z-P-] CPL=0 II=0 A20=1 SMM=0 HLT=0
ES =0030 0000000000000000 00000000 00009300 DPL=0 DS   [-WA]
CS =0028 0000000000000000 00000000 00209b00 DPL=0 CS64 [-RA]
SS =0030 0000000000000000 00000000 00009300 DPL=0 DS   [-WA]
DS =0030 0000000000000000 00000000 00009300 DPL=0 DS   [-WA]
FS =0030 0000000000000000 00000000 00009300 DPL=0 DS   [-WA]
GS =0030 0000000000000000 00000000 00009300 DPL=0 DS   [-WA]
LDT=0000 0000000000000000 00000000 00008200 DPL=0 LDT
TR =0038 0000000000000000 00000000 00008900 DPL=0 TSS64-avl
GDT=     ffff800000018048 00000047
IDT=     ffffffff80007120 00000fff
CR0=80010011 CR2=0000000000000000 CR3=0000000007fa3000 CR4=00000020
DR0=0000000000000000 DR1=0000000000000000 DR2=0000000000000000 DR3=0000000000000000 
DR6=00000000ffff0ff0 DR7=0000000000000400
CCS=0000000000000044 CCD=0000000000000000 CCO=EFLAGS
EFER=0000000000000d00
Servicing hardware INT=0x20
    62: v=20 e=0000 i=0 cpl=0 IP=0028:ffffffff8000281d pc=ffffffff8000281d SP=0030:ffff800007fb3f00 env->regs[R_EAX]=0000000000000000
RAX=0000000000000000 RBX=0000000000000000 RCX=0000000000000007 RDX=000000000000000d
RSI=000000000000000a RDI=ffff800007fb3eee RBP=ffff800007fb3ff0 RSP=ffff800007fb3f00
R8 =0000000000ffffff R9 =0000000000000500 R10=0000000000000000 R11=0000000000000000
R12=0000000000000000 R13=0000000000000000 R14=0000000000000000 R15=0000000000000000
RIP=ffffffff8000281d RFL=00000246 [---Z-P-] CPL=0 II=0 A20=1 SMM=0 HLT=0
ES =0030 0000000000000000 00000000 00009300 DPL=0 DS   [-WA]
CS =0028 0000000000000000 00000000 00209b00 DPL=0 CS64 [-RA]
SS =0030 0000000000000000 00000000 00009300 DPL=0 DS   [-WA]
DS =0030 0000000000000000 00000000 00009300 DPL=0 DS   [-WA]
FS =0030 0000000000000000 00000000 00009300 DPL=0 DS   [-WA]
GS =0030 0000000000000000 00000000 00009300 DPL=0 DS   [-WA]
LDT=0000 0000000000000000 00000000 00008200 DPL=0 LDT
TR =0038 0000000000000000 00000000 00008900 DPL=0 TSS64-avl
GDT=     ffff800000018048 00000047
IDT=     ffffffff80007120 00000fff
CR0=80010011 CR2=0000000000000000 CR3=0000000007fa3000 CR4=00000020
DR0=0000000000000000 DR1=0000000000000000 DR2=0000000000000000 DR3=0000000000000000 
DR6=00000000ffff0ff0 DR7=0000000000000400
CCS=0000000000000044 CCD=0000000000000000 CCO=EFLAGS
EFER=0000000000000d00
Servicing hardware INT=0x20
    63: v=20 e=0000 i=0 cpl=0 IP=0028:ffffffff8000281d pc=ffffffff8000281d SP=0030:ffff800007fb3f00 env->regs[R_EAX]=0000000000000000
RAX=0000000000000000 RBX=0000000000000000 RCX=0000000000000007 RDX=000000000000000d
RSI=000000000000000a RDI=ffff800007fb3eee RBP=ffff800007fb3ff0 RSP=ffff800007fb3f00
R8 =0000000000ffffff R9 =0000000000000500 R10=0000000000000000 R11=0000000000000000
R12=0000000000000000 R13=0000000000000000 R14=0000000000000000 R15=0000000000000000
RIP=ffffffff8000281d RFL=00000246 [---Z-P-] CPL=0 II=0 A20=1 SMM=0 HLT=0
ES =0030 0000000000000000 00000000 00009300 DPL=0 DS   [-WA]
CS =0028 0000000000000000 00000000 00209b00 DPL=0 CS64 [-RA]
SS =0030 0000000000000000 00000000 00009300 DPL=0 DS   [-WA]
DS =0030 0000000000000000 00000000 00009300 DPL=0 DS   [-WA]
FS =0030 0000000000000000 00000000 00009300 DPL=0 DS   [-WA]
GS =0030 0000000000000000 00000000 00009300 DPL=0 DS   [-WA]
LDT=0000 0000000000000000 00000000 00008200 DPL=0 LDT
TR =0038 0000000000000000 00000000 00008900 DPL=0 TSS64-avl
GDT=     ffff800000018048 00000047
IDT=     ffffffff80007120 00000fff
CR0=80010011 CR2=0000000000000000 CR3=0000000007fa3000 CR4=00000020
DR0=0000000000000000 DR1=0000000000000000 DR2=0000000000000000 DR3=0000000000000000 
DR6=00000000ffff0ff0 DR7=0000000000000400
CCS=0000000000000044 CCD=0000000000000000 CCO=EFLAGS
EFER=0000000000000d00
Servicing hardware INT=0x20
    64: v=20 e=0000 i=0 cpl=0 IP=0028:ffffffff8000281d pc=ffffffff8000281d SP=0030:ffff800007fb3f00 env->regs[R_EAX]=0000000000000000
RAX=0000000000000000 RBX=0000000000000000 RCX=0000000000000007 RDX=000000000000000d
RSI=000000000000000a RDI=ffff800007fb3eee RBP=ffff800007fb3ff0 RSP=ffff800007fb3f00
R8 =0000000000ffffff R9 =0000000000000500 R10=0000000000000000 R11=0000000000000000
R12=0000000000000000 R13=0000000000000000 R14=0000000000000000 R15=0000000000000000
RIP=ffffffff8000281d RFL=00000246 [---Z-P-] CPL=0 II=0 A20=1 SMM=0 HLT=0
ES =0030 0000000000000000 00000000 00009300 DPL=0 DS   [-WA]
CS =0028 0000000000000000 00000000 00209b00 DPL=0 CS64 [-RA]
SS =0030 0000000000000000 00000000 00009300 DPL=0 DS   [-WA]
DS =0030 0000000000000000 00000000 00009300 DPL=0 DS   [-WA]
FS =0030 0000000000000000 00000000 00009300 DPL=0 DS   [-WA]
GS =0030 0000000000000000 00000000 00009300 DPL=0 DS   [-WA]
LDT=0000 0000000000000000 00000000 00008200 DPL=0 LDT
TR =0038 0000000000000000 00000000 00008900 DPL=0 TSS64-avl
GDT=     ffff800000018048 00000047
IDT=     ffffffff80007120 00000fff
CR0=80010011 CR2=0000000000000000 CR3=0000000007fa3000 CR4=00000020
DR0=0000000000000000 DR1=0000000000000000 DR2=0000000000000000 DR3=0000000000000000 
DR6=00000000ffff0ff0 DR7=0000000000000400
CCS=0000000000000044 CCD=0000000000000000 CCO=EFLAGS
EFER=0000000000000d00
Servicing hardware INT=0x20
    65: v=20 e=0000 i=0 cpl=0 IP=0028:ffffffff8000281d pc=ffffffff8000281d SP=0030:ffff800007fb3f00 env->regs[R_EAX]=0000000000000000
RAX=0000000000000000 RBX=0000000000000000 RCX=0000000000000007 RDX=000000000000000d
RSI=000000000000000a RDI=ffff800007fb3eee RBP=ffff800007fb3ff0 RSP=ffff800007fb3f00
R8 =0000000000ffffff R9 =0000000000000500 R10=0000000000000000 R11=0000000000000000
R12=0000000000000000 R13=0000000000000000 R14=0000000000000000 R15=0000000000000000
RIP=ffffffff8000281d RFL=00000246 [---Z-P-] CPL=0 II=0 A20=1 SMM=0 HLT=0
ES =0030 0000000000000000 00000000 00009300 DPL=0 DS   [-WA]
CS =0028 0000000000000000 00000000 00209b00 DPL=0 CS64 [-RA]
SS =0030 0000000000000000 00000000 00009300 DPL=0 DS   [-WA]
DS =0030 0000000000000000 00000000 00009300 DPL=0 DS   [-WA]
FS =0030 0000000000000000 00000000 00009300 DPL=0 DS   [-WA]
GS =0030 0000000000000000 00000000 00009300 DPL=0 DS   [-WA]
LDT=0000 0000000000000000 00000000 00008200 DPL=0 LDT
TR =0038 0000000000000000 00000000 00008900 DPL=0 TSS64-avl
GDT=     ffff800000018048 00000047
IDT=     ffffffff80007120 00000fff
CR0=80010011 CR2=0000000000000000 CR3=0000000007fa3000 CR4=00000020
DR0=0000000000000000 DR1=0000000000000000 DR2=0000000000000000 DR3=0000000000000000 
DR6=00000000ffff0ff0 DR7=0000000000000400
CCS=0000000000000044 CCD=0000000000000000 CCO=EFLAGS
EFER=0000000000000d00
Servicing hardware INT=0x20
    66: v=20 e=0000 i=0 cpl=0 IP=0028:ffffffff8000281d pc=ffffffff8000281d SP=0030:ffff800007fb3f00 env->regs[R_EAX]=0000000000000000
RAX=0000000000000000 RBX=0000000000000000 RCX=0000000000000007 RDX=000000000000000d
RSI=000000000000000a RDI=ffff800007fb3eee RBP=ffff800007fb3ff0 RSP=ffff800007fb3f00
R8 =0000000000ffffff R9 =0000000000000500 R10=0000000000000000 R11=0000000000000000
R12=0000000000000000 R13=0000000000000000 R14=0000000000000000 R15=0000000000000000
RIP=ffffffff8000281d RFL=00000246 [---Z-P-] CPL=0 II=0 A20=1 SMM=0 HLT=0
ES =0030 0000000000000000 00000000 00009300 DPL=0 DS   [-WA]
CS =0028 0000000000000000 00000000 00209b00 DPL=0 CS64 [-RA]
SS =0030 0000000000000000 00000000 00009300 DPL=0 DS   [-WA]
DS =0030 0000000000000000 00000000 00009300 DPL=0 DS   [-WA]
FS =0030 0000000000000000 00000000 00009300 DPL=0 DS   [-WA]
GS =0030 0000000000000000 00000000 00009300 DPL=0 DS   [-WA]
LDT=0000 0000000000000000 00000000 00008200 DPL=0 LDT
TR =0038 0000000000000000 00000000 00008900 DPL=0 TSS64-avl
GDT=     ffff800000018048 00000047
IDT=     ffffffff80007120 00000fff
CR0=80010011 CR2=0000000000000000 CR3=0000000007fa3000 CR4=00000020
DR0=0000000000000000 DR1=0000000000000000 DR2=0000000000000000 DR3=0000000000000000 
DR6=00000000ffff0ff0 DR7=0000000000000400
CCS=0000000000000044 CCD=0000000000000000 CCO=EFLAGS
EFER=0000000000000d00
Servicing hardware INT=0x21
    67: v=21 e=0000 i=0 cpl=0 IP=0028:ffffffff8000281d pc=ffffffff8000281d SP=0030:ffff800007fb3f00 env->regs[R_EAX]=0000000000000000
RAX=0000000000000000 RBX=0000000000000000 RCX=0000000000000007 RDX=000000000000000d
RSI=000000000000000a RDI=ffff800007fb3eee RBP=ffff800007fb3ff0 RSP=ffff800007fb3f00
R8 =0000000000ffffff R9 =0000000000000500 R10=0000000000000000 R11=0000000000000000
R12=0000000000000000 R13=0000000000000000 R14=0000000000000000 R15=0000000000000000
RIP=ffffffff8000281d RFL=00000246 [---Z-P-] CPL=0 II=0 A20=1 SMM=0 HLT=0
ES =0030 0000000000000000 00000000 00009300 DPL=0 DS   [-WA]
CS =0028 0000000000000000 00000000 00209b00 DPL=0 CS64 [-RA]
SS =0030 0000000000000000 00000000 00009300 DPL=0 DS   [-WA]
DS =0030 0000000000000000 00000000 00009300 DPL=0 DS   [-WA]
FS =0030 0000000000000000 00000000 00009300 DPL=0 DS   [-WA]
GS =0030 0000000000000000 00000000 00009300 DPL=0 DS   [-WA]
LDT=0000 0000000000000000 00000000 00008200 DPL=0 LDT
TR =0038 0000000000000000 00000000 00008900 DPL=0 TSS64-avl
GDT=     ffff800000018048 00000047
IDT=     ffffffff80007120 00000fff
CR0=80010011 CR2=0000000000000000 CR3=0000000007fa3000 CR4=00000020
DR0=0000000000000000 DR1=0000000000000000 DR2=0000000000000000 DR3=0000000000000000 
DR6=00000000ffff0ff0 DR7=0000000000000400
CCS=0000000000000044 CCD=0000000000000000 CCO=EFLAGS
EFER=0000000000000d00
Servicing hardware INT=0x20
    68: v=20 e=0000 i=0 cpl=0 IP=0028:ffffffff8000281d pc=ffffffff8000281d SP=0030:ffff800007fb3f00 env->regs[R_EAX]=0000000000000000
RAX=0000000000000000 RBX=0000000000000000 RCX=0000000000000007 RDX=000000000000000e
RSI=000000000000000a RDI=ffff800007fb3eee RBP=ffff800007fb3ff0 RSP=ffff800007fb3f00
R8 =0000000000ffffff R9 =0000000000000500 R10=0000000000000000 R11=0000000000000000
R12=0000000000000000 R13=0000000000000000 R14=0000000000000000 R15=0000000000000000
RIP=ffffffff8000281d RFL=00000246 [---Z-P-] CPL=0 II=0 A20=1 SMM=0 HLT=0
ES =0030 0000000000000000 00000000 00009300 DPL=0 DS   [-WA]
CS =0028 0000000000000000 00000000 00209b00 DPL=0 CS64 [-RA]
SS =0030 0000000000000000 00000000 00009300 DPL=0 DS   [-WA]
DS =0030 0000000000000000 00000000 00009300 DPL=0 DS   [-WA]
FS =0030 0000000000000000 00000000 00009300 DPL=0 DS   [-WA]
GS =0030 0000000000000000 00000000 00009300 DPL=0 DS   [-WA]
LDT=0000 0000000000000000 00000000 00008200 DPL=0 LDT
TR =0038 0000000000000000 00000000 00008900 DPL=0 TSS64-avl
GDT=     ffff800000018048 00000047
IDT=     ffffffff80007120 00000fff
CR0=80010011 CR2=0000000000000000 CR3=0000000007fa3000 CR4=00000020
DR0=0000000000000000 DR1=0000000000000000 DR2=0000000000000000 DR3=0000000000000000 
DR6=00000000ffff0ff0 DR7=0000000000000400
CCS=0000000000000044 CCD=0000000000000000 CCO=EFLAGS
EFER=0000000000000d00
Servicing hardware INT=0x20
    69: v=20 e=0000 i=0 cpl=0 IP=0028:ffffffff8000281d pc=ffffffff8000281d SP=0030:ffff800007fb3f00 env->regs[R_EAX]=0000000000000000
RAX=0000000000000000 RBX=0000000000000000 RCX=0000000000000007 RDX=000000000000000e
RSI=000000000000000a RDI=ffff800007fb3eee RBP=ffff800007fb3ff0 RSP=ffff800007fb3f00
R8 =0000000000ffffff R9 =0000000000000500 R10=0000000000000000 R11=0000000000000000
R12=0000000000000000 R13=0000000000000000 R14=0000000000000000 R15=0000000000000000
RIP=ffffffff8000281d RFL=00000246 [---Z-P-] CPL=0 II=0 A20=1 SMM=0 HLT=0
ES =0030 0000000000000000 00000000 00009300 DPL=0 DS   [-WA]
CS =0028 0000000000000000 00000000 00209b00 DPL=0 CS64 [-RA]
SS =0030 0000000000000000 00000000 00009300 DPL=0 DS   [-WA]
DS =0030 0000000000000000 00000000 00009300 DPL=0 DS   [-WA]
FS =0030 0000000000000000 00000000 00009300 DPL=0 DS   [-WA]
GS =0030 0000000000000000 00000000 00009300 DPL=0 DS   [-WA]
LDT=0000 0000000000000000 00000000 00008200 DPL=0 LDT
TR =0038 0000000000000000 00000000 00008900 DPL=0 TSS64-avl
GDT=     ffff800000018048 00000047
IDT=     ffffffff80007120 00000fff
CR0=80010011 CR2=0000000000000000 CR3=0000000007fa3000 CR4=00000020
DR0=0000000000000000 DR1=0000000000000000 DR2=0000000000000000 DR3=0000000000000000 
DR6=00000000ffff0ff0 DR7=0000000000000400
CCS=0000000000000044 CCD=0000000000000000 CCO=EFLAGS
EFER=0000000000000d00
Servicing hardware INT=0x21
    70: v=21 e=0000 i=0 cpl=0 IP=0028:ffffffff8000281d pc=ffffffff8000281d SP=0030:ffff800007fb3f00 env->regs[R_EAX]=0000000000000000
RAX=0000000000000000 RBX=0000000000000000 RCX=0000000000000007 RDX=000000000000000e
RSI=000000000000000a RDI=ffff800007fb3eee RBP=ffff800007fb3ff0 RSP=ffff800007fb3f00
R8 =0000000000ffffff R9 =0000000000000500 R10=0000000000000000 R11=0000000000000000
R12=0000000000000000 R13=0000000000000000 R14=0000000000000000 R15=0000000000000000
RIP=ffffffff8000281d RFL=00000246 [---Z-P-] CPL=0 II=0 A20=1 SMM=0 HLT=0
ES =0030 0000000000000000 00000000 00009300 DPL=0 DS   [-WA]
CS =0028 0000000000000000 00000000 00209b00 DPL=0 CS64 [-RA]
SS =0030 0000000000000000 00000000 00009300 DPL=0 DS   [-WA]
DS =0030 0000000000000000 00000000 00009300 DPL=0 DS   [-WA]
FS =0030 0000000000000000 00000000 00009300 DPL=0 DS   [-WA]
GS =0030 0000000000000000 00000000 00009300 DPL=0 DS   [-WA]
LDT=0000 0000000000000000 00000000 00008200 DPL=0 LDT
TR =0038 0000000000000000 00000000 00008900 DPL=0 TSS64-avl
GDT=     ffff800000018048 00000047
IDT=     ffffffff80007120 00000fff
CR0=80010011 CR2=0000000000000000 CR3=0000000007fa3000 CR4=00000020
DR0=0000000000000000 DR1=0000000000000000 DR2=0000000000000000 DR3=0000000000000000 
DR6=00000000ffff0ff0 DR7=0000000000000400
CCS=0000000000000044 CCD=0000000000000000 CCO=EFLAGS
EFER=0000000000000d00
Servicing hardware INT=0x21
    71: v=21 e=0000 i=0 cpl=0 IP=0028:ffffffff8000281d pc=ffffffff8000281d SP=0030:ffff800007fb3f00 env->regs[R_EAX]=0000000000000000
RAX=0000000000000000 RBX=0000000000000000 RCX=0000000000000007 RDX=000000000000000e
RSI=000000000000000a RDI=ffff800007fb3eee RBP=ffff800007fb3ff0 RSP=ffff800007fb3f00
R8 =0000000000ffffff R9 =0000000000000500 R10=0000000000000000 R11=0000000000000000
R12=0000000000000000 R13=0000000000000000 R14=0000000000000000 R15=0000000000000000
RIP=ffffffff8000281d RFL=00010246 [---Z-P-] CPL=0 II=0 A20=1 SMM=0 HLT=0
ES =0030 0000000000000000 00000000 00009300 DPL=0 DS   [-WA]
CS =0028 0000000000000000 00000000 00209b00 DPL=0 CS64 [-RA]
SS =0030 0000000000000000 00000000 00009300 DPL=0 DS   [-WA]
DS =0030 0000000000000000 00000000 00009300 DPL=0 DS   [-WA]
FS =0030 0000000000000000 00000000 00009300 DPL=0 DS   [-WA]
GS =0030 0000000000000000 00000000 00009300 DPL=0 DS   [-WA]
LDT=0000 0000000000000000 00000000 00008200 DPL=0 LDT
TR =0038 0000000000000000 00000000 00008900 DPL=0 TSS64-avl
GDT=     ffff800000018048 00000047
IDT=     ffffffff80007120 00000fff
CR0=80010011 CR2=0000000000000000 CR3=0000000007fa3000 CR4=00000020
DR0=0000000000000000 DR1=0000000000000000 DR2=0000000000000000 DR3=0000000000000000 
DR6=00000000ffff0ff0 DR7=0000000000000400
CCS=0000000000000044 CCD=ffff800007fb3ed8 CCO=EFLAGS
EFER=0000000000000d00
Servicing hardware INT=0x20
    72: v=20 e=0000 i=0 cpl=0 IP=0028:ffffffff8000281d pc=ffffffff8000281d SP=0030:ffff800007fb3f00 env->regs[R_EAX]=0000000000000000
RAX=0000000000000000 RBX=0000000000000000 RCX=0000000000000007 RDX=0000000000000010
RSI=000000000000000a RDI=ffff800007fb3eee RBP=ffff800007fb3ff0 RSP=ffff800007fb3f00
R8 =0000000000ffffff R9 =0000000000000500 R10=0000000000000000 R11=0000000000000000
R12=0000000000000000 R13=0000000000000000 R14=0000000000000000 R15=0000000000000000
RIP=ffffffff8000281d RFL=00000246 [---Z-P-] CPL=0 II=0 A20=1 SMM=0 HLT=0
ES =0030 0000000000000000 00000000 00009300 DPL=0 DS   [-WA]
CS =0028 0000000000000000 00000000 00209b00 DPL=0 CS64 [-RA]
SS =0030 0000000000000000 00000000 00009300 DPL=0 DS   [-WA]
DS =0030 0000000000000000 00000000 00009300 DPL=0 DS   [-WA]
FS =0030 0000000000000000 00000000 00009300 DPL=0 DS   [-WA]
GS =0030 0000000000000000 00000000 00009300 DPL=0 DS   [-WA]
LDT=0000 0000000000000000 00000000 00008200 DPL=0 LDT
TR =0038 0000000000000000 00000000 00008900 DPL=0 TSS64-avl
GDT=     ffff800000018048 00000047
IDT=     ffffffff80007120 00000fff
CR0=80010011 CR2=0000000000000000 CR3=0000000007fa3000 CR4=00000020
DR0=0000000000000000 DR1=0000000000000000 DR2=0000000000000000 DR3=0000000000000000 
DR6=00000000ffff0ff0 DR7=0000000000000400
CCS=0000000000000044 CCD=0000000000000000 CCO=EFLAGS
EFER=0000000000000d00
Servicing hardware INT=0x20
    73: v=20 e=0000 i=0 cpl=0 IP=0028:ffffffff8000281d pc=ffffffff8000281d SP=0030:ffff800007fb3f00 env->regs[R_EAX]=0000000000000000
RAX=0000000000000000 RBX=0000000000000000 RCX=0000000000000007 RDX=0000000000000010
RSI=000000000000000a RDI=ffff800007fb3eee RBP=ffff800007fb3ff0 RSP=ffff800007fb3f00
R8 =0000000000ffffff R9 =0000000000000500 R10=0000000000000000 R11=0000000000000000
R12=0000000000000000 R13=0000000000000000 R14=0000000000000000 R15=0000000000000000
RIP=ffffffff8000281d RFL=00000246 [---Z-P-] CPL=0 II=0 A20=1 SMM=0 HLT=0
ES =0030 0000000000000000 00000000 00009300 DPL=0 DS   [-WA]
CS =0028 0000000000000000 00000000 00209b00 DPL=0 CS64 [-RA]
SS =0030 0000000000000000 00000000 00009300 DPL=0 DS   [-WA]
DS =0030 0000000000000000 00000000 00009300 DPL=0 DS   [-WA]
FS =0030 0000000000000000 00000000 00009300 DPL=0 DS   [-WA]
GS =0030 0000000000000000 00000000 00009300 DPL=0 DS   [-WA]
LDT=0000 0000000000000000 00000000 00008200 DPL=0 LDT
TR =0038 0000000000000000 00000000 00008900 DPL=0 TSS64-avl
GDT=     ffff800000018048 00000047
IDT=     ffffffff80007120 00000fff
CR0=80010011 CR2=0000000000000000 CR3=0000000007fa3000 CR4=00000020
DR0=0000000000000000 DR1=0000000000000000 DR2=0000000000000000 DR3=0000000000000000 
DR6=00000000ffff0ff0 DR7=0000000000000400
CCS=0000000000000044 CCD=0000000000000000 CCO=EFLAGS
EFER=0000000000000d00
Servicing hardware INT=0x20
    74: v=20 e=0000 i=0 cpl=0 IP=0028:ffffffff8000281d pc=ffffffff8000281d SP=0030:ffff800007fb3f00 env->regs[R_EAX]=0000000000000000
RAX=0000000000000000 RBX=0000000000000000 RCX=0000000000000007 RDX=0000000000000010
RSI=000000000000000a RDI=ffff800007fb3eee RBP=ffff800007fb3ff0 RSP=ffff800007fb3f00
R8 =0000000000ffffff R9 =0000000000000500 R10=0000000000000000 R11=0000000000000000
R12=0000000000000000 R13=0000000000000000 R14=0000000000000000 R15=0000000000000000
RIP=ffffffff8000281d RFL=00000246 [---Z-P-] CPL=0 II=0 A20=1 SMM=0 HLT=0
ES =0030 0000000000000000 00000000 00009300 DPL=0 DS   [-WA]
CS =0028 0000000000000000 00000000 00209b00 DPL=0 CS64 [-RA]
SS =0030 0000000000000000 00000000 00009300 DPL=0 DS   [-WA]
DS =0030 0000000000000000 00000000 00009300 DPL=0 DS   [-WA]
FS =0030 0000000000000000 00000000 00009300 DPL=0 DS   [-WA]
GS =0030 0000000000000000 00000000 00009300 DPL=0 DS   [-WA]
LDT=0000 0000000000000000 00000000 00008200 DPL=0 LDT
TR =0038 0000000000000000 00000000 00008900 DPL=0 TSS64-avl
GDT=     ffff800000018048 00000047
IDT=     ffffffff80007120 00000fff
CR0=80010011 CR2=0000000000000000 CR3=0000000007fa3000 CR4=00000020
DR0=0000000000000000 DR1=0000000000000000 DR2=0000000000000000 DR3=0000000000000000 
DR6=00000000ffff0ff0 DR7=0000000000000400
CCS=0000000000000044 CCD=0000000000000000 CCO=EFLAGS
EFER=0000000000000d00
Servicing hardware INT=0x20
    75: v=20 e=0000 i=0 cpl=0 IP=0028:ffffffff8000281d pc=ffffffff8000281d SP=0030:ffff800007fb3f00 env->regs[R_EAX]=0000000000000000
RAX=0000000000000000 RBX=0000000000000000 RCX=0000000000000007 RDX=0000000000000010
RSI=000000000000000a RDI=ffff800007fb3eee RBP=ffff800007fb3ff0 RSP=ffff800007fb3f00
R8 =0000000000ffffff R9 =0000000000000500 R10=0000000000000000 R11=0000000000000000
R12=0000000000000000 R13=0000000000000000 R14=0000000000000000 R15=0000000000000000
RIP=ffffffff8000281d RFL=00000246 [---Z-P-] CPL=0 II=0 A20=1 SMM=0 HLT=0
ES =0030 0000000000000000 00000000 00009300 DPL=0 DS   [-WA]
CS =0028 0000000000000000 00000000 00209b00 DPL=0 CS64 [-RA]
SS =0030 0000000000000000 00000000 00009300 DPL=0 DS   [-WA]
DS =0030 0000000000000000 00000000 00009300 DPL=0 DS   [-WA]
FS =0030 0000000000000000 00000000 00009300 DPL=0 DS   [-WA]
GS =0030 0000000000000000 00000000 00009300 DPL=0 DS   [-WA]
LDT=0000 0000000000000000 00000000 00008200 DPL=0 LDT
TR =0038 0000000000000000 00000000 00008900 DPL=0 TSS64-avl
GDT=     ffff800000018048 00000047
IDT=     ffffffff80007120 00000fff
CR0=80010011 CR2=0000000000000000 CR3=0000000007fa3000 CR4=00000020
DR0=0000000000000000 DR1=0000000000000000 DR2=0000000000000000 DR3=0000000000000000 
DR6=00000000ffff0ff0 DR7=0000000000000400
CCS=0000000000000044 CCD=0000000000000000 CCO=EFLAGS
EFER=0000000000000d00
Servicing hardware INT=0x20
    76: v=20 e=0000 i=0 cpl=0 IP=0028:ffffffff8000281d pc=ffffffff8000281d SP=0030:ffff800007fb3f00 env->regs[R_EAX]=0000000000000000
RAX=0000000000000000 RBX=0000000000000000 RCX=0000000000000007 RDX=0000000000000010
RSI=000000000000000a RDI=ffff800007fb3eee RBP=ffff800007fb3ff0 RSP=ffff800007fb3f00
R8 =0000000000ffffff R9 =0000000000000500 R10=0000000000000000 R11=0000000000000000
R12=0000000000000000 R13=0000000000000000 R14=0000000000000000 R15=0000000000000000
RIP=ffffffff8000281d RFL=00000246 [---Z-P-] CPL=0 II=0 A20=1 SMM=0 HLT=0
ES =0030 0000000000000000 00000000 00009300 DPL=0 DS   [-WA]
CS =0028 0000000000000000 00000000 00209b00 DPL=0 CS64 [-RA]
SS =0030 0000000000000000 00000000 00009300 DPL=0 DS   [-WA]
DS =0030 0000000000000000 00000000 00009300 DPL=0 DS   [-WA]
FS =0030 0000000000000000 00000000 00009300 DPL=0 DS   [-WA]
GS =0030 0000000000000000 00000000 00009300 DPL=0 DS   [-WA]
LDT=0000 0000000000000000 00000000 00008200 DPL=0 LDT
TR =0038 0000000000000000 00000000 00008900 DPL=0 TSS64-avl
GDT=     ffff800000018048 00000047
IDT=     ffffffff80007120 00000fff
CR0=80010011 CR2=0000000000000000 CR3=0000000007fa3000 CR4=00000020
DR0=0000000000000000 DR1=0000000000000000 DR2=0000000000000000 DR3=0000000000000000 
DR6=00000000ffff0ff0 DR7=0000000000000400
CCS=0000000000000044 CCD=0000000000000000 CCO=EFLAGS
EFER=0000000000000d00
Servicing hardware INT=0x20
    77: v=20 e=0000 i=0 cpl=0 IP=0028:ffffffff8000281d pc=ffffffff8000281d SP=0030:ffff800007fb3f00 env->regs[R_EAX]=0000000000000000
RAX=0000000000000000 RBX=0000000000000000 RCX=0000000000000007 RDX=0000000000000010
RSI=000000000000000a RDI=ffff800007fb3eee RBP=ffff800007fb3ff0 RSP=ffff800007fb3f00
R8 =0000000000ffffff R9 =0000000000000500 R10=0000000000000000 R11=0000000000000000
R12=0000000000000000 R13=0000000000000000 R14=0000000000000000 R15=0000000000000000
RIP=ffffffff8000281d RFL=00000246 [---Z-P-] CPL=0 II=0 A20=1 SMM=0 HLT=0
ES =0030 0000000000000000 00000000 00009300 DPL=0 DS   [-WA]
CS =0028 0000000000000000 00000000 00209b00 DPL=0 CS64 [-RA]
SS =0030 0000000000000000 00000000 00009300 DPL=0 DS   [-WA]
DS =0030 0000000000000000 00000000 00009300 DPL=0 DS   [-WA]
FS =0030 0000000000000000 00000000 00009300 DPL=0 DS   [-WA]
GS =0030 0000000000000000 00000000 00009300 DPL=0 DS   [-WA]
LDT=0000 0000000000000000 00000000 00008200 DPL=0 LDT
TR =0038 0000000000000000 00000000 00008900 DPL=0 TSS64-avl
GDT=     ffff800000018048 00000047
IDT=     ffffffff80007120 00000fff
CR0=80010011 CR2=0000000000000000 CR3=0000000007fa3000 CR4=00000020
DR0=0000000000000000 DR1=0000000000000000 DR2=0000000000000000 DR3=0000000000000000 
DR6=00000000ffff0ff0 DR7=0000000000000400
CCS=0000000000000044 CCD=0000000000000000 CCO=EFLAGS
EFER=0000000000000d00
Servicing hardware INT=0x20
    78: v=20 e=0000 i=0 cpl=0 IP=0028:ffffffff8000281d pc=ffffffff8000281d SP=0030:ffff800007fb3f00 env->regs[R_EAX]=0000000000000000
RAX=0000000000000000 RBX=0000000000000000 RCX=0000000000000007 RDX=0000000000000010
RSI=000000000000000a RDI=ffff800007fb3eee RBP=ffff800007fb3ff0 RSP=ffff800007fb3f00
R8 =0000000000ffffff R9 =0000000000000500 R10=0000000000000000 R11=0000000000000000
R12=0000000000000000 R13=0000000000000000 R14=0000000000000000 R15=0000000000000000
RIP=ffffffff8000281d RFL=00000246 [---Z-P-] CPL=0 II=0 A20=1 SMM=0 HLT=0
ES =0030 0000000000000000 00000000 00009300 DPL=0 DS   [-WA]
CS =0028 0000000000000000 00000000 00209b00 DPL=0 CS64 [-RA]
SS =0030 0000000000000000 00000000 00009300 DPL=0 DS   [-WA]
DS =0030 0000000000000000 00000000 00009300 DPL=0 DS   [-WA]
FS =0030 0000000000000000 00000000 00009300 DPL=0 DS   [-WA]
GS =0030 0000000000000000 00000000 00009300 DPL=0 DS   [-WA]
LDT=0000 0000000000000000 00000000 00008200 DPL=0 LDT
TR =0038 0000000000000000 00000000 00008900 DPL=0 TSS64-avl
GDT=     ffff800000018048 00000047
IDT=     ffffffff80007120 00000fff
CR0=80010011 CR2=0000000000000000 CR3=0000000007fa3000 CR4=00000020
DR0=0000000000000000 DR1=0000000000000000 DR2=0000000000000000 DR3=0000000000000000 
DR6=00000000ffff0ff0 DR7=0000000000000400
CCS=0000000000000044 CCD=0000000000000000 CCO=EFLAGS
EFER=0000000000000d00
Servicing hardware INT=0x20
    79: v=20 e=0000 i=0 cpl=0 IP=0028:ffffffff8000281d pc=ffffffff8000281d SP=0030:ffff800007fb3f00 env->regs[R_EAX]=0000000000000000
RAX=0000000000000000 RBX=0000000000000000 RCX=0000000000000007 RDX=0000000000000010
RSI=000000000000000a RDI=ffff800007fb3eee RBP=ffff800007fb3ff0 RSP=ffff800007fb3f00
R8 =0000000000ffffff R9 =0000000000000500 R10=0000000000000000 R11=0000000000000000
R12=0000000000000000 R13=0000000000000000 R14=0000000000000000 R15=0000000000000000
RIP=ffffffff8000281d RFL=00000246 [---Z-P-] CPL=0 II=0 A20=1 SMM=0 HLT=0
ES =0030 0000000000000000 00000000 00009300 DPL=0 DS   [-WA]
CS =0028 0000000000000000 00000000 00209b00 DPL=0 CS64 [-RA]
SS =0030 0000000000000000 00000000 00009300 DPL=0 DS   [-WA]
DS =0030 0000000000000000 00000000 00009300 DPL=0 DS   [-WA]
FS =0030 0000000000000000 00000000 00009300 DPL=0 DS   [-WA]
GS =0030 0000000000000000 00000000 00009300 DPL=0 DS   [-WA]
LDT=0000 0000000000000000 00000000 00008200 DPL=0 LDT
TR =0038 0000000000000000 00000000 00008900 DPL=0 TSS64-avl
GDT=     ffff800000018048 00000047
IDT=     ffffffff80007120 00000fff
CR0=80010011 CR2=0000000000000000 CR3=0000000007fa3000 CR4=00000020
DR0=0000000000000000 DR1=0000000000000000 DR2=0000000000000000 DR3=0000000000000000 
DR6=00000000ffff0ff0 DR7=0000000000000400
CCS=0000000000000044 CCD=0000000000000000 CCO=EFLAGS
EFER=0000000000000d00
Servicing hardware INT=0x20
    80: v=20 e=0000 i=0 cpl=0 IP=0028:ffffffff8000281d pc=ffffffff8000281d SP=0030:ffff800007fb3f00 env->regs[R_EAX]=0000000000000000
RAX=0000000000000000 RBX=0000000000000000 RCX=0000000000000007 RDX=0000000000000010
RSI=000000000000000a RDI=ffff800007fb3eee RBP=ffff800007fb3ff0 RSP=ffff800007fb3f00
R8 =0000000000ffffff R9 =0000000000000500 R10=0000000000000000 R11=0000000000000000
R12=0000000000000000 R13=0000000000000000 R14=0000000000000000 R15=0000000000000000
RIP=ffffffff8000281d RFL=00000246 [---Z-P-] CPL=0 II=0 A20=1 SMM=0 HLT=0
ES =0030 0000000000000000 00000000 00009300 DPL=0 DS   [-WA]
CS =0028 0000000000000000 00000000 00209b00 DPL=0 CS64 [-RA]
SS =0030 0000000000000000 00000000 00009300 DPL=0 DS   [-WA]
DS =0030 0000000000000000 00000000 00009300 DPL=0 DS   [-WA]
FS =0030 0000000000000000 00000000 00009300 DPL=0 DS   [-WA]
GS =0030 0000000000000000 00000000 00009300 DPL=0 DS   [-WA]
LDT=0000 0000000000000000 00000000 00008200 DPL=0 LDT
TR =0038 0000000000000000 00000000 00008900 DPL=0 TSS64-avl
GDT=     ffff800000018048 00000047
IDT=     ffffffff80007120 00000fff
CR0=80010011 CR2=0000000000000000 CR3=0000000007fa3000 CR4=00000020
DR0=0000000000000000 DR1=0000000000000000 DR2=0000000000000000 DR3=0000000000000000 
DR6=00000000ffff0ff0 DR7=0000000000000400
CCS=0000000000000044 CCD=0000000000000000 CCO=EFLAGS
EFER=0000000000000d00
Servicing hardware INT=0x20
    81: v=20 e=0000 i=0 cpl=0 IP=0028:ffffffff8000281d pc=ffffffff8000281d SP=0030:ffff800007fb3f00 env->regs[R_EAX]=0000000000000000
RAX=0000000000000000 RBX=0000000000000000 RCX=0000000000000007 RDX=0000000000000010
RSI=000000000000000a RDI=ffff800007fb3eee RBP=ffff800007fb3ff0 RSP=ffff800007fb3f00
R8 =0000000000ffffff R9 =0000000000000500 R10=0000000000000000 R11=0000000000000000
R12=0000000000000000 R13=0000000000000000 R14=0000000000000000 R15=0000000000000000
RIP=ffffffff8000281d RFL=00000246 [---Z-P-] CPL=0 II=0 A20=1 SMM=0 HLT=0
ES =0030 0000000000000000 00000000 00009300 DPL=0 DS   [-WA]
CS =0028 0000000000000000 00000000 00209b00 DPL=0 CS64 [-RA]
SS =0030 0000000000000000 00000000 00009300 DPL=0 DS   [-WA]
DS =0030 0000000000000000 00000000 00009300 DPL=0 DS   [-WA]
FS =0030 0000000000000000 00000000 00009300 DPL=0 DS   [-WA]
GS =0030 0000000000000000 00000000 00009300 DPL=0 DS   [-WA]
LDT=0000 0000000000000000 00000000 00008200 DPL=0 LDT
TR =0038 0000000000000000 00000000 00008900 DPL=0 TSS64-avl
GDT=     ffff800000018048 00000047
IDT=     ffffffff80007120 00000fff
CR0=80010011 CR2=0000000000000000 CR3=0000000007fa3000 CR4=00000020
DR0=0000000000000000 DR1=0000000000000000 DR2=0000000000000000 DR3=0000000000000000 
DR6=00000000ffff0ff0 DR7=0000000000000400
CCS=0000000000000044 CCD=0000000000000000 CCO=EFLAGS
EFER=0000000000000d00
Servicing hardware INT=0x20
    82: v=20 e=0000 i=0 cpl=0 IP=0028:ffffffff8000281d pc=ffffffff8000281d SP=0030:ffff800007fb3f00 env->regs[R_EAX]=0000000000000000
RAX=0000000000000000 RBX=0000000000000000 RCX=0000000000000007 RDX=0000000000000010
RSI=000000000000000a RDI=ffff800007fb3eee RBP=ffff800007fb3ff0 RSP=ffff800007fb3f00
R8 =0000000000ffffff R9 =0000000000000500 R10=0000000000000000 R11=0000000000000000
R12=0000000000000000 R13=0000000000000000 R14=0000000000000000 R15=0000000000000000
RIP=ffffffff8000281d RFL=00000246 [---Z-P-] CPL=0 II=0 A20=1 SMM=0 HLT=0
ES =0030 0000000000000000 00000000 00009300 DPL=0 DS   [-WA]
CS =0028 0000000000000000 00000000 00209b00 DPL=0 CS64 [-RA]
SS =0030 0000000000000000 00000000 00009300 DPL=0 DS   [-WA]
DS =0030 0000000000000000 00000000 00009300 DPL=0 DS   [-WA]
FS =0030 0000000000000000 00000000 00009300 DPL=0 DS   [-WA]
GS =0030 0000000000000000 00000000 00009300 DPL=0 DS   [-WA]
LDT=0000 0000000000000000 00000000 00008200 DPL=0 LDT
TR =0038 0000000000000000 00000000 00008900 DPL=0 TSS64-avl
GDT=     ffff800000018048 00000047
IDT=     ffffffff80007120 00000fff
CR0=80010011 CR2=0000000000000000 CR3=0000000007fa3000 CR4=00000020
DR0=0000000000000000 DR1=0000000000000000 DR2=0000000000000000 DR3=0000000000000000 
DR6=00000000ffff0ff0 DR7=0000000000000400
CCS=0000000000000044 CCD=0000000000000000 CCO=EFLAGS
EFER=0000000000000d00
Servicing hardware INT=0x21
    83: v=21 e=0000 i=0 cpl=0 IP=0028:ffffffff8000281d pc=ffffffff8000281d SP=0030:ffff800007fb3f00 env->regs[R_EAX]=0000000000000000
RAX=0000000000000000 RBX=0000000000000000 RCX=0000000000000007 RDX=0000000000000010
RSI=000000000000000a RDI=ffff800007fb3eee RBP=ffff800007fb3ff0 RSP=ffff800007fb3f00
R8 =0000000000ffffff R9 =0000000000000500 R10=0000000000000000 R11=0000000000000000
R12=0000000000000000 R13=0000000000000000 R14=0000000000000000 R15=0000000000000000
RIP=ffffffff8000281d RFL=00000246 [---Z-P-] CPL=0 II=0 A20=1 SMM=0 HLT=0
ES =0030 0000000000000000 00000000 00009300 DPL=0 DS   [-WA]
CS =0028 0000000000000000 00000000 00209b00 DPL=0 CS64 [-RA]
SS =0030 0000000000000000 00000000 00009300 DPL=0 DS   [-WA]
DS =0030 0000000000000000 00000000 00009300 DPL=0 DS   [-WA]
FS =0030 0000000000000000 00000000 00009300 DPL=0 DS   [-WA]
GS =0030 0000000000000000 00000000 00009300 DPL=0 DS   [-WA]
LDT=0000 0000000000000000 00000000 00008200 DPL=0 LDT
TR =0038 0000000000000000 00000000 00008900 DPL=0 TSS64-avl
GDT=     ffff800000018048 00000047
IDT=     ffffffff80007120 00000fff
CR0=80010011 CR2=0000000000000000 CR3=0000000007fa3000 CR4=00000020
DR0=0000000000000000 DR1=0000000000000000 DR2=0000000000000000 DR3=0000000000000000 
DR6=00000000ffff0ff0 DR7=0000000000000400
CCS=0000000000000044 CCD=0000000000000000 CCO=EFLAGS
EFER=0000000000000d00
Servicing hardware INT=0x20
    84: v=20 e=0000 i=0 cpl=0 IP=0028:ffffffff8000281d pc=ffffffff8000281d SP=0030:ffff800007fb3f00 env->regs[R_EAX]=0000000000000000
RAX=0000000000000000 RBX=0000000000000000 RCX=0000000000000007 RDX=0000000000000011
RSI=000000000000000a RDI=ffff800007fb3eee RBP=ffff800007fb3ff0 RSP=ffff800007fb3f00
R8 =0000000000ffffff R9 =0000000000000500 R10=0000000000000000 R11=0000000000000000
R12=0000000000000000 R13=0000000000000000 R14=0000000000000000 R15=0000000000000000
RIP=ffffffff8000281d RFL=00000246 [---Z-P-] CPL=0 II=0 A20=1 SMM=0 HLT=0
ES =0030 0000000000000000 00000000 00009300 DPL=0 DS   [-WA]
CS =0028 0000000000000000 00000000 00209b00 DPL=0 CS64 [-RA]
SS =0030 0000000000000000 00000000 00009300 DPL=0 DS   [-WA]
DS =0030 0000000000000000 00000000 00009300 DPL=0 DS   [-WA]
FS =0030 0000000000000000 00000000 00009300 DPL=0 DS   [-WA]
GS =0030 0000000000000000 00000000 00009300 DPL=0 DS   [-WA]
LDT=0000 0000000000000000 00000000 00008200 DPL=0 LDT
TR =0038 0000000000000000 00000000 00008900 DPL=0 TSS64-avl
GDT=     ffff800000018048 00000047
IDT=     ffffffff80007120 00000fff
CR0=80010011 CR2=0000000000000000 CR3=0000000007fa3000 CR4=00000020
DR0=0000000000000000 DR1=0000000000000000 DR2=0000000000000000 DR3=0000000000000000 
DR6=00000000ffff0ff0 DR7=0000000000000400
CCS=0000000000000044 CCD=0000000000000000 CCO=EFLAGS
EFER=0000000000000d00
Servicing hardware INT=0x20
    85: v=20 e=0000 i=0 cpl=0 IP=0028:ffffffff8000281d pc=ffffffff8000281d SP=0030:ffff800007fb3f00 env->regs[R_EAX]=0000000000000000
RAX=0000000000000000 RBX=0000000000000000 RCX=0000000000000007 RDX=0000000000000011
RSI=000000000000000a RDI=ffff800007fb3eee RBP=ffff800007fb3ff0 RSP=ffff800007fb3f00
R8 =0000000000ffffff R9 =0000000000000500 R10=0000000000000000 R11=0000000000000000
R12=0000000000000000 R13=0000000000000000 R14=0000000000000000 R15=0000000000000000
RIP=ffffffff8000281d RFL=00000246 [---Z-P-] CPL=0 II=0 A20=1 SMM=0 HLT=0
ES =0030 0000000000000000 00000000 00009300 DPL=0 DS   [-WA]
CS =0028 0000000000000000 00000000 00209b00 DPL=0 CS64 [-RA]
SS =0030 0000000000000000 00000000 00009300 DPL=0 DS   [-WA]
DS =0030 0000000000000000 00000000 00009300 DPL=0 DS   [-WA]
FS =0030 0000000000000000 00000000 00009300 DPL=0 DS   [-WA]
GS =0030 0000000000000000 00000000 00009300 DPL=0 DS   [-WA]
LDT=0000 0000000000000000 00000000 00008200 DPL=0 LDT
TR =0038 0000000000000000 00000000 00008900 DPL=0 TSS64-avl
GDT=     ffff800000018048 00000047
IDT=     ffffffff80007120 00000fff
CR0=80010011 CR2=0000000000000000 CR3=0000000007fa3000 CR4=00000020
DR0=0000000000000000 DR1=0000000000000000 DR2=0000000000000000 DR3=0000000000000000 
DR6=00000000ffff0ff0 DR7=0000000000000400
CCS=0000000000000044 CCD=0000000000000000 CCO=EFLAGS
EFER=0000000000000d00
Servicing hardware INT=0x21
    86: v=21 e=0000 i=0 cpl=0 IP=0028:ffffffff8000281d pc=ffffffff8000281d SP=0030:ffff800007fb3f00 env->regs[R_EAX]=0000000000000000
RAX=0000000000000000 RBX=0000000000000000 RCX=0000000000000007 RDX=0000000000000011
RSI=000000000000000a RDI=ffff800007fb3eee RBP=ffff800007fb3ff0 RSP=ffff800007fb3f00
R8 =0000000000ffffff R9 =0000000000000500 R10=0000000000000000 R11=0000000000000000
R12=0000000000000000 R13=0000000000000000 R14=0000000000000000 R15=0000000000000000
RIP=ffffffff8000281d RFL=00000246 [---Z-P-] CPL=0 II=0 A20=1 SMM=0 HLT=0
ES =0030 0000000000000000 00000000 00009300 DPL=0 DS   [-WA]
CS =0028 0000000000000000 00000000 00209b00 DPL=0 CS64 [-RA]
SS =0030 0000000000000000 00000000 00009300 DPL=0 DS   [-WA]
DS =0030 0000000000000000 00000000 00009300 DPL=0 DS   [-WA]
FS =0030 0000000000000000 00000000 00009300 DPL=0 DS   [-WA]
GS =0030 0000000000000000 00000000 00009300 DPL=0 DS   [-WA]
LDT=0000 0000000000000000 00000000 00008200 DPL=0 LDT
TR =0038 0000000000000000 00000000 00008900 DPL=0 TSS64-avl
GDT=     ffff800000018048 00000047
IDT=     ffffffff80007120 00000fff
CR0=80010011 CR2=0000000000000000 CR3=0000000007fa3000 CR4=00000020
DR0=0000000000000000 DR1=0000000000000000 DR2=0000000000000000 DR3=0000000000000000 
DR6=00000000ffff0ff0 DR7=0000000000000400
CCS=0000000000000044 CCD=0000000000000000 CCO=EFLAGS
EFER=0000000000000d00
Servicing hardware INT=0x21
    87: v=21 e=0000 i=0 cpl=0 IP=0028:ffffffff8000281d pc=ffffffff8000281d SP=0030:ffff800007fb3f00 env->regs[R_EAX]=0000000000000000
RAX=0000000000000000 RBX=0000000000000000 RCX=0000000000000007 RDX=0000000000000011
RSI=000000000000000a RDI=ffff800007fb3eee RBP=ffff800007fb3ff0 RSP=ffff800007fb3f00
R8 =0000000000ffffff R9 =0000000000000500 R10=0000000000000000 R11=0000000000000000
R12=0000000000000000 R13=0000000000000000 R14=0000000000000000 R15=0000000000000000
RIP=ffffffff8000281d RFL=00010246 [---Z-P-] CPL=0 II=0 A20=1 SMM=0 HLT=0
ES =0030 0000000000000000 00000000 00009300 DPL=0 DS   [-WA]
CS =0028 0000000000000000 00000000 00209b00 DPL=0 CS64 [-RA]
SS =0030 0000000000000000 00000000 00009300 DPL=0 DS   [-WA]
DS =0030 0000000000000000 00000000 00009300 DPL=0 DS   [-WA]
FS =0030 0000000000000000 00000000 00009300 DPL=0 DS   [-WA]
GS =0030 0000000000000000 00000000 00009300 DPL=0 DS   [-WA]
LDT=0000 0000000000000000 00000000 00008200 DPL=0 LDT
TR =0038 0000000000000000 00000000 00008900 DPL=0 TSS64-avl
GDT=     ffff800000018048 00000047
IDT=     ffffffff80007120 00000fff
CR0=80010011 CR2=0000000000000000 CR3=0000000007fa3000 CR4=00000020
DR0=0000000000000000 DR1=0000000000000000 DR2=0000000000000000 DR3=0000000000000000 
DR6=00000000ffff0ff0 DR7=0000000000000400
CCS=0000000000000044 CCD=ffff800007fb3ed8 CCO=EFLAGS
EFER=0000000000000d00
Servicing hardware INT=0x20
    88: v=20 e=0000 i=0 cpl=0 IP=0028:ffffffff8000281d pc=ffffffff8000281d SP=0030:ffff800007fb3f00 env->regs[R_EAX]=0000000000000000
RAX=0000000000000000 RBX=0000000000000000 RCX=0000000000000007 RDX=0000000000000013
RSI=000000000000000a RDI=ffff800007fb3eee RBP=ffff800007fb3ff0 RSP=ffff800007fb3f00
R8 =0000000000ffffff R9 =0000000000000500 R10=0000000000000000 R11=0000000000000000
R12=0000000000000000 R13=0000000000000000 R14=0000000000000000 R15=0000000000000000
RIP=ffffffff8000281d RFL=00000246 [---Z-P-] CPL=0 II=0 A20=1 SMM=0 HLT=0
ES =0030 0000000000000000 00000000 00009300 DPL=0 DS   [-WA]
CS =0028 0000000000000000 00000000 00209b00 DPL=0 CS64 [-RA]
SS =0030 0000000000000000 00000000 00009300 DPL=0 DS   [-WA]
DS =0030 0000000000000000 00000000 00009300 DPL=0 DS   [-WA]
FS =0030 0000000000000000 00000000 00009300 DPL=0 DS   [-WA]
GS =0030 0000000000000000 00000000 00009300 DPL=0 DS   [-WA]
LDT=0000 0000000000000000 00000000 00008200 DPL=0 LDT
TR =0038 0000000000000000 00000000 00008900 DPL=0 TSS64-avl
GDT=     ffff800000018048 00000047
IDT=     ffffffff80007120 00000fff
CR0=80010011 CR2=0000000000000000 CR3=0000000007fa3000 CR4=00000020
DR0=0000000000000000 DR1=0000000000000000 DR2=0000000000000000 DR3=0000000000000000 
DR6=00000000ffff0ff0 DR7=0000000000000400
CCS=0000000000000044 CCD=0000000000000000 CCO=EFLAGS
EFER=0000000000000d00
Servicing hardware INT=0x20
    89: v=20 e=0000 i=0 cpl=0 IP=0028:ffffffff8000281d pc=ffffffff8000281d SP=0030:ffff800007fb3f00 env->regs[R_EAX]=0000000000000000
RAX=0000000000000000 RBX=0000000000000000 RCX=0000000000000007 RDX=0000000000000013
RSI=000000000000000a RDI=ffff800007fb3eee RBP=ffff800007fb3ff0 RSP=ffff800007fb3f00
R8 =0000000000ffffff R9 =0000000000000500 R10=0000000000000000 R11=0000000000000000
R12=0000000000000000 R13=0000000000000000 R14=0000000000000000 R15=0000000000000000
RIP=ffffffff8000281d RFL=00000246 [---Z-P-] CPL=0 II=0 A20=1 SMM=0 HLT=0
ES =0030 0000000000000000 00000000 00009300 DPL=0 DS   [-WA]
CS =0028 0000000000000000 00000000 00209b00 DPL=0 CS64 [-RA]
SS =0030 0000000000000000 00000000 00009300 DPL=0 DS   [-WA]
DS =0030 0000000000000000 00000000 00009300 DPL=0 DS   [-WA]
FS =0030 0000000000000000 00000000 00009300 DPL=0 DS   [-WA]
GS =0030 0000000000000000 00000000 00009300 DPL=0 DS   [-WA]
LDT=0000 0000000000000000 00000000 00008200 DPL=0 LDT
TR =0038 0000000000000000 00000000 00008900 DPL=0 TSS64-avl
GDT=     ffff800000018048 00000047
IDT=     ffffffff80007120 00000fff
CR0=80010011 CR2=0000000000000000 CR3=0000000007fa3000 CR4=00000020
DR0=0000000000000000 DR1=0000000000000000 DR2=0000000000000000 DR3=0000000000000000 
DR6=00000000ffff0ff0 DR7=0000000000000400
CCS=0000000000000044 CCD=0000000000000000 CCO=EFLAGS
EFER=0000000000000d00
Servicing hardware INT=0x20
    90: v=20 e=0000 i=0 cpl=0 IP=0028:ffffffff8000281d pc=ffffffff8000281d SP=0030:ffff800007fb3f00 env->regs[R_EAX]=0000000000000000
RAX=0000000000000000 RBX=0000000000000000 RCX=0000000000000007 RDX=0000000000000013
RSI=000000000000000a RDI=ffff800007fb3eee RBP=ffff800007fb3ff0 RSP=ffff800007fb3f00
R8 =0000000000ffffff R9 =0000000000000500 R10=0000000000000000 R11=0000000000000000
R12=0000000000000000 R13=0000000000000000 R14=0000000000000000 R15=0000000000000000
RIP=ffffffff8000281d RFL=00000246 [---Z-P-] CPL=0 II=0 A20=1 SMM=0 HLT=0
ES =0030 0000000000000000 00000000 00009300 DPL=0 DS   [-WA]
CS =0028 0000000000000000 00000000 00209b00 DPL=0 CS64 [-RA]
SS =0030 0000000000000000 00000000 00009300 DPL=0 DS   [-WA]
DS =0030 0000000000000000 00000000 00009300 DPL=0 DS   [-WA]
FS =0030 0000000000000000 00000000 00009300 DPL=0 DS   [-WA]
GS =0030 0000000000000000 00000000 00009300 DPL=0 DS   [-WA]
LDT=0000 0000000000000000 00000000 00008200 DPL=0 LDT
TR =0038 0000000000000000 00000000 00008900 DPL=0 TSS64-avl
GDT=     ffff800000018048 00000047
IDT=     ffffffff80007120 00000fff
CR0=80010011 CR2=0000000000000000 CR3=0000000007fa3000 CR4=00000020
DR0=0000000000000000 DR1=0000000000000000 DR2=0000000000000000 DR3=0000000000000000 
DR6=00000000ffff0ff0 DR7=0000000000000400
CCS=0000000000000044 CCD=0000000000000000 CCO=EFLAGS
EFER=0000000000000d00
Servicing hardware INT=0x20
    91: v=20 e=0000 i=0 cpl=0 IP=0028:ffffffff8000281d pc=ffffffff8000281d SP=0030:ffff800007fb3f00 env->regs[R_EAX]=0000000000000000
RAX=0000000000000000 RBX=0000000000000000 RCX=0000000000000007 RDX=0000000000000013
RSI=000000000000000a RDI=ffff800007fb3eee RBP=ffff800007fb3ff0 RSP=ffff800007fb3f00
R8 =0000000000ffffff R9 =0000000000000500 R10=0000000000000000 R11=0000000000000000
R12=0000000000000000 R13=0000000000000000 R14=0000000000000000 R15=0000000000000000
RIP=ffffffff8000281d RFL=00000246 [---Z-P-] CPL=0 II=0 A20=1 SMM=0 HLT=0
ES =0030 0000000000000000 00000000 00009300 DPL=0 DS   [-WA]
CS =0028 0000000000000000 00000000 00209b00 DPL=0 CS64 [-RA]
SS =0030 0000000000000000 00000000 00009300 DPL=0 DS   [-WA]
DS =0030 0000000000000000 00000000 00009300 DPL=0 DS   [-WA]
FS =0030 0000000000000000 00000000 00009300 DPL=0 DS   [-WA]
GS =0030 0000000000000000 00000000 00009300 DPL=0 DS   [-WA]
LDT=0000 0000000000000000 00000000 00008200 DPL=0 LDT
TR =0038 0000000000000000 00000000 00008900 DPL=0 TSS64-avl
GDT=     ffff800000018048 00000047
IDT=     ffffffff80007120 00000fff
CR0=80010011 CR2=0000000000000000 CR3=0000000007fa3000 CR4=00000020
DR0=0000000000000000 DR1=0000000000000000 DR2=0000000000000000 DR3=0000000000000000 
DR6=00000000ffff0ff0 DR7=0000000000000400
CCS=0000000000000044 CCD=0000000000000000 CCO=EFLAGS
EFER=0000000000000d00
Servicing hardware INT=0x20
    92: v=20 e=0000 i=0 cpl=0 IP=0028:ffffffff8000281d pc=ffffffff8000281d SP=0030:ffff800007fb3f00 env->regs[R_EAX]=0000000000000000
RAX=0000000000000000 RBX=0000000000000000 RCX=0000000000000007 RDX=0000000000000013
RSI=000000000000000a RDI=ffff800007fb3eee RBP=ffff800007fb3ff0 RSP=ffff800007fb3f00
R8 =0000000000ffffff R9 =0000000000000500 R10=0000000000000000 R11=0000000000000000
R12=0000000000000000 R13=0000000000000000 R14=0000000000000000 R15=0000000000000000
RIP=ffffffff8000281d RFL=00000246 [---Z-P-] CPL=0 II=0 A20=1 SMM=0 HLT=0
ES =0030 0000000000000000 00000000 00009300 DPL=0 DS   [-WA]
CS =0028 0000000000000000 00000000 00209b00 DPL=0 CS64 [-RA]
SS =0030 0000000000000000 00000000 00009300 DPL=0 DS   [-WA]
DS =0030 0000000000000000 00000000 00009300 DPL=0 DS   [-WA]
FS =0030 0000000000000000 00000000 00009300 DPL=0 DS   [-WA]
GS =0030 0000000000000000 00000000 00009300 DPL=0 DS   [-WA]
LDT=0000 0000000000000000 00000000 00008200 DPL=0 LDT
TR =0038 0000000000000000 00000000 00008900 DPL=0 TSS64-avl
GDT=     ffff800000018048 00000047
IDT=     ffffffff80007120 00000fff
CR0=80010011 CR2=0000000000000000 CR3=0000000007fa3000 CR4=00000020
DR0=0000000000000000 DR1=0000000000000000 DR2=0000000000000000 DR3=0000000000000000 
DR6=00000000ffff0ff0 DR7=0000000000000400
CCS=0000000000000044 CCD=0000000000000000 CCO=EFLAGS
EFER=0000000000000d00
Servicing hardware INT=0x20
    93: v=20 e=0000 i=0 cpl=0 IP=0028:ffffffff8000281d pc=ffffffff8000281d SP=0030:ffff800007fb3f00 env->regs[R_EAX]=0000000000000000
RAX=0000000000000000 RBX=0000000000000000 RCX=0000000000000007 RDX=0000000000000013
RSI=000000000000000a RDI=ffff800007fb3eee RBP=ffff800007fb3ff0 RSP=ffff800007fb3f00
R8 =0000000000ffffff R9 =0000000000000500 R10=0000000000000000 R11=0000000000000000
R12=0000000000000000 R13=0000000000000000 R14=0000000000000000 R15=0000000000000000
RIP=ffffffff8000281d RFL=00000246 [---Z-P-] CPL=0 II=0 A20=1 SMM=0 HLT=0
ES =0030 0000000000000000 00000000 00009300 DPL=0 DS   [-WA]
CS =0028 0000000000000000 00000000 00209b00 DPL=0 CS64 [-RA]
SS =0030 0000000000000000 00000000 00009300 DPL=0 DS   [-WA]
DS =0030 0000000000000000 00000000 00009300 DPL=0 DS   [-WA]
FS =0030 0000000000000000 00000000 00009300 DPL=0 DS   [-WA]
GS =0030 0000000000000000 00000000 00009300 DPL=0 DS   [-WA]
LDT=0000 0000000000000000 00000000 00008200 DPL=0 LDT
TR =0038 0000000000000000 00000000 00008900 DPL=0 TSS64-avl
GDT=     ffff800000018048 00000047
IDT=     ffffffff80007120 00000fff
CR0=80010011 CR2=0000000000000000 CR3=0000000007fa3000 CR4=00000020
DR0=0000000000000000 DR1=0000000000000000 DR2=0000000000000000 DR3=0000000000000000 
DR6=00000000ffff0ff0 DR7=0000000000000400
CCS=0000000000000044 CCD=0000000000000000 CCO=EFLAGS
EFER=0000000000000d00
Servicing hardware INT=0x20
    94: v=20 e=0000 i=0 cpl=0 IP=0028:ffffffff8000281d pc=ffffffff8000281d SP=0030:ffff800007fb3f00 env->regs[R_EAX]=0000000000000000
RAX=0000000000000000 RBX=0000000000000000 RCX=0000000000000007 RDX=0000000000000013
RSI=000000000000000a RDI=ffff800007fb3eee RBP=ffff800007fb3ff0 RSP=ffff800007fb3f00
R8 =0000000000ffffff R9 =0000000000000500 R10=0000000000000000 R11=0000000000000000
R12=0000000000000000 R13=0000000000000000 R14=0000000000000000 R15=0000000000000000
RIP=ffffffff8000281d RFL=00000246 [---Z-P-] CPL=0 II=0 A20=1 SMM=0 HLT=0
ES =0030 0000000000000000 00000000 00009300 DPL=0 DS   [-WA]
CS =0028 0000000000000000 00000000 00209b00 DPL=0 CS64 [-RA]
SS =0030 0000000000000000 00000000 00009300 DPL=0 DS   [-WA]
DS =0030 0000000000000000 00000000 00009300 DPL=0 DS   [-WA]
FS =0030 0000000000000000 00000000 00009300 DPL=0 DS   [-WA]
GS =0030 0000000000000000 00000000 00009300 DPL=0 DS   [-WA]
LDT=0000 0000000000000000 00000000 00008200 DPL=0 LDT
TR =0038 0000000000000000 00000000 00008900 DPL=0 TSS64-avl
GDT=     ffff800000018048 00000047
IDT=     ffffffff80007120 00000fff
CR0=80010011 CR2=0000000000000000 CR3=0000000007fa3000 CR4=00000020
DR0=0000000000000000 DR1=0000000000000000 DR2=0000000000000000 DR3=0000000000000000 
DR6=00000000ffff0ff0 DR7=0000000000000400
CCS=0000000000000044 CCD=0000000000000000 CCO=EFLAGS
EFER=0000000000000d00
Servicing hardware INT=0x20
    95: v=20 e=0000 i=0 cpl=0 IP=0028:ffffffff8000281d pc=ffffffff8000281d SP=0030:ffff800007fb3f00 env->regs[R_EAX]=0000000000000000
RAX=0000000000000000 RBX=0000000000000000 RCX=0000000000000007 RDX=0000000000000013
RSI=000000000000000a RDI=ffff800007fb3eee RBP=ffff800007fb3ff0 RSP=ffff800007fb3f00
R8 =0000000000ffffff R9 =0000000000000500 R10=0000000000000000 R11=0000000000000000
R12=0000000000000000 R13=0000000000000000 R14=0000000000000000 R15=0000000000000000
RIP=ffffffff8000281d RFL=00000246 [---Z-P-] CPL=0 II=0 A20=1 SMM=0 HLT=0
ES =0030 0000000000000000 00000000 00009300 DPL=0 DS   [-WA]
CS =0028 0000000000000000 00000000 00209b00 DPL=0 CS64 [-RA]
SS =0030 0000000000000000 00000000 00009300 DPL=0 DS   [-WA]
DS =0030 0000000000000000 00000000 00009300 DPL=0 DS   [-WA]
FS =0030 0000000000000000 00000000 00009300 DPL=0 DS   [-WA]
GS =0030 0000000000000000 00000000 00009300 DPL=0 DS   [-WA]
LDT=0000 0000000000000000 00000000 00008200 DPL=0 LDT
TR =0038 0000000000000000 00000000 00008900 DPL=0 TSS64-avl
GDT=     ffff800000018048 00000047
IDT=     ffffffff80007120 00000fff
CR0=80010011 CR2=0000000000000000 CR3=0000000007fa3000 CR4=00000020
DR0=0000000000000000 DR1=0000000000000000 DR2=0000000000000000 DR3=0000000000000000 
DR6=00000000ffff0ff0 DR7=0000000000000400
CCS=0000000000000044 CCD=0000000000000000 CCO=EFLAGS
EFER=0000000000000d00
Servicing hardware INT=0x21
    96: v=21 e=0000 i=0 cpl=0 IP=0028:ffffffff8000281d pc=ffffffff8000281d SP=0030:ffff800007fb3f00 env->regs[R_EAX]=0000000000000000
RAX=0000000000000000 RBX=0000000000000000 RCX=0000000000000007 RDX=0000000000000013
RSI=000000000000000a RDI=ffff800007fb3eee RBP=ffff800007fb3ff0 RSP=ffff800007fb3f00
R8 =0000000000ffffff R9 =0000000000000500 R10=0000000000000000 R11=0000000000000000
R12=0000000000000000 R13=0000000000000000 R14=0000000000000000 R15=0000000000000000
RIP=ffffffff8000281d RFL=00000246 [---Z-P-] CPL=0 II=0 A20=1 SMM=0 HLT=0
ES =0030 0000000000000000 00000000 00009300 DPL=0 DS   [-WA]
CS =0028 0000000000000000 00000000 00209b00 DPL=0 CS64 [-RA]
SS =0030 0000000000000000 00000000 00009300 DPL=0 DS   [-WA]
DS =0030 0000000000000000 00000000 00009300 DPL=0 DS   [-WA]
FS =0030 0000000000000000 00000000 00009300 DPL=0 DS   [-WA]
GS =0030 0000000000000000 00000000 00009300 DPL=0 DS   [-WA]
LDT=0000 0000000000000000 00000000 00008200 DPL=0 LDT
TR =0038 0000000000000000 00000000 00008900 DPL=0 TSS64-avl
GDT=     ffff800000018048 00000047
IDT=     ffffffff80007120 00000fff
CR0=80010011 CR2=0000000000000000 CR3=0000000007fa3000 CR4=00000020
DR0=0000000000000000 DR1=0000000000000000 DR2=0000000000000000 DR3=0000000000000000 
DR6=00000000ffff0ff0 DR7=0000000000000400
CCS=0000000000000044 CCD=0000000000000000 CCO=EFLAGS
EFER=0000000000000d00
Servicing hardware INT=0x20
    97: v=20 e=0000 i=0 cpl=0 IP=0028:ffffffff8000281d pc=ffffffff8000281d SP=0030:ffff800007fb3f00 env->regs[R_EAX]=0000000000000000
RAX=0000000000000000 RBX=0000000000000000 RCX=0000000000000007 RDX=0000000000000014
RSI=000000000000000a RDI=ffff800007fb3eee RBP=ffff800007fb3ff0 RSP=ffff800007fb3f00
R8 =0000000000ffffff R9 =0000000000000500 R10=0000000000000000 R11=0000000000000000
R12=0000000000000000 R13=0000000000000000 R14=0000000000000000 R15=0000000000000000
RIP=ffffffff8000281d RFL=00000246 [---Z-P-] CPL=0 II=0 A20=1 SMM=0 HLT=0
ES =0030 0000000000000000 00000000 00009300 DPL=0 DS   [-WA]
CS =0028 0000000000000000 00000000 00209b00 DPL=0 CS64 [-RA]
SS =0030 0000000000000000 00000000 00009300 DPL=0 DS   [-WA]
DS =0030 0000000000000000 00000000 00009300 DPL=0 DS   [-WA]
FS =0030 0000000000000000 00000000 00009300 DPL=0 DS   [-WA]
GS =0030 0000000000000000 00000000 00009300 DPL=0 DS   [-WA]
LDT=0000 0000000000000000 00000000 00008200 DPL=0 LDT
TR =0038 0000000000000000 00000000 00008900 DPL=0 TSS64-avl
GDT=     ffff800000018048 00000047
IDT=     ffffffff80007120 00000fff
CR0=80010011 CR2=0000000000000000 CR3=0000000007fa3000 CR4=00000020
DR0=0000000000000000 DR1=0000000000000000 DR2=0000000000000000 DR3=0000000000000000 
DR6=00000000ffff0ff0 DR7=0000000000000400
CCS=0000000000000044 CCD=0000000000000000 CCO=EFLAGS
EFER=0000000000000d00
Servicing hardware INT=0x20
    98: v=20 e=0000 i=0 cpl=0 IP=0028:ffffffff8000281d pc=ffffffff8000281d SP=0030:ffff800007fb3f00 env->regs[R_EAX]=0000000000000000
RAX=0000000000000000 RBX=0000000000000000 RCX=0000000000000007 RDX=0000000000000014
RSI=000000000000000a RDI=ffff800007fb3eee RBP=ffff800007fb3ff0 RSP=ffff800007fb3f00
R8 =0000000000ffffff R9 =0000000000000500 R10=0000000000000000 R11=0000000000000000
R12=0000000000000000 R13=0000000000000000 R14=0000000000000000 R15=0000000000000000
RIP=ffffffff8000281d RFL=00000246 [---Z-P-] CPL=0 II=0 A20=1 SMM=0 HLT=0
ES =0030 0000000000000000 00000000 00009300 DPL=0 DS   [-WA]
CS =0028 0000000000000000 00000000 00209b00 DPL=0 CS64 [-RA]
SS =0030 0000000000000000 00000000 00009300 DPL=0 DS   [-WA]
DS =0030 0000000000000000 00000000 00009300 DPL=0 DS   [-WA]
FS =0030 0000000000000000 00000000 00009300 DPL=0 DS   [-WA]
GS =0030 0000000000000000 00000000 00009300 DPL=0 DS   [-WA]
LDT=0000 0000000000000000 00000000 00008200 DPL=0 LDT
TR =0038 0000000000000000 00000000 00008900 DPL=0 TSS64-avl
GDT=     ffff800000018048 00000047
IDT=     ffffffff80007120 00000fff
CR0=80010011 CR2=0000000000000000 CR3=0000000007fa3000 CR4=00000020
DR0=0000000000000000 DR1=0000000000000000 DR2=0000000000000000 DR3=0000000000000000 
DR6=00000000ffff0ff0 DR7=0000000000000400
CCS=0000000000000044 CCD=0000000000000000 CCO=EFLAGS
EFER=0000000000000d00
Servicing hardware INT=0x21
    99: v=21 e=0000 i=0 cpl=0 IP=0028:ffffffff8000281d pc=ffffffff8000281d SP=0030:ffff800007fb3f00 env->regs[R_EAX]=0000000000000000
RAX=0000000000000000 RBX=0000000000000000 RCX=0000000000000007 RDX=0000000000000014
RSI=000000000000000a RDI=ffff800007fb3eee RBP=ffff800007fb3ff0 RSP=ffff800007fb3f00
R8 =0000000000ffffff R9 =0000000000000500 R10=0000000000000000 R11=0000000000000000
R12=0000000000000000 R13=0000000000000000 R14=0000000000000000 R15=0000000000000000
RIP=ffffffff8000281d RFL=00000246 [---Z-P-] CPL=0 II=0 A20=1 SMM=0 HLT=0
ES =0030 0000000000000000 00000000 00009300 DPL=0 DS   [-WA]
CS =0028 0000000000000000 00000000 00209b00 DPL=0 CS64 [-RA]
SS =0030 0000000000000000 00000000 00009300 DPL=0 DS   [-WA]
DS =0030 0000000000000000 00000000 00009300 DPL=0 DS   [-WA]
FS =0030 0000000000000000 00000000 00009300 DPL=0 DS   [-WA]
GS =0030 0000000000000000 00000000 00009300 DPL=0 DS   [-WA]
LDT=0000 0000000000000000 00000000 00008200 DPL=0 LDT
TR =0038 0000000000000000 00000000 00008900 DPL=0 TSS64-avl
GDT=     ffff800000018048 00000047
IDT=     ffffffff80007120 00000fff
CR0=80010011 CR2=0000000000000000 CR3=0000000007fa3000 CR4=00000020
DR0=0000000000000000 DR1=0000000000000000 DR2=0000000000000000 DR3=0000000000000000 
DR6=00000000ffff0ff0 DR7=0000000000000400
CCS=0000000000000044 CCD=0000000000000000 CCO=EFLAGS
EFER=0000000000000d00
Servicing hardware INT=0x21
   100: v=21 e=0000 i=0 cpl=0 IP=0028:ffffffff8000281d pc=ffffffff8000281d SP=0030:ffff800007fb3f00 env->regs[R_EAX]=0000000000000000
RAX=0000000000000000 RBX=0000000000000000 RCX=0000000000000007 RDX=0000000000000014
RSI=000000000000000a RDI=ffff800007fb3eee RBP=ffff800007fb3ff0 RSP=ffff800007fb3f00
R8 =0000000000ffffff R9 =0000000000000500 R10=0000000000000000 R11=0000000000000000
R12=0000000000000000 R13=0000000000000000 R14=0000000000000000 R15=0000000000000000
RIP=ffffffff8000281d RFL=00010246 [---Z-P-] CPL=0 II=0 A20=1 SMM=0 HLT=0
ES =0030 0000000000000000 00000000 00009300 DPL=0 DS   [-WA]
CS =0028 0000000000000000 00000000 00209b00 DPL=0 CS64 [-RA]
SS =0030 0000000000000000 00000000 00009300 DPL=0 DS   [-WA]
DS =0030 0000000000000000 00000000 00009300 DPL=0 DS   [-WA]
FS =0030 0000000000000000 00000000 00009300 DPL=0 DS   [-WA]
GS =0030 0000000000000000 00000000 00009300 DPL=0 DS   [-WA]
LDT=0000 0000000000000000 00000000 00008200 DPL=0 LDT
TR =0038 0000000000000000 00000000 00008900 DPL=0 TSS64-avl
GDT=     ffff800000018048 00000047
IDT=     ffffffff80007120 00000fff
CR0=80010011 CR2=0000000000000000 CR3=0000000007fa3000 CR4=00000020
DR0=0000000000000000 DR1=0000000000000000 DR2=0000000000000000 DR3=0000000000000000 
DR6=00000000ffff0ff0 DR7=0000000000000400
CCS=0000000000000044 CCD=ffff800007fb3ed8 CCO=EFLAGS
EFER=0000000000000d00
Servicing hardware INT=0x20
   101: v=20 e=0000 i=0 cpl=0 IP=0028:ffffffff8000281d pc=ffffffff8000281d SP=0030:ffff800007fb3f00 env->regs[R_EAX]=0000000000000000
RAX=0000000000000000 RBX=0000000000000000 RCX=0000000000000007 RDX=0000000000000016
RSI=000000000000000a RDI=ffff800007fb3eee RBP=ffff800007fb3ff0 RSP=ffff800007fb3f00
R8 =0000000000ffffff R9 =0000000000000500 R10=0000000000000000 R11=0000000000000000
R12=0000000000000000 R13=0000000000000000 R14=0000000000000000 R15=0000000000000000
RIP=ffffffff8000281d RFL=00000246 [---Z-P-] CPL=0 II=0 A20=1 SMM=0 HLT=0
ES =0030 0000000000000000 00000000 00009300 DPL=0 DS   [-WA]
CS =0028 0000000000000000 00000000 00209b00 DPL=0 CS64 [-RA]
SS =0030 0000000000000000 00000000 00009300 DPL=0 DS   [-WA]
DS =0030 0000000000000000 00000000 00009300 DPL=0 DS   [-WA]
FS =0030 0000000000000000 00000000 00009300 DPL=0 DS   [-WA]
GS =0030 0000000000000000 00000000 00009300 DPL=0 DS   [-WA]
LDT=0000 0000000000000000 00000000 00008200 DPL=0 LDT
TR =0038 0000000000000000 00000000 00008900 DPL=0 TSS64-avl
GDT=     ffff800000018048 00000047
IDT=     ffffffff80007120 00000fff
CR0=80010011 CR2=0000000000000000 CR3=0000000007fa3000 CR4=00000020
DR0=0000000000000000 DR1=0000000000000000 DR2=0000000000000000 DR3=0000000000000000 
DR6=00000000ffff0ff0 DR7=0000000000000400
CCS=0000000000000044 CCD=0000000000000000 CCO=EFLAGS
EFER=0000000000000d00
Servicing hardware INT=0x20
   102: v=20 e=0000 i=0 cpl=0 IP=0028:ffffffff8000281d pc=ffffffff8000281d SP=0030:ffff800007fb3f00 env->regs[R_EAX]=0000000000000000
RAX=0000000000000000 RBX=0000000000000000 RCX=0000000000000007 RDX=0000000000000016
RSI=000000000000000a RDI=ffff800007fb3eee RBP=ffff800007fb3ff0 RSP=ffff800007fb3f00
R8 =0000000000ffffff R9 =0000000000000500 R10=0000000000000000 R11=0000000000000000
R12=0000000000000000 R13=0000000000000000 R14=0000000000000000 R15=0000000000000000
RIP=ffffffff8000281d RFL=00000246 [---Z-P-] CPL=0 II=0 A20=1 SMM=0 HLT=0
ES =0030 0000000000000000 00000000 00009300 DPL=0 DS   [-WA]
CS =0028 0000000000000000 00000000 00209b00 DPL=0 CS64 [-RA]
SS =0030 0000000000000000 00000000 00009300 DPL=0 DS   [-WA]
DS =0030 0000000000000000 00000000 00009300 DPL=0 DS   [-WA]
FS =0030 0000000000000000 00000000 00009300 DPL=0 DS   [-WA]
GS =0030 0000000000000000 00000000 00009300 DPL=0 DS   [-WA]
LDT=0000 0000000000000000 00000000 00008200 DPL=0 LDT
TR =0038 0000000000000000 00000000 00008900 DPL=0 TSS64-avl
GDT=     ffff800000018048 00000047
IDT=     ffffffff80007120 00000fff
CR0=80010011 CR2=0000000000000000 CR3=0000000007fa3000 CR4=00000020
DR0=0000000000000000 DR1=0000000000000000 DR2=0000000000000000 DR3=0000000000000000 
DR6=00000000ffff0ff0 DR7=0000000000000400
CCS=0000000000000044 CCD=0000000000000000 CCO=EFLAGS
EFER=0000000000000d00
Servicing hardware INT=0x20
   103: v=20 e=0000 i=0 cpl=0 IP=0028:ffffffff8000281d pc=ffffffff8000281d SP=0030:ffff800007fb3f00 env->regs[R_EAX]=0000000000000000
RAX=0000000000000000 RBX=0000000000000000 RCX=0000000000000007 RDX=0000000000000016
RSI=000000000000000a RDI=ffff800007fb3eee RBP=ffff800007fb3ff0 RSP=ffff800007fb3f00
R8 =0000000000ffffff R9 =0000000000000500 R10=0000000000000000 R11=0000000000000000
R12=0000000000000000 R13=0000000000000000 R14=0000000000000000 R15=0000000000000000
RIP=ffffffff8000281d RFL=00000246 [---Z-P-] CPL=0 II=0 A20=1 SMM=0 HLT=0
ES =0030 0000000000000000 00000000 00009300 DPL=0 DS   [-WA]
CS =0028 0000000000000000 00000000 00209b00 DPL=0 CS64 [-RA]
SS =0030 0000000000000000 00000000 00009300 DPL=0 DS   [-WA]
DS =0030 0000000000000000 00000000 00009300 DPL=0 DS   [-WA]
FS =0030 0000000000000000 00000000 00009300 DPL=0 DS   [-WA]
GS =0030 0000000000000000 00000000 00009300 DPL=0 DS   [-WA]
LDT=0000 0000000000000000 00000000 00008200 DPL=0 LDT
TR =0038 0000000000000000 00000000 00008900 DPL=0 TSS64-avl
GDT=     ffff800000018048 00000047
IDT=     ffffffff80007120 00000fff
CR0=80010011 CR2=0000000000000000 CR3=0000000007fa3000 CR4=00000020
DR0=0000000000000000 DR1=0000000000000000 DR2=0000000000000000 DR3=0000000000000000 
DR6=00000000ffff0ff0 DR7=0000000000000400
CCS=0000000000000044 CCD=0000000000000000 CCO=EFLAGS
EFER=0000000000000d00
Servicing hardware INT=0x20
   104: v=20 e=0000 i=0 cpl=0 IP=0028:ffffffff8000281d pc=ffffffff8000281d SP=0030:ffff800007fb3f00 env->regs[R_EAX]=0000000000000000
RAX=0000000000000000 RBX=0000000000000000 RCX=0000000000000007 RDX=0000000000000016
RSI=000000000000000a RDI=ffff800007fb3eee RBP=ffff800007fb3ff0 RSP=ffff800007fb3f00
R8 =0000000000ffffff R9 =0000000000000500 R10=0000000000000000 R11=0000000000000000
R12=0000000000000000 R13=0000000000000000 R14=0000000000000000 R15=0000000000000000
RIP=ffffffff8000281d RFL=00000246 [---Z-P-] CPL=0 II=0 A20=1 SMM=0 HLT=0
ES =0030 0000000000000000 00000000 00009300 DPL=0 DS   [-WA]
CS =0028 0000000000000000 00000000 00209b00 DPL=0 CS64 [-RA]
SS =0030 0000000000000000 00000000 00009300 DPL=0 DS   [-WA]
DS =0030 0000000000000000 00000000 00009300 DPL=0 DS   [-WA]
FS =0030 0000000000000000 00000000 00009300 DPL=0 DS   [-WA]
GS =0030 0000000000000000 00000000 00009300 DPL=0 DS   [-WA]
LDT=0000 0000000000000000 00000000 00008200 DPL=0 LDT
TR =0038 0000000000000000 00000000 00008900 DPL=0 TSS64-avl
GDT=     ffff800000018048 00000047
IDT=     ffffffff80007120 00000fff
CR0=80010011 CR2=0000000000000000 CR3=0000000007fa3000 CR4=00000020
DR0=0000000000000000 DR1=0000000000000000 DR2=0000000000000000 DR3=0000000000000000 
DR6=00000000ffff0ff0 DR7=0000000000000400
CCS=0000000000000044 CCD=0000000000000000 CCO=EFLAGS
EFER=0000000000000d00
Servicing hardware INT=0x20
   105: v=20 e=0000 i=0 cpl=0 IP=0028:ffffffff8000281d pc=ffffffff8000281d SP=0030:ffff800007fb3f00 env->regs[R_EAX]=0000000000000000
RAX=0000000000000000 RBX=0000000000000000 RCX=0000000000000007 RDX=0000000000000016
RSI=000000000000000a RDI=ffff800007fb3eee RBP=ffff800007fb3ff0 RSP=ffff800007fb3f00
R8 =0000000000ffffff R9 =0000000000000500 R10=0000000000000000 R11=0000000000000000
R12=0000000000000000 R13=0000000000000000 R14=0000000000000000 R15=0000000000000000
RIP=ffffffff8000281d RFL=00000246 [---Z-P-] CPL=0 II=0 A20=1 SMM=0 HLT=0
ES =0030 0000000000000000 00000000 00009300 DPL=0 DS   [-WA]
CS =0028 0000000000000000 00000000 00209b00 DPL=0 CS64 [-RA]
SS =0030 0000000000000000 00000000 00009300 DPL=0 DS   [-WA]
DS =0030 0000000000000000 00000000 00009300 DPL=0 DS   [-WA]
FS =0030 0000000000000000 00000000 00009300 DPL=0 DS   [-WA]
GS =0030 0000000000000000 00000000 00009300 DPL=0 DS   [-WA]
LDT=0000 0000000000000000 00000000 00008200 DPL=0 LDT
TR =0038 0000000000000000 00000000 00008900 DPL=0 TSS64-avl
GDT=     ffff800000018048 00000047
IDT=     ffffffff80007120 00000fff
CR0=80010011 CR2=0000000000000000 CR3=0000000007fa3000 CR4=00000020
DR0=0000000000000000 DR1=0000000000000000 DR2=0000000000000000 DR3=0000000000000000 
DR6=00000000ffff0ff0 DR7=0000000000000400
CCS=0000000000000044 CCD=0000000000000000 CCO=EFLAGS
EFER=0000000000000d00
Servicing hardware INT=0x20
   106: v=20 e=0000 i=0 cpl=0 IP=0028:ffffffff8000281d pc=ffffffff8000281d SP=0030:ffff800007fb3f00 env->regs[R_EAX]=0000000000000000
RAX=0000000000000000 RBX=0000000000000000 RCX=0000000000000007 RDX=0000000000000016
RSI=000000000000000a RDI=ffff800007fb3eee RBP=ffff800007fb3ff0 RSP=ffff800007fb3f00
R8 =0000000000ffffff R9 =0000000000000500 R10=0000000000000000 R11=0000000000000000
R12=0000000000000000 R13=0000000000000000 R14=0000000000000000 R15=0000000000000000
RIP=ffffffff8000281d RFL=00000246 [---Z-P-] CPL=0 II=0 A20=1 SMM=0 HLT=0
ES =0030 0000000000000000 00000000 00009300 DPL=0 DS   [-WA]
CS =0028 0000000000000000 00000000 00209b00 DPL=0 CS64 [-RA]
SS =0030 0000000000000000 00000000 00009300 DPL=0 DS   [-WA]
DS =0030 0000000000000000 00000000 00009300 DPL=0 DS   [-WA]
FS =0030 0000000000000000 00000000 00009300 DPL=0 DS   [-WA]
GS =0030 0000000000000000 00000000 00009300 DPL=0 DS   [-WA]
LDT=0000 0000000000000000 00000000 00008200 DPL=0 LDT
TR =0038 0000000000000000 00000000 00008900 DPL=0 TSS64-avl
GDT=     ffff800000018048 00000047
IDT=     ffffffff80007120 00000fff
CR0=80010011 CR2=0000000000000000 CR3=0000000007fa3000 CR4=00000020
DR0=0000000000000000 DR1=0000000000000000 DR2=0000000000000000 DR3=0000000000000000 
DR6=00000000ffff0ff0 DR7=0000000000000400
CCS=0000000000000044 CCD=0000000000000000 CCO=EFLAGS
EFER=0000000000000d00
Servicing hardware INT=0x20
   107: v=20 e=0000 i=0 cpl=0 IP=0028:ffffffff8000281d pc=ffffffff8000281d SP=0030:ffff800007fb3f00 env->regs[R_EAX]=0000000000000000
RAX=0000000000000000 RBX=0000000000000000 RCX=0000000000000007 RDX=0000000000000016
RSI=000000000000000a RDI=ffff800007fb3eee RBP=ffff800007fb3ff0 RSP=ffff800007fb3f00
R8 =0000000000ffffff R9 =0000000000000500 R10=0000000000000000 R11=0000000000000000
R12=0000000000000000 R13=0000000000000000 R14=0000000000000000 R15=0000000000000000
RIP=ffffffff8000281d RFL=00000246 [---Z-P-] CPL=0 II=0 A20=1 SMM=0 HLT=0
ES =0030 0000000000000000 00000000 00009300 DPL=0 DS   [-WA]
CS =0028 0000000000000000 00000000 00209b00 DPL=0 CS64 [-RA]
SS =0030 0000000000000000 00000000 00009300 DPL=0 DS   [-WA]
DS =0030 0000000000000000 00000000 00009300 DPL=0 DS   [-WA]
FS =0030 0000000000000000 00000000 00009300 DPL=0 DS   [-WA]
GS =0030 0000000000000000 00000000 00009300 DPL=0 DS   [-WA]
LDT=0000 0000000000000000 00000000 00008200 DPL=0 LDT
TR =0038 0000000000000000 00000000 00008900 DPL=0 TSS64-avl
GDT=     ffff800000018048 00000047
IDT=     ffffffff80007120 00000fff
CR0=80010011 CR2=0000000000000000 CR3=0000000007fa3000 CR4=00000020
DR0=0000000000000000 DR1=0000000000000000 DR2=0000000000000000 DR3=0000000000000000 
DR6=00000000ffff0ff0 DR7=0000000000000400
CCS=0000000000000044 CCD=0000000000000000 CCO=EFLAGS
EFER=0000000000000d00
Servicing hardware INT=0x20
   108: v=20 e=0000 i=0 cpl=0 IP=0028:ffffffff8000281d pc=ffffffff8000281d SP=0030:ffff800007fb3f00 env->regs[R_EAX]=0000000000000000
RAX=0000000000000000 RBX=0000000000000000 RCX=0000000000000007 RDX=0000000000000016
RSI=000000000000000a RDI=ffff800007fb3eee RBP=ffff800007fb3ff0 RSP=ffff800007fb3f00
R8 =0000000000ffffff R9 =0000000000000500 R10=0000000000000000 R11=0000000000000000
R12=0000000000000000 R13=0000000000000000 R14=0000000000000000 R15=0000000000000000
RIP=ffffffff8000281d RFL=00000246 [---Z-P-] CPL=0 II=0 A20=1 SMM=0 HLT=0
ES =0030 0000000000000000 00000000 00009300 DPL=0 DS   [-WA]
CS =0028 0000000000000000 00000000 00209b00 DPL=0 CS64 [-RA]
SS =0030 0000000000000000 00000000 00009300 DPL=0 DS   [-WA]
DS =0030 0000000000000000 00000000 00009300 DPL=0 DS   [-WA]
FS =0030 0000000000000000 00000000 00009300 DPL=0 DS   [-WA]
GS =0030 0000000000000000 00000000 00009300 DPL=0 DS   [-WA]
LDT=0000 0000000000000000 00000000 00008200 DPL=0 LDT
TR =0038 0000000000000000 00000000 00008900 DPL=0 TSS64-avl
GDT=     ffff800000018048 00000047
IDT=     ffffffff80007120 00000fff
CR0=80010011 CR2=0000000000000000 CR3=0000000007fa3000 CR4=00000020
DR0=0000000000000000 DR1=0000000000000000 DR2=0000000000000000 DR3=0000000000000000 
DR6=00000000ffff0ff0 DR7=0000000000000400
CCS=0000000000000044 CCD=0000000000000000 CCO=EFLAGS
EFER=0000000000000d00
Servicing hardware INT=0x21
   109: v=21 e=0000 i=0 cpl=0 IP=0028:ffffffff8000281d pc=ffffffff8000281d SP=0030:ffff800007fb3f00 env->regs[R_EAX]=0000000000000000
RAX=0000000000000000 RBX=0000000000000000 RCX=0000000000000007 RDX=0000000000000016
RSI=000000000000000a RDI=ffff800007fb3eee RBP=ffff800007fb3ff0 RSP=ffff800007fb3f00
R8 =0000000000ffffff R9 =0000000000000500 R10=0000000000000000 R11=0000000000000000
R12=0000000000000000 R13=0000000000000000 R14=0000000000000000 R15=0000000000000000
RIP=ffffffff8000281d RFL=00000246 [---Z-P-] CPL=0 II=0 A20=1 SMM=0 HLT=0
ES =0030 0000000000000000 00000000 00009300 DPL=0 DS   [-WA]
CS =0028 0000000000000000 00000000 00209b00 DPL=0 CS64 [-RA]
SS =0030 0000000000000000 00000000 00009300 DPL=0 DS   [-WA]
DS =0030 0000000000000000 00000000 00009300 DPL=0 DS   [-WA]
FS =0030 0000000000000000 00000000 00009300 DPL=0 DS   [-WA]
GS =0030 0000000000000000 00000000 00009300 DPL=0 DS   [-WA]
LDT=0000 0000000000000000 00000000 00008200 DPL=0 LDT
TR =0038 0000000000000000 00000000 00008900 DPL=0 TSS64-avl
GDT=     ffff800000018048 00000047
IDT=     ffffffff80007120 00000fff
CR0=80010011 CR2=0000000000000000 CR3=0000000007fa3000 CR4=00000020
DR0=0000000000000000 DR1=0000000000000000 DR2=0000000000000000 DR3=0000000000000000 
DR6=00000000ffff0ff0 DR7=0000000000000400
CCS=0000000000000044 CCD=0000000000000000 CCO=EFLAGS
EFER=0000000000000d00
Servicing hardware INT=0x20
   110: v=20 e=0000 i=0 cpl=0 IP=0028:ffffffff8000281d pc=ffffffff8000281d SP=0030:ffff800007fb3f00 env->regs[R_EAX]=0000000000000000
RAX=0000000000000000 RBX=0000000000000000 RCX=0000000000000007 RDX=0000000000000017
RSI=000000000000000a RDI=ffff800007fb3eee RBP=ffff800007fb3ff0 RSP=ffff800007fb3f00
R8 =0000000000ffffff R9 =0000000000000500 R10=0000000000000000 R11=0000000000000000
R12=0000000000000000 R13=0000000000000000 R14=0000000000000000 R15=0000000000000000
RIP=ffffffff8000281d RFL=00000246 [---Z-P-] CPL=0 II=0 A20=1 SMM=0 HLT=0
ES =0030 0000000000000000 00000000 00009300 DPL=0 DS   [-WA]
CS =0028 0000000000000000 00000000 00209b00 DPL=0 CS64 [-RA]
SS =0030 0000000000000000 00000000 00009300 DPL=0 DS   [-WA]
DS =0030 0000000000000000 00000000 00009300 DPL=0 DS   [-WA]
FS =0030 0000000000000000 00000000 00009300 DPL=0 DS   [-WA]
GS =0030 0000000000000000 00000000 00009300 DPL=0 DS   [-WA]
LDT=0000 0000000000000000 00000000 00008200 DPL=0 LDT
TR =0038 0000000000000000 00000000 00008900 DPL=0 TSS64-avl
GDT=     ffff800000018048 00000047
IDT=     ffffffff80007120 00000fff
CR0=80010011 CR2=0000000000000000 CR3=0000000007fa3000 CR4=00000020
DR0=0000000000000000 DR1=0000000000000000 DR2=0000000000000000 DR3=0000000000000000 
DR6=00000000ffff0ff0 DR7=0000000000000400
CCS=0000000000000044 CCD=0000000000000000 CCO=EFLAGS
EFER=0000000000000d00
Servicing hardware INT=0x20
   111: v=20 e=0000 i=0 cpl=0 IP=0028:ffffffff8000281d pc=ffffffff8000281d SP=0030:ffff800007fb3f00 env->regs[R_EAX]=0000000000000000
RAX=0000000000000000 RBX=0000000000000000 RCX=0000000000000007 RDX=0000000000000017
RSI=000000000000000a RDI=ffff800007fb3eee RBP=ffff800007fb3ff0 RSP=ffff800007fb3f00
R8 =0000000000ffffff R9 =0000000000000500 R10=0000000000000000 R11=0000000000000000
R12=0000000000000000 R13=0000000000000000 R14=0000000000000000 R15=0000000000000000
RIP=ffffffff8000281d RFL=00000246 [---Z-P-] CPL=0 II=0 A20=1 SMM=0 HLT=0
ES =0030 0000000000000000 00000000 00009300 DPL=0 DS   [-WA]
CS =0028 0000000000000000 00000000 00209b00 DPL=0 CS64 [-RA]
SS =0030 0000000000000000 00000000 00009300 DPL=0 DS   [-WA]
DS =0030 0000000000000000 00000000 00009300 DPL=0 DS   [-WA]
FS =0030 0000000000000000 00000000 00009300 DPL=0 DS   [-WA]
GS =0030 0000000000000000 00000000 00009300 DPL=0 DS   [-WA]
LDT=0000 0000000000000000 00000000 00008200 DPL=0 LDT
TR =0038 0000000000000000 00000000 00008900 DPL=0 TSS64-avl
GDT=     ffff800000018048 00000047
IDT=     ffffffff80007120 00000fff
CR0=80010011 CR2=0000000000000000 CR3=0000000007fa3000 CR4=00000020
DR0=0000000000000000 DR1=0000000000000000 DR2=0000000000000000 DR3=0000000000000000 
DR6=00000000ffff0ff0 DR7=0000000000000400
CCS=0000000000000044 CCD=0000000000000000 CCO=EFLAGS
EFER=0000000000000d00
Servicing hardware INT=0x20
   112: v=20 e=0000 i=0 cpl=0 IP=0028:ffffffff8000281d pc=ffffffff8000281d SP=0030:ffff800007fb3f00 env->regs[R_EAX]=0000000000000000
RAX=0000000000000000 RBX=0000000000000000 RCX=0000000000000007 RDX=0000000000000017
RSI=000000000000000a RDI=ffff800007fb3eee RBP=ffff800007fb3ff0 RSP=ffff800007fb3f00
R8 =0000000000ffffff R9 =0000000000000500 R10=0000000000000000 R11=0000000000000000
R12=0000000000000000 R13=0000000000000000 R14=0000000000000000 R15=0000000000000000
RIP=ffffffff8000281d RFL=00000246 [---Z-P-] CPL=0 II=0 A20=1 SMM=0 HLT=0
ES =0030 0000000000000000 00000000 00009300 DPL=0 DS   [-WA]
CS =0028 0000000000000000 00000000 00209b00 DPL=0 CS64 [-RA]
SS =0030 0000000000000000 00000000 00009300 DPL=0 DS   [-WA]
DS =0030 0000000000000000 00000000 00009300 DPL=0 DS   [-WA]
FS =0030 0000000000000000 00000000 00009300 DPL=0 DS   [-WA]
GS =0030 0000000000000000 00000000 00009300 DPL=0 DS   [-WA]
LDT=0000 0000000000000000 00000000 00008200 DPL=0 LDT
TR =0038 0000000000000000 00000000 00008900 DPL=0 TSS64-avl
GDT=     ffff800000018048 00000047
IDT=     ffffffff80007120 00000fff
CR0=80010011 CR2=0000000000000000 CR3=0000000007fa3000 CR4=00000020
DR0=0000000000000000 DR1=0000000000000000 DR2=0000000000000000 DR3=0000000000000000 
DR6=00000000ffff0ff0 DR7=0000000000000400
CCS=0000000000000044 CCD=0000000000000000 CCO=EFLAGS
EFER=0000000000000d00
Servicing hardware INT=0x21
   113: v=21 e=0000 i=0 cpl=0 IP=0028:ffffffff8000281d pc=ffffffff8000281d SP=0030:ffff800007fb3f00 env->regs[R_EAX]=0000000000000000
RAX=0000000000000000 RBX=0000000000000000 RCX=0000000000000007 RDX=0000000000000017
RSI=000000000000000a RDI=ffff800007fb3eee RBP=ffff800007fb3ff0 RSP=ffff800007fb3f00
R8 =0000000000ffffff R9 =0000000000000500 R10=0000000000000000 R11=0000000000000000
R12=0000000000000000 R13=0000000000000000 R14=0000000000000000 R15=0000000000000000
RIP=ffffffff8000281d RFL=00000246 [---Z-P-] CPL=0 II=0 A20=1 SMM=0 HLT=0
ES =0030 0000000000000000 00000000 00009300 DPL=0 DS   [-WA]
CS =0028 0000000000000000 00000000 00209b00 DPL=0 CS64 [-RA]
SS =0030 0000000000000000 00000000 00009300 DPL=0 DS   [-WA]
DS =0030 0000000000000000 00000000 00009300 DPL=0 DS   [-WA]
FS =0030 0000000000000000 00000000 00009300 DPL=0 DS   [-WA]
GS =0030 0000000000000000 00000000 00009300 DPL=0 DS   [-WA]
LDT=0000 0000000000000000 00000000 00008200 DPL=0 LDT
TR =0038 0000000000000000 00000000 00008900 DPL=0 TSS64-avl
GDT=     ffff800000018048 00000047
IDT=     ffffffff80007120 00000fff
CR0=80010011 CR2=0000000000000000 CR3=0000000007fa3000 CR4=00000020
DR0=0000000000000000 DR1=0000000000000000 DR2=0000000000000000 DR3=0000000000000000 
DR6=00000000ffff0ff0 DR7=0000000000000400
CCS=0000000000000044 CCD=0000000000000000 CCO=EFLAGS
EFER=0000000000000d00
Servicing hardware INT=0x21
   114: v=21 e=0000 i=0 cpl=0 IP=0028:ffffffff8000281d pc=ffffffff8000281d SP=0030:ffff800007fb3f00 env->regs[R_EAX]=0000000000000000
RAX=0000000000000000 RBX=0000000000000000 RCX=0000000000000007 RDX=0000000000000017
RSI=000000000000000a RDI=ffff800007fb3eee RBP=ffff800007fb3ff0 RSP=ffff800007fb3f00
R8 =0000000000ffffff R9 =0000000000000500 R10=0000000000000000 R11=0000000000000000
R12=0000000000000000 R13=0000000000000000 R14=0000000000000000 R15=0000000000000000
RIP=ffffffff8000281d RFL=00010246 [---Z-P-] CPL=0 II=0 A20=1 SMM=0 HLT=0
ES =0030 0000000000000000 00000000 00009300 DPL=0 DS   [-WA]
CS =0028 0000000000000000 00000000 00209b00 DPL=0 CS64 [-RA]
SS =0030 0000000000000000 00000000 00009300 DPL=0 DS   [-WA]
DS =0030 0000000000000000 00000000 00009300 DPL=0 DS   [-WA]
FS =0030 0000000000000000 00000000 00009300 DPL=0 DS   [-WA]
GS =0030 0000000000000000 00000000 00009300 DPL=0 DS   [-WA]
LDT=0000 0000000000000000 00000000 00008200 DPL=0 LDT
TR =0038 0000000000000000 00000000 00008900 DPL=0 TSS64-avl
GDT=     ffff800000018048 00000047
IDT=     ffffffff80007120 00000fff
CR0=80010011 CR2=0000000000000000 CR3=0000000007fa3000 CR4=00000020
DR0=0000000000000000 DR1=0000000000000000 DR2=0000000000000000 DR3=0000000000000000 
DR6=00000000ffff0ff0 DR7=0000000000000400
CCS=0000000000000044 CCD=ffff800007fb3ed8 CCO=EFLAGS
EFER=0000000000000d00
Servicing hardware INT=0x20
   115: v=20 e=0000 i=0 cpl=0 IP=0028:ffffffff8000281d pc=ffffffff8000281d SP=0030:ffff800007fb3f00 env->regs[R_EAX]=0000000000000000
RAX=0000000000000000 RBX=0000000000000000 RCX=0000000000000007 RDX=0000000000000019
RSI=000000000000000a RDI=ffff800007fb3eee RBP=ffff800007fb3ff0 RSP=ffff800007fb3f00
R8 =0000000000ffffff R9 =0000000000000500 R10=0000000000000000 R11=0000000000000000
R12=0000000000000000 R13=0000000000000000 R14=0000000000000000 R15=0000000000000000
RIP=ffffffff8000281d RFL=00000246 [---Z-P-] CPL=0 II=0 A20=1 SMM=0 HLT=0
ES =0030 0000000000000000 00000000 00009300 DPL=0 DS   [-WA]
CS =0028 0000000000000000 00000000 00209b00 DPL=0 CS64 [-RA]
SS =0030 0000000000000000 00000000 00009300 DPL=0 DS   [-WA]
DS =0030 0000000000000000 00000000 00009300 DPL=0 DS   [-WA]
FS =0030 0000000000000000 00000000 00009300 DPL=0 DS   [-WA]
GS =0030 0000000000000000 00000000 00009300 DPL=0 DS   [-WA]
LDT=0000 0000000000000000 00000000 00008200 DPL=0 LDT
TR =0038 0000000000000000 00000000 00008900 DPL=0 TSS64-avl
GDT=     ffff800000018048 00000047
IDT=     ffffffff80007120 00000fff
CR0=80010011 CR2=0000000000000000 CR3=0000000007fa3000 CR4=00000020
DR0=0000000000000000 DR1=0000000000000000 DR2=0000000000000000 DR3=0000000000000000 
DR6=00000000ffff0ff0 DR7=0000000000000400
CCS=0000000000000044 CCD=0000000000000000 CCO=EFLAGS
EFER=0000000000000d00
Servicing hardware INT=0x20
   116: v=20 e=0000 i=0 cpl=0 IP=0028:ffffffff8000281d pc=ffffffff8000281d SP=0030:ffff800007fb3f00 env->regs[R_EAX]=0000000000000000
RAX=0000000000000000 RBX=0000000000000000 RCX=0000000000000007 RDX=0000000000000019
RSI=000000000000000a RDI=ffff800007fb3eee RBP=ffff800007fb3ff0 RSP=ffff800007fb3f00
R8 =0000000000ffffff R9 =0000000000000500 R10=0000000000000000 R11=0000000000000000
R12=0000000000000000 R13=0000000000000000 R14=0000000000000000 R15=0000000000000000
RIP=ffffffff8000281d RFL=00000246 [---Z-P-] CPL=0 II=0 A20=1 SMM=0 HLT=0
ES =0030 0000000000000000 00000000 00009300 DPL=0 DS   [-WA]
CS =0028 0000000000000000 00000000 00209b00 DPL=0 CS64 [-RA]
SS =0030 0000000000000000 00000000 00009300 DPL=0 DS   [-WA]
DS =0030 0000000000000000 00000000 00009300 DPL=0 DS   [-WA]
FS =0030 0000000000000000 00000000 00009300 DPL=0 DS   [-WA]
GS =0030 0000000000000000 00000000 00009300 DPL=0 DS   [-WA]
LDT=0000 0000000000000000 00000000 00008200 DPL=0 LDT
TR =0038 0000000000000000 00000000 00008900 DPL=0 TSS64-avl
GDT=     ffff800000018048 00000047
IDT=     ffffffff80007120 00000fff
CR0=80010011 CR2=0000000000000000 CR3=0000000007fa3000 CR4=00000020
DR0=0000000000000000 DR1=0000000000000000 DR2=0000000000000000 DR3=0000000000000000 
DR6=00000000ffff0ff0 DR7=0000000000000400
CCS=0000000000000044 CCD=0000000000000000 CCO=EFLAGS
EFER=0000000000000d00
Servicing hardware INT=0x20
   117: v=20 e=0000 i=0 cpl=0 IP=0028:ffffffff8000281d pc=ffffffff8000281d SP=0030:ffff800007fb3f00 env->regs[R_EAX]=0000000000000000
RAX=0000000000000000 RBX=0000000000000000 RCX=0000000000000007 RDX=0000000000000019
RSI=000000000000000a RDI=ffff800007fb3eee RBP=ffff800007fb3ff0 RSP=ffff800007fb3f00
R8 =0000000000ffffff R9 =0000000000000500 R10=0000000000000000 R11=0000000000000000
R12=0000000000000000 R13=0000000000000000 R14=0000000000000000 R15=0000000000000000
RIP=ffffffff8000281d RFL=00000246 [---Z-P-] CPL=0 II=0 A20=1 SMM=0 HLT=0
ES =0030 0000000000000000 00000000 00009300 DPL=0 DS   [-WA]
CS =0028 0000000000000000 00000000 00209b00 DPL=0 CS64 [-RA]
SS =0030 0000000000000000 00000000 00009300 DPL=0 DS   [-WA]
DS =0030 0000000000000000 00000000 00009300 DPL=0 DS   [-WA]
FS =0030 0000000000000000 00000000 00009300 DPL=0 DS   [-WA]
GS =0030 0000000000000000 00000000 00009300 DPL=0 DS   [-WA]
LDT=0000 0000000000000000 00000000 00008200 DPL=0 LDT
TR =0038 0000000000000000 00000000 00008900 DPL=0 TSS64-avl
GDT=     ffff800000018048 00000047
IDT=     ffffffff80007120 00000fff
CR0=80010011 CR2=0000000000000000 CR3=0000000007fa3000 CR4=00000020
DR0=0000000000000000 DR1=0000000000000000 DR2=0000000000000000 DR3=0000000000000000 
DR6=00000000ffff0ff0 DR7=0000000000000400
CCS=0000000000000044 CCD=0000000000000000 CCO=EFLAGS
EFER=0000000000000d00
Servicing hardware INT=0x20
   118: v=20 e=0000 i=0 cpl=0 IP=0028:ffffffff8000281d pc=ffffffff8000281d SP=0030:ffff800007fb3f00 env->regs[R_EAX]=0000000000000000
RAX=0000000000000000 RBX=0000000000000000 RCX=0000000000000007 RDX=0000000000000019
RSI=000000000000000a RDI=ffff800007fb3eee RBP=ffff800007fb3ff0 RSP=ffff800007fb3f00
R8 =0000000000ffffff R9 =0000000000000500 R10=0000000000000000 R11=0000000000000000
R12=0000000000000000 R13=0000000000000000 R14=0000000000000000 R15=0000000000000000
RIP=ffffffff8000281d RFL=00000246 [---Z-P-] CPL=0 II=0 A20=1 SMM=0 HLT=0
ES =0030 0000000000000000 00000000 00009300 DPL=0 DS   [-WA]
CS =0028 0000000000000000 00000000 00209b00 DPL=0 CS64 [-RA]
SS =0030 0000000000000000 00000000 00009300 DPL=0 DS   [-WA]
DS =0030 0000000000000000 00000000 00009300 DPL=0 DS   [-WA]
FS =0030 0000000000000000 00000000 00009300 DPL=0 DS   [-WA]
GS =0030 0000000000000000 00000000 00009300 DPL=0 DS   [-WA]
LDT=0000 0000000000000000 00000000 00008200 DPL=0 LDT
TR =0038 0000000000000000 00000000 00008900 DPL=0 TSS64-avl
GDT=     ffff800000018048 00000047
IDT=     ffffffff80007120 00000fff
CR0=80010011 CR2=0000000000000000 CR3=0000000007fa3000 CR4=00000020
DR0=0000000000000000 DR1=0000000000000000 DR2=0000000000000000 DR3=0000000000000000 
DR6=00000000ffff0ff0 DR7=0000000000000400
CCS=0000000000000044 CCD=0000000000000000 CCO=EFLAGS
EFER=0000000000000d00
Servicing hardware INT=0x20
   119: v=20 e=0000 i=0 cpl=0 IP=0028:ffffffff8000281d pc=ffffffff8000281d SP=0030:ffff800007fb3f00 env->regs[R_EAX]=0000000000000000
RAX=0000000000000000 RBX=0000000000000000 RCX=0000000000000007 RDX=0000000000000019
RSI=000000000000000a RDI=ffff800007fb3eee RBP=ffff800007fb3ff0 RSP=ffff800007fb3f00
R8 =0000000000ffffff R9 =0000000000000500 R10=0000000000000000 R11=0000000000000000
R12=0000000000000000 R13=0000000000000000 R14=0000000000000000 R15=0000000000000000
RIP=ffffffff8000281d RFL=00000246 [---Z-P-] CPL=0 II=0 A20=1 SMM=0 HLT=0
ES =0030 0000000000000000 00000000 00009300 DPL=0 DS   [-WA]
CS =0028 0000000000000000 00000000 00209b00 DPL=0 CS64 [-RA]
SS =0030 0000000000000000 00000000 00009300 DPL=0 DS   [-WA]
DS =0030 0000000000000000 00000000 00009300 DPL=0 DS   [-WA]
FS =0030 0000000000000000 00000000 00009300 DPL=0 DS   [-WA]
GS =0030 0000000000000000 00000000 00009300 DPL=0 DS   [-WA]
LDT=0000 0000000000000000 00000000 00008200 DPL=0 LDT
TR =0038 0000000000000000 00000000 00008900 DPL=0 TSS64-avl
GDT=     ffff800000018048 00000047
IDT=     ffffffff80007120 00000fff
CR0=80010011 CR2=0000000000000000 CR3=0000000007fa3000 CR4=00000020
DR0=0000000000000000 DR1=0000000000000000 DR2=0000000000000000 DR3=0000000000000000 
DR6=00000000ffff0ff0 DR7=0000000000000400
CCS=0000000000000044 CCD=0000000000000000 CCO=EFLAGS
EFER=0000000000000d00
Servicing hardware INT=0x20
   120: v=20 e=0000 i=0 cpl=0 IP=0028:ffffffff8000281d pc=ffffffff8000281d SP=0030:ffff800007fb3f00 env->regs[R_EAX]=0000000000000000
RAX=0000000000000000 RBX=0000000000000000 RCX=0000000000000007 RDX=0000000000000019
RSI=000000000000000a RDI=ffff800007fb3eee RBP=ffff800007fb3ff0 RSP=ffff800007fb3f00
R8 =0000000000ffffff R9 =0000000000000500 R10=0000000000000000 R11=0000000000000000
R12=0000000000000000 R13=0000000000000000 R14=0000000000000000 R15=0000000000000000
RIP=ffffffff8000281d RFL=00000246 [---Z-P-] CPL=0 II=0 A20=1 SMM=0 HLT=0
ES =0030 0000000000000000 00000000 00009300 DPL=0 DS   [-WA]
CS =0028 0000000000000000 00000000 00209b00 DPL=0 CS64 [-RA]
SS =0030 0000000000000000 00000000 00009300 DPL=0 DS   [-WA]
DS =0030 0000000000000000 00000000 00009300 DPL=0 DS   [-WA]
FS =0030 0000000000000000 00000000 00009300 DPL=0 DS   [-WA]
GS =0030 0000000000000000 00000000 00009300 DPL=0 DS   [-WA]
LDT=0000 0000000000000000 00000000 00008200 DPL=0 LDT
TR =0038 0000000000000000 00000000 00008900 DPL=0 TSS64-avl
GDT=     ffff800000018048 00000047
IDT=     ffffffff80007120 00000fff
CR0=80010011 CR2=0000000000000000 CR3=0000000007fa3000 CR4=00000020
DR0=0000000000000000 DR1=0000000000000000 DR2=0000000000000000 DR3=0000000000000000 
DR6=00000000ffff0ff0 DR7=0000000000000400
CCS=0000000000000044 CCD=0000000000000000 CCO=EFLAGS
EFER=0000000000000d00
Servicing hardware INT=0x20
   121: v=20 e=0000 i=0 cpl=0 IP=0028:ffffffff8000281d pc=ffffffff8000281d SP=0030:ffff800007fb3f00 env->regs[R_EAX]=0000000000000000
RAX=0000000000000000 RBX=0000000000000000 RCX=0000000000000007 RDX=0000000000000019
RSI=000000000000000a RDI=ffff800007fb3eee RBP=ffff800007fb3ff0 RSP=ffff800007fb3f00
R8 =0000000000ffffff R9 =0000000000000500 R10=0000000000000000 R11=0000000000000000
R12=0000000000000000 R13=0000000000000000 R14=0000000000000000 R15=0000000000000000
RIP=ffffffff8000281d RFL=00000246 [---Z-P-] CPL=0 II=0 A20=1 SMM=0 HLT=0
ES =0030 0000000000000000 00000000 00009300 DPL=0 DS   [-WA]
CS =0028 0000000000000000 00000000 00209b00 DPL=0 CS64 [-RA]
SS =0030 0000000000000000 00000000 00009300 DPL=0 DS   [-WA]
DS =0030 0000000000000000 00000000 00009300 DPL=0 DS   [-WA]
FS =0030 0000000000000000 00000000 00009300 DPL=0 DS   [-WA]
GS =0030 0000000000000000 00000000 00009300 DPL=0 DS   [-WA]
LDT=0000 0000000000000000 00000000 00008200 DPL=0 LDT
TR =0038 0000000000000000 00000000 00008900 DPL=0 TSS64-avl
GDT=     ffff800000018048 00000047
IDT=     ffffffff80007120 00000fff
CR0=80010011 CR2=0000000000000000 CR3=0000000007fa3000 CR4=00000020
DR0=0000000000000000 DR1=0000000000000000 DR2=0000000000000000 DR3=0000000000000000 
DR6=00000000ffff0ff0 DR7=0000000000000400
CCS=0000000000000044 CCD=0000000000000000 CCO=EFLAGS
EFER=0000000000000d00
Servicing hardware INT=0x20
   122: v=20 e=0000 i=0 cpl=0 IP=0028:ffffffff8000281d pc=ffffffff8000281d SP=0030:ffff800007fb3f00 env->regs[R_EAX]=0000000000000000
RAX=0000000000000000 RBX=0000000000000000 RCX=0000000000000007 RDX=0000000000000019
RSI=000000000000000a RDI=ffff800007fb3eee RBP=ffff800007fb3ff0 RSP=ffff800007fb3f00
R8 =0000000000ffffff R9 =0000000000000500 R10=0000000000000000 R11=0000000000000000
R12=0000000000000000 R13=0000000000000000 R14=0000000000000000 R15=0000000000000000
RIP=ffffffff8000281d RFL=00000246 [---Z-P-] CPL=0 II=0 A20=1 SMM=0 HLT=0
ES =0030 0000000000000000 00000000 00009300 DPL=0 DS   [-WA]
CS =0028 0000000000000000 00000000 00209b00 DPL=0 CS64 [-RA]
SS =0030 0000000000000000 00000000 00009300 DPL=0 DS   [-WA]
DS =0030 0000000000000000 00000000 00009300 DPL=0 DS   [-WA]
FS =0030 0000000000000000 00000000 00009300 DPL=0 DS   [-WA]
GS =0030 0000000000000000 00000000 00009300 DPL=0 DS   [-WA]
LDT=0000 0000000000000000 00000000 00008200 DPL=0 LDT
TR =0038 0000000000000000 00000000 00008900 DPL=0 TSS64-avl
GDT=     ffff800000018048 00000047
IDT=     ffffffff80007120 00000fff
CR0=80010011 CR2=0000000000000000 CR3=0000000007fa3000 CR4=00000020
DR0=0000000000000000 DR1=0000000000000000 DR2=0000000000000000 DR3=0000000000000000 
DR6=00000000ffff0ff0 DR7=0000000000000400
CCS=0000000000000044 CCD=0000000000000000 CCO=EFLAGS
EFER=0000000000000d00
Servicing hardware INT=0x21
   123: v=21 e=0000 i=0 cpl=0 IP=0028:ffffffff8000281d pc=ffffffff8000281d SP=0030:ffff800007fb3f00 env->regs[R_EAX]=0000000000000000
RAX=0000000000000000 RBX=0000000000000000 RCX=0000000000000007 RDX=0000000000000019
RSI=000000000000000a RDI=ffff800007fb3eee RBP=ffff800007fb3ff0 RSP=ffff800007fb3f00
R8 =0000000000ffffff R9 =0000000000000500 R10=0000000000000000 R11=0000000000000000
R12=0000000000000000 R13=0000000000000000 R14=0000000000000000 R15=0000000000000000
RIP=ffffffff8000281d RFL=00000246 [---Z-P-] CPL=0 II=0 A20=1 SMM=0 HLT=0
ES =0030 0000000000000000 00000000 00009300 DPL=0 DS   [-WA]
CS =0028 0000000000000000 00000000 00209b00 DPL=0 CS64 [-RA]
SS =0030 0000000000000000 00000000 00009300 DPL=0 DS   [-WA]
DS =0030 0000000000000000 00000000 00009300 DPL=0 DS   [-WA]
FS =0030 0000000000000000 00000000 00009300 DPL=0 DS   [-WA]
GS =0030 0000000000000000 00000000 00009300 DPL=0 DS   [-WA]
LDT=0000 0000000000000000 00000000 00008200 DPL=0 LDT
TR =0038 0000000000000000 00000000 00008900 DPL=0 TSS64-avl
GDT=     ffff800000018048 00000047
IDT=     ffffffff80007120 00000fff
CR0=80010011 CR2=0000000000000000 CR3=0000000007fa3000 CR4=00000020
DR0=0000000000000000 DR1=0000000000000000 DR2=0000000000000000 DR3=0000000000000000 
DR6=00000000ffff0ff0 DR7=0000000000000400
CCS=0000000000000044 CCD=0000000000000000 CCO=EFLAGS
EFER=0000000000000d00
Servicing hardware INT=0x20
   124: v=20 e=0000 i=0 cpl=0 IP=0028:ffffffff8000281d pc=ffffffff8000281d SP=0030:ffff800007fb3f00 env->regs[R_EAX]=0000000000000000
RAX=0000000000000000 RBX=0000000000000000 RCX=0000000000000007 RDX=000000000000001a
RSI=000000000000000a RDI=ffff800007fb3eee RBP=ffff800007fb3ff0 RSP=ffff800007fb3f00
R8 =0000000000ffffff R9 =0000000000000500 R10=0000000000000000 R11=0000000000000000
R12=0000000000000000 R13=0000000000000000 R14=0000000000000000 R15=0000000000000000
RIP=ffffffff8000281d RFL=00000246 [---Z-P-] CPL=0 II=0 A20=1 SMM=0 HLT=0
ES =0030 0000000000000000 00000000 00009300 DPL=0 DS   [-WA]
CS =0028 0000000000000000 00000000 00209b00 DPL=0 CS64 [-RA]
SS =0030 0000000000000000 00000000 00009300 DPL=0 DS   [-WA]
DS =0030 0000000000000000 00000000 00009300 DPL=0 DS   [-WA]
FS =0030 0000000000000000 00000000 00009300 DPL=0 DS   [-WA]
GS =0030 0000000000000000 00000000 00009300 DPL=0 DS   [-WA]
LDT=0000 0000000000000000 00000000 00008200 DPL=0 LDT
TR =0038 0000000000000000 00000000 00008900 DPL=0 TSS64-avl
GDT=     ffff800000018048 00000047
IDT=     ffffffff80007120 00000fff
CR0=80010011 CR2=0000000000000000 CR3=0000000007fa3000 CR4=00000020
DR0=0000000000000000 DR1=0000000000000000 DR2=0000000000000000 DR3=0000000000000000 
DR6=00000000ffff0ff0 DR7=0000000000000400
CCS=0000000000000044 CCD=0000000000000000 CCO=EFLAGS
EFER=0000000000000d00
Servicing hardware INT=0x20
   125: v=20 e=0000 i=0 cpl=0 IP=0028:ffffffff8000281d pc=ffffffff8000281d SP=0030:ffff800007fb3f00 env->regs[R_EAX]=0000000000000000
RAX=0000000000000000 RBX=0000000000000000 RCX=0000000000000007 RDX=000000000000001a
RSI=000000000000000a RDI=ffff800007fb3eee RBP=ffff800007fb3ff0 RSP=ffff800007fb3f00
R8 =0000000000ffffff R9 =0000000000000500 R10=0000000000000000 R11=0000000000000000
R12=0000000000000000 R13=0000000000000000 R14=0000000000000000 R15=0000000000000000
RIP=ffffffff8000281d RFL=00000246 [---Z-P-] CPL=0 II=0 A20=1 SMM=0 HLT=0
ES =0030 0000000000000000 00000000 00009300 DPL=0 DS   [-WA]
CS =0028 0000000000000000 00000000 00209b00 DPL=0 CS64 [-RA]
SS =0030 0000000000000000 00000000 00009300 DPL=0 DS   [-WA]
DS =0030 0000000000000000 00000000 00009300 DPL=0 DS   [-WA]
FS =0030 0000000000000000 00000000 00009300 DPL=0 DS   [-WA]
GS =0030 0000000000000000 00000000 00009300 DPL=0 DS   [-WA]
LDT=0000 0000000000000000 00000000 00008200 DPL=0 LDT
TR =0038 0000000000000000 00000000 00008900 DPL=0 TSS64-avl
GDT=     ffff800000018048 00000047
IDT=     ffffffff80007120 00000fff
CR0=80010011 CR2=0000000000000000 CR3=0000000007fa3000 CR4=00000020
DR0=0000000000000000 DR1=0000000000000000 DR2=0000000000000000 DR3=0000000000000000 
DR6=00000000ffff0ff0 DR7=0000000000000400
CCS=0000000000000044 CCD=0000000000000000 CCO=EFLAGS
EFER=0000000000000d00
Servicing hardware INT=0x20
   126: v=20 e=0000 i=0 cpl=0 IP=0028:ffffffff8000281d pc=ffffffff8000281d SP=0030:ffff800007fb3f00 env->regs[R_EAX]=0000000000000000
RAX=0000000000000000 RBX=0000000000000000 RCX=0000000000000007 RDX=000000000000001a
RSI=000000000000000a RDI=ffff800007fb3eee RBP=ffff800007fb3ff0 RSP=ffff800007fb3f00
R8 =0000000000ffffff R9 =0000000000000500 R10=0000000000000000 R11=0000000000000000
R12=0000000000000000 R13=0000000000000000 R14=0000000000000000 R15=0000000000000000
RIP=ffffffff8000281d RFL=00000246 [---Z-P-] CPL=0 II=0 A20=1 SMM=0 HLT=0
ES =0030 0000000000000000 00000000 00009300 DPL=0 DS   [-WA]
CS =0028 0000000000000000 00000000 00209b00 DPL=0 CS64 [-RA]
SS =0030 0000000000000000 00000000 00009300 DPL=0 DS   [-WA]
DS =0030 0000000000000000 00000000 00009300 DPL=0 DS   [-WA]
FS =0030 0000000000000000 00000000 00009300 DPL=0 DS   [-WA]
GS =0030 0000000000000000 00000000 00009300 DPL=0 DS   [-WA]
LDT=0000 0000000000000000 00000000 00008200 DPL=0 LDT
TR =0038 0000000000000000 00000000 00008900 DPL=0 TSS64-avl
GDT=     ffff800000018048 00000047
IDT=     ffffffff80007120 00000fff
CR0=80010011 CR2=0000000000000000 CR3=0000000007fa3000 CR4=00000020
DR0=0000000000000000 DR1=0000000000000000 DR2=0000000000000000 DR3=0000000000000000 
DR6=00000000ffff0ff0 DR7=0000000000000400
CCS=0000000000000044 CCD=0000000000000000 CCO=EFLAGS
EFER=0000000000000d00
Servicing hardware INT=0x21
   127: v=21 e=0000 i=0 cpl=0 IP=0028:ffffffff8000281d pc=ffffffff8000281d SP=0030:ffff800007fb3f00 env->regs[R_EAX]=0000000000000000
RAX=0000000000000000 RBX=0000000000000000 RCX=0000000000000007 RDX=000000000000001a
RSI=000000000000000a RDI=ffff800007fb3eee RBP=ffff800007fb3ff0 RSP=ffff800007fb3f00
R8 =0000000000ffffff R9 =0000000000000500 R10=0000000000000000 R11=0000000000000000
R12=0000000000000000 R13=0000000000000000 R14=0000000000000000 R15=0000000000000000
RIP=ffffffff8000281d RFL=00000246 [---Z-P-] CPL=0 II=0 A20=1 SMM=0 HLT=0
ES =0030 0000000000000000 00000000 00009300 DPL=0 DS   [-WA]
CS =0028 0000000000000000 00000000 00209b00 DPL=0 CS64 [-RA]
SS =0030 0000000000000000 00000000 00009300 DPL=0 DS   [-WA]
DS =0030 0000000000000000 00000000 00009300 DPL=0 DS   [-WA]
FS =0030 0000000000000000 00000000 00009300 DPL=0 DS   [-WA]
GS =0030 0000000000000000 00000000 00009300 DPL=0 DS   [-WA]
LDT=0000 0000000000000000 00000000 00008200 DPL=0 LDT
TR =0038 0000000000000000 00000000 00008900 DPL=0 TSS64-avl
GDT=     ffff800000018048 00000047
IDT=     ffffffff80007120 00000fff
CR0=80010011 CR2=0000000000000000 CR3=0000000007fa3000 CR4=00000020
DR0=0000000000000000 DR1=0000000000000000 DR2=0000000000000000 DR3=0000000000000000 
DR6=00000000ffff0ff0 DR7=0000000000000400
CCS=0000000000000044 CCD=0000000000000000 CCO=EFLAGS
EFER=0000000000000d00
Servicing hardware INT=0x21
   128: v=21 e=0000 i=0 cpl=0 IP=0028:ffffffff8000281d pc=ffffffff8000281d SP=0030:ffff800007fb3f00 env->regs[R_EAX]=0000000000000000
RAX=0000000000000000 RBX=0000000000000000 RCX=0000000000000007 RDX=000000000000001a
RSI=000000000000000a RDI=ffff800007fb3eee RBP=ffff800007fb3ff0 RSP=ffff800007fb3f00
R8 =0000000000ffffff R9 =0000000000000500 R10=0000000000000000 R11=0000000000000000
R12=0000000000000000 R13=0000000000000000 R14=0000000000000000 R15=0000000000000000
RIP=ffffffff8000281d RFL=00010246 [---Z-P-] CPL=0 II=0 A20=1 SMM=0 HLT=0
ES =0030 0000000000000000 00000000 00009300 DPL=0 DS   [-WA]
CS =0028 0000000000000000 00000000 00209b00 DPL=0 CS64 [-RA]
SS =0030 0000000000000000 00000000 00009300 DPL=0 DS   [-WA]
DS =0030 0000000000000000 00000000 00009300 DPL=0 DS   [-WA]
FS =0030 0000000000000000 00000000 00009300 DPL=0 DS   [-WA]
GS =0030 0000000000000000 00000000 00009300 DPL=0 DS   [-WA]
LDT=0000 0000000000000000 00000000 00008200 DPL=0 LDT
TR =0038 0000000000000000 00000000 00008900 DPL=0 TSS64-avl
GDT=     ffff800000018048 00000047
IDT=     ffffffff80007120 00000fff
CR0=80010011 CR2=0000000000000000 CR3=0000000007fa3000 CR4=00000020
DR0=0000000000000000 DR1=0000000000000000 DR2=0000000000000000 DR3=0000000000000000 
DR6=00000000ffff0ff0 DR7=0000000000000400
CCS=0000000000000044 CCD=ffff800007fb3ed8 CCO=EFLAGS
EFER=0000000000000d00
Servicing hardware INT=0x20
   129: v=20 e=0000 i=0 cpl=0 IP=0028:ffffffff8000281d pc=ffffffff8000281d SP=0030:ffff800007fb3f00 env->regs[R_EAX]=0000000000000000
RAX=0000000000000000 RBX=0000000000000000 RCX=0000000000000007 RDX=000000000000001c
RSI=000000000000000a RDI=ffff800007fb3eee RBP=ffff800007fb3ff0 RSP=ffff800007fb3f00
R8 =0000000000ffffff R9 =0000000000000500 R10=0000000000000000 R11=0000000000000000
R12=0000000000000000 R13=0000000000000000 R14=0000000000000000 R15=0000000000000000
RIP=ffffffff8000281d RFL=00000246 [---Z-P-] CPL=0 II=0 A20=1 SMM=0 HLT=0
ES =0030 0000000000000000 00000000 00009300 DPL=0 DS   [-WA]
CS =0028 0000000000000000 00000000 00209b00 DPL=0 CS64 [-RA]
SS =0030 0000000000000000 00000000 00009300 DPL=0 DS   [-WA]
DS =0030 0000000000000000 00000000 00009300 DPL=0 DS   [-WA]
FS =0030 0000000000000000 00000000 00009300 DPL=0 DS   [-WA]
GS =0030 0000000000000000 00000000 00009300 DPL=0 DS   [-WA]
LDT=0000 0000000000000000 00000000 00008200 DPL=0 LDT
TR =0038 0000000000000000 00000000 00008900 DPL=0 TSS64-avl
GDT=     ffff800000018048 00000047
IDT=     ffffffff80007120 00000fff
CR0=80010011 CR2=0000000000000000 CR3=0000000007fa3000 CR4=00000020
DR0=0000000000000000 DR1=0000000000000000 DR2=0000000000000000 DR3=0000000000000000 
DR6=00000000ffff0ff0 DR7=0000000000000400
CCS=0000000000000044 CCD=0000000000000000 CCO=EFLAGS
EFER=0000000000000d00
Servicing hardware INT=0x20
   130: v=20 e=0000 i=0 cpl=0 IP=0028:ffffffff8000281d pc=ffffffff8000281d SP=0030:ffff800007fb3f00 env->regs[R_EAX]=0000000000000000
RAX=0000000000000000 RBX=0000000000000000 RCX=0000000000000007 RDX=000000000000001c
RSI=000000000000000a RDI=ffff800007fb3eee RBP=ffff800007fb3ff0 RSP=ffff800007fb3f00
R8 =0000000000ffffff R9 =0000000000000500 R10=0000000000000000 R11=0000000000000000
R12=0000000000000000 R13=0000000000000000 R14=0000000000000000 R15=0000000000000000
RIP=ffffffff8000281d RFL=00000246 [---Z-P-] CPL=0 II=0 A20=1 SMM=0 HLT=0
ES =0030 0000000000000000 00000000 00009300 DPL=0 DS   [-WA]
CS =0028 0000000000000000 00000000 00209b00 DPL=0 CS64 [-RA]
SS =0030 0000000000000000 00000000 00009300 DPL=0 DS   [-WA]
DS =0030 0000000000000000 00000000 00009300 DPL=0 DS   [-WA]
FS =0030 0000000000000000 00000000 00009300 DPL=0 DS   [-WA]
GS =0030 0000000000000000 00000000 00009300 DPL=0 DS   [-WA]
LDT=0000 0000000000000000 00000000 00008200 DPL=0 LDT
TR =0038 0000000000000000 00000000 00008900 DPL=0 TSS64-avl
GDT=     ffff800000018048 00000047
IDT=     ffffffff80007120 00000fff
CR0=80010011 CR2=0000000000000000 CR3=0000000007fa3000 CR4=00000020
DR0=0000000000000000 DR1=0000000000000000 DR2=0000000000000000 DR3=0000000000000000 
DR6=00000000ffff0ff0 DR7=0000000000000400
CCS=0000000000000044 CCD=0000000000000000 CCO=EFLAGS
EFER=0000000000000d00
Servicing hardware INT=0x20
   131: v=20 e=0000 i=0 cpl=0 IP=0028:ffffffff8000281d pc=ffffffff8000281d SP=0030:ffff800007fb3f00 env->regs[R_EAX]=0000000000000000
RAX=0000000000000000 RBX=0000000000000000 RCX=0000000000000007 RDX=000000000000001c
RSI=000000000000000a RDI=ffff800007fb3eee RBP=ffff800007fb3ff0 RSP=ffff800007fb3f00
R8 =0000000000ffffff R9 =0000000000000500 R10=0000000000000000 R11=0000000000000000
R12=0000000000000000 R13=0000000000000000 R14=0000000000000000 R15=0000000000000000
RIP=ffffffff8000281d RFL=00000246 [---Z-P-] CPL=0 II=0 A20=1 SMM=0 HLT=0
ES =0030 0000000000000000 00000000 00009300 DPL=0 DS   [-WA]
CS =0028 0000000000000000 00000000 00209b00 DPL=0 CS64 [-RA]
SS =0030 0000000000000000 00000000 00009300 DPL=0 DS   [-WA]
DS =0030 0000000000000000 00000000 00009300 DPL=0 DS   [-WA]
FS =0030 0000000000000000 00000000 00009300 DPL=0 DS   [-WA]
GS =0030 0000000000000000 00000000 00009300 DPL=0 DS   [-WA]
LDT=0000 0000000000000000 00000000 00008200 DPL=0 LDT
TR =0038 0000000000000000 00000000 00008900 DPL=0 TSS64-avl
GDT=     ffff800000018048 00000047
IDT=     ffffffff80007120 00000fff
CR0=80010011 CR2=0000000000000000 CR3=0000000007fa3000 CR4=00000020
DR0=0000000000000000 DR1=0000000000000000 DR2=0000000000000000 DR3=0000000000000000 
DR6=00000000ffff0ff0 DR7=0000000000000400
CCS=0000000000000044 CCD=0000000000000000 CCO=EFLAGS
EFER=0000000000000d00
Servicing hardware INT=0x21
   132: v=21 e=0000 i=0 cpl=0 IP=0028:ffffffff8000281d pc=ffffffff8000281d SP=0030:ffff800007fb3f00 env->regs[R_EAX]=0000000000000000
RAX=0000000000000000 RBX=0000000000000000 RCX=0000000000000007 RDX=000000000000001c
RSI=000000000000000a RDI=ffff800007fb3eee RBP=ffff800007fb3ff0 RSP=ffff800007fb3f00
R8 =0000000000ffffff R9 =0000000000000500 R10=0000000000000000 R11=0000000000000000
R12=0000000000000000 R13=0000000000000000 R14=0000000000000000 R15=0000000000000000
RIP=ffffffff8000281d RFL=00000246 [---Z-P-] CPL=0 II=0 A20=1 SMM=0 HLT=0
ES =0030 0000000000000000 00000000 00009300 DPL=0 DS   [-WA]
CS =0028 0000000000000000 00000000 00209b00 DPL=0 CS64 [-RA]
SS =0030 0000000000000000 00000000 00009300 DPL=0 DS   [-WA]
DS =0030 0000000000000000 00000000 00009300 DPL=0 DS   [-WA]
FS =0030 0000000000000000 00000000 00009300 DPL=0 DS   [-WA]
GS =0030 0000000000000000 00000000 00009300 DPL=0 DS   [-WA]
LDT=0000 0000000000000000 00000000 00008200 DPL=0 LDT
TR =0038 0000000000000000 00000000 00008900 DPL=0 TSS64-avl
GDT=     ffff800000018048 00000047
IDT=     ffffffff80007120 00000fff
CR0=80010011 CR2=0000000000000000 CR3=0000000007fa3000 CR4=00000020
DR0=0000000000000000 DR1=0000000000000000 DR2=0000000000000000 DR3=0000000000000000 
DR6=00000000ffff0ff0 DR7=0000000000000400
CCS=0000000000000044 CCD=0000000000000000 CCO=EFLAGS
EFER=0000000000000d00
Servicing hardware INT=0x20
   133: v=20 e=0000 i=0 cpl=0 IP=0028:ffffffff8000281d pc=ffffffff8000281d SP=0030:ffff800007fb3f00 env->regs[R_EAX]=0000000000000000
RAX=0000000000000000 RBX=0000000000000000 RCX=0000000000000007 RDX=000000000000001d
RSI=000000000000000a RDI=ffff800007fb3eee RBP=ffff800007fb3ff0 RSP=ffff800007fb3f00
R8 =0000000000ffffff R9 =0000000000000500 R10=0000000000000000 R11=0000000000000000
R12=0000000000000000 R13=0000000000000000 R14=0000000000000000 R15=0000000000000000
RIP=ffffffff8000281d RFL=00000246 [---Z-P-] CPL=0 II=0 A20=1 SMM=0 HLT=0
ES =0030 0000000000000000 00000000 00009300 DPL=0 DS   [-WA]
CS =0028 0000000000000000 00000000 00209b00 DPL=0 CS64 [-RA]
SS =0030 0000000000000000 00000000 00009300 DPL=0 DS   [-WA]
DS =0030 0000000000000000 00000000 00009300 DPL=0 DS   [-WA]
FS =0030 0000000000000000 00000000 00009300 DPL=0 DS   [-WA]
GS =0030 0000000000000000 00000000 00009300 DPL=0 DS   [-WA]
LDT=0000 0000000000000000 00000000 00008200 DPL=0 LDT
TR =0038 0000000000000000 00000000 00008900 DPL=0 TSS64-avl
GDT=     ffff800000018048 00000047
IDT=     ffffffff80007120 00000fff
CR0=80010011 CR2=0000000000000000 CR3=0000000007fa3000 CR4=00000020
DR0=0000000000000000 DR1=0000000000000000 DR2=0000000000000000 DR3=0000000000000000 
DR6=00000000ffff0ff0 DR7=0000000000000400
CCS=0000000000000044 CCD=0000000000000000 CCO=EFLAGS
EFER=0000000000000d00
Servicing hardware INT=0x20
   134: v=20 e=0000 i=0 cpl=0 IP=0028:ffffffff8000281d pc=ffffffff8000281d SP=0030:ffff800007fb3f00 env->regs[R_EAX]=0000000000000000
RAX=0000000000000000 RBX=0000000000000000 RCX=0000000000000007 RDX=000000000000001d
RSI=000000000000000a RDI=ffff800007fb3eee RBP=ffff800007fb3ff0 RSP=ffff800007fb3f00
R8 =0000000000ffffff R9 =0000000000000500 R10=0000000000000000 R11=0000000000000000
R12=0000000000000000 R13=0000000000000000 R14=0000000000000000 R15=0000000000000000
RIP=ffffffff8000281d RFL=00000246 [---Z-P-] CPL=0 II=0 A20=1 SMM=0 HLT=0
ES =0030 0000000000000000 00000000 00009300 DPL=0 DS   [-WA]
CS =0028 0000000000000000 00000000 00209b00 DPL=0 CS64 [-RA]
SS =0030 0000000000000000 00000000 00009300 DPL=0 DS   [-WA]
DS =0030 0000000000000000 00000000 00009300 DPL=0 DS   [-WA]
FS =0030 0000000000000000 00000000 00009300 DPL=0 DS   [-WA]
GS =0030 0000000000000000 00000000 00009300 DPL=0 DS   [-WA]
LDT=0000 0000000000000000 00000000 00008200 DPL=0 LDT
TR =0038 0000000000000000 00000000 00008900 DPL=0 TSS64-avl
GDT=     ffff800000018048 00000047
IDT=     ffffffff80007120 00000fff
CR0=80010011 CR2=0000000000000000 CR3=0000000007fa3000 CR4=00000020
DR0=0000000000000000 DR1=0000000000000000 DR2=0000000000000000 DR3=0000000000000000 
DR6=00000000ffff0ff0 DR7=0000000000000400
CCS=0000000000000044 CCD=0000000000000000 CCO=EFLAGS
EFER=0000000000000d00
Servicing hardware INT=0x21
   135: v=21 e=0000 i=0 cpl=0 IP=0028:ffffffff8000281d pc=ffffffff8000281d SP=0030:ffff800007fb3f00 env->regs[R_EAX]=0000000000000000
RAX=0000000000000000 RBX=0000000000000000 RCX=0000000000000007 RDX=000000000000001d
RSI=000000000000000a RDI=ffff800007fb3eee RBP=ffff800007fb3ff0 RSP=ffff800007fb3f00
R8 =0000000000ffffff R9 =0000000000000500 R10=0000000000000000 R11=0000000000000000
R12=0000000000000000 R13=0000000000000000 R14=0000000000000000 R15=0000000000000000
RIP=ffffffff8000281d RFL=00000246 [---Z-P-] CPL=0 II=0 A20=1 SMM=0 HLT=0
ES =0030 0000000000000000 00000000 00009300 DPL=0 DS   [-WA]
CS =0028 0000000000000000 00000000 00209b00 DPL=0 CS64 [-RA]
SS =0030 0000000000000000 00000000 00009300 DPL=0 DS   [-WA]
DS =0030 0000000000000000 00000000 00009300 DPL=0 DS   [-WA]
FS =0030 0000000000000000 00000000 00009300 DPL=0 DS   [-WA]
GS =0030 0000000000000000 00000000 00009300 DPL=0 DS   [-WA]
LDT=0000 0000000000000000 00000000 00008200 DPL=0 LDT
TR =0038 0000000000000000 00000000 00008900 DPL=0 TSS64-avl
GDT=     ffff800000018048 00000047
IDT=     ffffffff80007120 00000fff
CR0=80010011 CR2=0000000000000000 CR3=0000000007fa3000 CR4=00000020
DR0=0000000000000000 DR1=0000000000000000 DR2=0000000000000000 DR3=0000000000000000 
DR6=00000000ffff0ff0 DR7=0000000000000400
CCS=0000000000000044 CCD=0000000000000000 CCO=EFLAGS
EFER=0000000000000d00
Servicing hardware INT=0x21
   136: v=21 e=0000 i=0 cpl=0 IP=0028:ffffffff8000281d pc=ffffffff8000281d SP=0030:ffff800007fb3f00 env->regs[R_EAX]=0000000000000000
RAX=0000000000000000 RBX=0000000000000000 RCX=0000000000000007 RDX=000000000000001d
RSI=000000000000000a RDI=ffff800007fb3eee RBP=ffff800007fb3ff0 RSP=ffff800007fb3f00
R8 =0000000000ffffff R9 =0000000000000500 R10=0000000000000000 R11=0000000000000000
R12=0000000000000000 R13=0000000000000000 R14=0000000000000000 R15=0000000000000000
RIP=ffffffff8000281d RFL=00010246 [---Z-P-] CPL=0 II=0 A20=1 SMM=0 HLT=0
ES =0030 0000000000000000 00000000 00009300 DPL=0 DS   [-WA]
CS =0028 0000000000000000 00000000 00209b00 DPL=0 CS64 [-RA]
SS =0030 0000000000000000 00000000 00009300 DPL=0 DS   [-WA]
DS =0030 0000000000000000 00000000 00009300 DPL=0 DS   [-WA]
FS =0030 0000000000000000 00000000 00009300 DPL=0 DS   [-WA]
GS =0030 0000000000000000 00000000 00009300 DPL=0 DS   [-WA]
LDT=0000 0000000000000000 00000000 00008200 DPL=0 LDT
TR =0038 0000000000000000 00000000 00008900 DPL=0 TSS64-avl
GDT=     ffff800000018048 00000047
IDT=     ffffffff80007120 00000fff
CR0=80010011 CR2=0000000000000000 CR3=0000000007fa3000 CR4=00000020
DR0=0000000000000000 DR1=0000000000000000 DR2=0000000000000000 DR3=0000000000000000 
DR6=00000000ffff0ff0 DR7=0000000000000400
CCS=0000000000000044 CCD=ffff800007fb3ed8 CCO=EFLAGS
EFER=0000000000000d00
Servicing hardware INT=0x20
   137: v=20 e=0000 i=0 cpl=0 IP=0028:ffffffff8000281d pc=ffffffff8000281d SP=0030:ffff800007fb3f00 env->regs[R_EAX]=0000000000000000
RAX=0000000000000000 RBX=0000000000000000 RCX=0000000000000007 RDX=000000000000001f
RSI=000000000000000a RDI=ffff800007fb3eee RBP=ffff800007fb3ff0 RSP=ffff800007fb3f00
R8 =0000000000ffffff R9 =0000000000000500 R10=0000000000000000 R11=0000000000000000
R12=0000000000000000 R13=0000000000000000 R14=0000000000000000 R15=0000000000000000
RIP=ffffffff8000281d RFL=00000246 [---Z-P-] CPL=0 II=0 A20=1 SMM=0 HLT=0
ES =0030 0000000000000000 00000000 00009300 DPL=0 DS   [-WA]
CS =0028 0000000000000000 00000000 00209b00 DPL=0 CS64 [-RA]
SS =0030 0000000000000000 00000000 00009300 DPL=0 DS   [-WA]
DS =0030 0000000000000000 00000000 00009300 DPL=0 DS   [-WA]
FS =0030 0000000000000000 00000000 00009300 DPL=0 DS   [-WA]
GS =0030 0000000000000000 00000000 00009300 DPL=0 DS   [-WA]
LDT=0000 0000000000000000 00000000 00008200 DPL=0 LDT
TR =0038 0000000000000000 00000000 00008900 DPL=0 TSS64-avl
GDT=     ffff800000018048 00000047
IDT=     ffffffff80007120 00000fff
CR0=80010011 CR2=0000000000000000 CR3=0000000007fa3000 CR4=00000020
DR0=0000000000000000 DR1=0000000000000000 DR2=0000000000000000 DR3=0000000000000000 
DR6=00000000ffff0ff0 DR7=0000000000000400
CCS=0000000000000044 CCD=0000000000000000 CCO=EFLAGS
EFER=0000000000000d00
Servicing hardware INT=0x20
   138: v=20 e=0000 i=0 cpl=0 IP=0028:ffffffff8000281d pc=ffffffff8000281d SP=0030:ffff800007fb3f00 env->regs[R_EAX]=0000000000000000
RAX=0000000000000000 RBX=0000000000000000 RCX=0000000000000007 RDX=000000000000001f
RSI=000000000000000a RDI=ffff800007fb3eee RBP=ffff800007fb3ff0 RSP=ffff800007fb3f00
R8 =0000000000ffffff R9 =0000000000000500 R10=0000000000000000 R11=0000000000000000
R12=0000000000000000 R13=0000000000000000 R14=0000000000000000 R15=0000000000000000
RIP=ffffffff8000281d RFL=00000246 [---Z-P-] CPL=0 II=0 A20=1 SMM=0 HLT=0
ES =0030 0000000000000000 00000000 00009300 DPL=0 DS   [-WA]
CS =0028 0000000000000000 00000000 00209b00 DPL=0 CS64 [-RA]
SS =0030 0000000000000000 00000000 00009300 DPL=0 DS   [-WA]
DS =0030 0000000000000000 00000000 00009300 DPL=0 DS   [-WA]
FS =0030 0000000000000000 00000000 00009300 DPL=0 DS   [-WA]
GS =0030 0000000000000000 00000000 00009300 DPL=0 DS   [-WA]
LDT=0000 0000000000000000 00000000 00008200 DPL=0 LDT
TR =0038 0000000000000000 00000000 00008900 DPL=0 TSS64-avl
GDT=     ffff800000018048 00000047
IDT=     ffffffff80007120 00000fff
CR0=80010011 CR2=0000000000000000 CR3=0000000007fa3000 CR4=00000020
DR0=0000000000000000 DR1=0000000000000000 DR2=0000000000000000 DR3=0000000000000000 
DR6=00000000ffff0ff0 DR7=0000000000000400
CCS=0000000000000044 CCD=0000000000000000 CCO=EFLAGS
EFER=0000000000000d00
Servicing hardware INT=0x20
   139: v=20 e=0000 i=0 cpl=0 IP=0028:ffffffff8000281d pc=ffffffff8000281d SP=0030:ffff800007fb3f00 env->regs[R_EAX]=0000000000000000
RAX=0000000000000000 RBX=0000000000000000 RCX=0000000000000007 RDX=000000000000001f
RSI=000000000000000a RDI=ffff800007fb3eee RBP=ffff800007fb3ff0 RSP=ffff800007fb3f00
R8 =0000000000ffffff R9 =0000000000000500 R10=0000000000000000 R11=0000000000000000
R12=0000000000000000 R13=0000000000000000 R14=0000000000000000 R15=0000000000000000
RIP=ffffffff8000281d RFL=00000246 [---Z-P-] CPL=0 II=0 A20=1 SMM=0 HLT=0
ES =0030 0000000000000000 00000000 00009300 DPL=0 DS   [-WA]
CS =0028 0000000000000000 00000000 00209b00 DPL=0 CS64 [-RA]
SS =0030 0000000000000000 00000000 00009300 DPL=0 DS   [-WA]
DS =0030 0000000000000000 00000000 00009300 DPL=0 DS   [-WA]
FS =0030 0000000000000000 00000000 00009300 DPL=0 DS   [-WA]
GS =0030 0000000000000000 00000000 00009300 DPL=0 DS   [-WA]
LDT=0000 0000000000000000 00000000 00008200 DPL=0 LDT
TR =0038 0000000000000000 00000000 00008900 DPL=0 TSS64-avl
GDT=     ffff800000018048 00000047
IDT=     ffffffff80007120 00000fff
CR0=80010011 CR2=0000000000000000 CR3=0000000007fa3000 CR4=00000020
DR0=0000000000000000 DR1=0000000000000000 DR2=0000000000000000 DR3=0000000000000000 
DR6=00000000ffff0ff0 DR7=0000000000000400
CCS=0000000000000044 CCD=0000000000000000 CCO=EFLAGS
EFER=0000000000000d00
Servicing hardware INT=0x20
   140: v=20 e=0000 i=0 cpl=0 IP=0028:ffffffff8000281d pc=ffffffff8000281d SP=0030:ffff800007fb3f00 env->regs[R_EAX]=0000000000000000
RAX=0000000000000000 RBX=0000000000000000 RCX=0000000000000007 RDX=000000000000001f
RSI=000000000000000a RDI=ffff800007fb3eee RBP=ffff800007fb3ff0 RSP=ffff800007fb3f00
R8 =0000000000ffffff R9 =0000000000000500 R10=0000000000000000 R11=0000000000000000
R12=0000000000000000 R13=0000000000000000 R14=0000000000000000 R15=0000000000000000
RIP=ffffffff8000281d RFL=00000246 [---Z-P-] CPL=0 II=0 A20=1 SMM=0 HLT=0
ES =0030 0000000000000000 00000000 00009300 DPL=0 DS   [-WA]
CS =0028 0000000000000000 00000000 00209b00 DPL=0 CS64 [-RA]
SS =0030 0000000000000000 00000000 00009300 DPL=0 DS   [-WA]
DS =0030 0000000000000000 00000000 00009300 DPL=0 DS   [-WA]
FS =0030 0000000000000000 00000000 00009300 DPL=0 DS   [-WA]
GS =0030 0000000000000000 00000000 00009300 DPL=0 DS   [-WA]
LDT=0000 0000000000000000 00000000 00008200 DPL=0 LDT
TR =0038 0000000000000000 00000000 00008900 DPL=0 TSS64-avl
GDT=     ffff800000018048 00000047
IDT=     ffffffff80007120 00000fff
CR0=80010011 CR2=0000000000000000 CR3=0000000007fa3000 CR4=00000020
DR0=0000000000000000 DR1=0000000000000000 DR2=0000000000000000 DR3=0000000000000000 
DR6=00000000ffff0ff0 DR7=0000000000000400
CCS=0000000000000044 CCD=0000000000000000 CCO=EFLAGS
EFER=0000000000000d00
Servicing hardware INT=0x21
   141: v=21 e=0000 i=0 cpl=0 IP=0028:ffffffff8000281d pc=ffffffff8000281d SP=0030:ffff800007fb3f00 env->regs[R_EAX]=0000000000000000
RAX=0000000000000000 RBX=0000000000000000 RCX=0000000000000007 RDX=000000000000001f
RSI=000000000000000a RDI=ffff800007fb3eee RBP=ffff800007fb3ff0 RSP=ffff800007fb3f00
R8 =0000000000ffffff R9 =0000000000000500 R10=0000000000000000 R11=0000000000000000
R12=0000000000000000 R13=0000000000000000 R14=0000000000000000 R15=0000000000000000
RIP=ffffffff8000281d RFL=00000246 [---Z-P-] CPL=0 II=0 A20=1 SMM=0 HLT=0
ES =0030 0000000000000000 00000000 00009300 DPL=0 DS   [-WA]
CS =0028 0000000000000000 00000000 00209b00 DPL=0 CS64 [-RA]
SS =0030 0000000000000000 00000000 00009300 DPL=0 DS   [-WA]
DS =0030 0000000000000000 00000000 00009300 DPL=0 DS   [-WA]
FS =0030 0000000000000000 00000000 00009300 DPL=0 DS   [-WA]
GS =0030 0000000000000000 00000000 00009300 DPL=0 DS   [-WA]
LDT=0000 0000000000000000 00000000 00008200 DPL=0 LDT
TR =0038 0000000000000000 00000000 00008900 DPL=0 TSS64-avl
GDT=     ffff800000018048 00000047
IDT=     ffffffff80007120 00000fff
CR0=80010011 CR2=0000000000000000 CR3=0000000007fa3000 CR4=00000020
DR0=0000000000000000 DR1=0000000000000000 DR2=0000000000000000 DR3=0000000000000000 
DR6=00000000ffff0ff0 DR7=0000000000000400
CCS=0000000000000044 CCD=0000000000000000 CCO=EFLAGS
EFER=0000000000000d00
Servicing hardware INT=0x20
   142: v=20 e=0000 i=0 cpl=0 IP=0028:ffffffff8000281d pc=ffffffff8000281d SP=0030:ffff800007fb3f00 env->regs[R_EAX]=0000000000000000
RAX=0000000000000000 RBX=0000000000000000 RCX=0000000000000007 RDX=0000000000000020
RSI=000000000000000a RDI=ffff800007fb3eee RBP=ffff800007fb3ff0 RSP=ffff800007fb3f00
R8 =0000000000ffffff R9 =0000000000000500 R10=0000000000000000 R11=0000000000000000
R12=0000000000000000 R13=0000000000000000 R14=0000000000000000 R15=0000000000000000
RIP=ffffffff8000281d RFL=00000246 [---Z-P-] CPL=0 II=0 A20=1 SMM=0 HLT=0
ES =0030 0000000000000000 00000000 00009300 DPL=0 DS   [-WA]
CS =0028 0000000000000000 00000000 00209b00 DPL=0 CS64 [-RA]
SS =0030 0000000000000000 00000000 00009300 DPL=0 DS   [-WA]
DS =0030 0000000000000000 00000000 00009300 DPL=0 DS   [-WA]
FS =0030 0000000000000000 00000000 00009300 DPL=0 DS   [-WA]
GS =0030 0000000000000000 00000000 00009300 DPL=0 DS   [-WA]
LDT=0000 0000000000000000 00000000 00008200 DPL=0 LDT
TR =0038 0000000000000000 00000000 00008900 DPL=0 TSS64-avl
GDT=     ffff800000018048 00000047
IDT=     ffffffff80007120 00000fff
CR0=80010011 CR2=0000000000000000 CR3=0000000007fa3000 CR4=00000020
DR0=0000000000000000 DR1=0000000000000000 DR2=0000000000000000 DR3=0000000000000000 
DR6=00000000ffff0ff0 DR7=0000000000000400
CCS=0000000000000044 CCD=0000000000000000 CCO=EFLAGS
EFER=0000000000000d00
Servicing hardware INT=0x20
   143: v=20 e=0000 i=0 cpl=0 IP=0028:ffffffff8000281d pc=ffffffff8000281d SP=0030:ffff800007fb3f00 env->regs[R_EAX]=0000000000000000
RAX=0000000000000000 RBX=0000000000000000 RCX=0000000000000007 RDX=0000000000000020
RSI=000000000000000a RDI=ffff800007fb3eee RBP=ffff800007fb3ff0 RSP=ffff800007fb3f00
R8 =0000000000ffffff R9 =0000000000000500 R10=0000000000000000 R11=0000000000000000
R12=0000000000000000 R13=0000000000000000 R14=0000000000000000 R15=0000000000000000
RIP=ffffffff8000281d RFL=00000246 [---Z-P-] CPL=0 II=0 A20=1 SMM=0 HLT=0
ES =0030 0000000000000000 00000000 00009300 DPL=0 DS   [-WA]
CS =0028 0000000000000000 00000000 00209b00 DPL=0 CS64 [-RA]
SS =0030 0000000000000000 00000000 00009300 DPL=0 DS   [-WA]
DS =0030 0000000000000000 00000000 00009300 DPL=0 DS   [-WA]
FS =0030 0000000000000000 00000000 00009300 DPL=0 DS   [-WA]
GS =0030 0000000000000000 00000000 00009300 DPL=0 DS   [-WA]
LDT=0000 0000000000000000 00000000 00008200 DPL=0 LDT
TR =0038 0000000000000000 00000000 00008900 DPL=0 TSS64-avl
GDT=     ffff800000018048 00000047
IDT=     ffffffff80007120 00000fff
CR0=80010011 CR2=0000000000000000 CR3=0000000007fa3000 CR4=00000020
DR0=0000000000000000 DR1=0000000000000000 DR2=0000000000000000 DR3=0000000000000000 
DR6=00000000ffff0ff0 DR7=0000000000000400
CCS=0000000000000044 CCD=0000000000000000 CCO=EFLAGS
EFER=0000000000000d00
Servicing hardware INT=0x21
   144: v=21 e=0000 i=0 cpl=0 IP=0028:ffffffff8000281d pc=ffffffff8000281d SP=0030:ffff800007fb3f00 env->regs[R_EAX]=0000000000000000
RAX=0000000000000000 RBX=0000000000000000 RCX=0000000000000007 RDX=0000000000000020
RSI=000000000000000a RDI=ffff800007fb3eee RBP=ffff800007fb3ff0 RSP=ffff800007fb3f00
R8 =0000000000ffffff R9 =0000000000000500 R10=0000000000000000 R11=0000000000000000
R12=0000000000000000 R13=0000000000000000 R14=0000000000000000 R15=0000000000000000
RIP=ffffffff8000281d RFL=00000246 [---Z-P-] CPL=0 II=0 A20=1 SMM=0 HLT=0
ES =0030 0000000000000000 00000000 00009300 DPL=0 DS   [-WA]
CS =0028 0000000000000000 00000000 00209b00 DPL=0 CS64 [-RA]
SS =0030 0000000000000000 00000000 00009300 DPL=0 DS   [-WA]
DS =0030 0000000000000000 00000000 00009300 DPL=0 DS   [-WA]
FS =0030 0000000000000000 00000000 00009300 DPL=0 DS   [-WA]
GS =0030 0000000000000000 00000000 00009300 DPL=0 DS   [-WA]
LDT=0000 0000000000000000 00000000 00008200 DPL=0 LDT
TR =0038 0000000000000000 00000000 00008900 DPL=0 TSS64-avl
GDT=     ffff800000018048 00000047
IDT=     ffffffff80007120 00000fff
CR0=80010011 CR2=0000000000000000 CR3=0000000007fa3000 CR4=00000020
DR0=0000000000000000 DR1=0000000000000000 DR2=0000000000000000 DR3=0000000000000000 
DR6=00000000ffff0ff0 DR7=0000000000000400
CCS=0000000000000044 CCD=0000000000000000 CCO=EFLAGS
EFER=0000000000000d00
Servicing hardware INT=0x21
   145: v=21 e=0000 i=0 cpl=0 IP=0028:ffffffff8000281d pc=ffffffff8000281d SP=0030:ffff800007fb3f00 env->regs[R_EAX]=0000000000000000
RAX=0000000000000000 RBX=0000000000000000 RCX=0000000000000007 RDX=0000000000000020
RSI=000000000000000a RDI=ffff800007fb3eee RBP=ffff800007fb3ff0 RSP=ffff800007fb3f00
R8 =0000000000ffffff R9 =0000000000000500 R10=0000000000000000 R11=0000000000000000
R12=0000000000000000 R13=0000000000000000 R14=0000000000000000 R15=0000000000000000
RIP=ffffffff8000281d RFL=00010246 [---Z-P-] CPL=0 II=0 A20=1 SMM=0 HLT=0
ES =0030 0000000000000000 00000000 00009300 DPL=0 DS   [-WA]
CS =0028 0000000000000000 00000000 00209b00 DPL=0 CS64 [-RA]
SS =0030 0000000000000000 00000000 00009300 DPL=0 DS   [-WA]
DS =0030 0000000000000000 00000000 00009300 DPL=0 DS   [-WA]
FS =0030 0000000000000000 00000000 00009300 DPL=0 DS   [-WA]
GS =0030 0000000000000000 00000000 00009300 DPL=0 DS   [-WA]
LDT=0000 0000000000000000 00000000 00008200 DPL=0 LDT
TR =0038 0000000000000000 00000000 00008900 DPL=0 TSS64-avl
GDT=     ffff800000018048 00000047
IDT=     ffffffff80007120 00000fff
CR0=80010011 CR2=0000000000000000 CR3=0000000007fa3000 CR4=00000020
DR0=0000000000000000 DR1=0000000000000000 DR2=0000000000000000 DR3=0000000000000000 
DR6=00000000ffff0ff0 DR7=0000000000000400
CCS=0000000000000044 CCD=ffff800007fb3ed8 CCO=EFLAGS
EFER=0000000000000d00
Servicing hardware INT=0x20
   146: v=20 e=0000 i=0 cpl=0 IP=0028:ffffffff8000281d pc=ffffffff8000281d SP=0030:ffff800007fb3f00 env->regs[R_EAX]=0000000000000000
RAX=0000000000000000 RBX=0000000000000000 RCX=0000000000000007 RDX=0000000000000022
RSI=000000000000000a RDI=ffff800007fb3eee RBP=ffff800007fb3ff0 RSP=ffff800007fb3f00
R8 =0000000000ffffff R9 =0000000000000500 R10=0000000000000000 R11=0000000000000000
R12=0000000000000000 R13=0000000000000000 R14=0000000000000000 R15=0000000000000000
RIP=ffffffff8000281d RFL=00000246 [---Z-P-] CPL=0 II=0 A20=1 SMM=0 HLT=0
ES =0030 0000000000000000 00000000 00009300 DPL=0 DS   [-WA]
CS =0028 0000000000000000 00000000 00209b00 DPL=0 CS64 [-RA]
SS =0030 0000000000000000 00000000 00009300 DPL=0 DS   [-WA]
DS =0030 0000000000000000 00000000 00009300 DPL=0 DS   [-WA]
FS =0030 0000000000000000 00000000 00009300 DPL=0 DS   [-WA]
GS =0030 0000000000000000 00000000 00009300 DPL=0 DS   [-WA]
LDT=0000 0000000000000000 00000000 00008200 DPL=0 LDT
TR =0038 0000000000000000 00000000 00008900 DPL=0 TSS64-avl
GDT=     ffff800000018048 00000047
IDT=     ffffffff80007120 00000fff
CR0=80010011 CR2=0000000000000000 CR3=0000000007fa3000 CR4=00000020
DR0=0000000000000000 DR1=0000000000000000 DR2=0000000000000000 DR3=0000000000000000 
DR6=00000000ffff0ff0 DR7=0000000000000400
CCS=0000000000000044 CCD=0000000000000000 CCO=EFLAGS
EFER=0000000000000d00
Servicing hardware INT=0x20
   147: v=20 e=0000 i=0 cpl=0 IP=0028:ffffffff8000281d pc=ffffffff8000281d SP=0030:ffff800007fb3f00 env->regs[R_EAX]=0000000000000000
RAX=0000000000000000 RBX=0000000000000000 RCX=0000000000000007 RDX=0000000000000022
RSI=000000000000000a RDI=ffff800007fb3eee RBP=ffff800007fb3ff0 RSP=ffff800007fb3f00
R8 =0000000000ffffff R9 =0000000000000500 R10=0000000000000000 R11=0000000000000000
R12=0000000000000000 R13=0000000000000000 R14=0000000000000000 R15=0000000000000000
RIP=ffffffff8000281d RFL=00000246 [---Z-P-] CPL=0 II=0 A20=1 SMM=0 HLT=0
ES =0030 0000000000000000 00000000 00009300 DPL=0 DS   [-WA]
CS =0028 0000000000000000 00000000 00209b00 DPL=0 CS64 [-RA]
SS =0030 0000000000000000 00000000 00009300 DPL=0 DS   [-WA]
DS =0030 0000000000000000 00000000 00009300 DPL=0 DS   [-WA]
FS =0030 0000000000000000 00000000 00009300 DPL=0 DS   [-WA]
GS =0030 0000000000000000 00000000 00009300 DPL=0 DS   [-WA]
LDT=0000 0000000000000000 00000000 00008200 DPL=0 LDT
TR =0038 0000000000000000 00000000 00008900 DPL=0 TSS64-avl
GDT=     ffff800000018048 00000047
IDT=     ffffffff80007120 00000fff
CR0=80010011 CR2=0000000000000000 CR3=0000000007fa3000 CR4=00000020
DR0=0000000000000000 DR1=0000000000000000 DR2=0000000000000000 DR3=0000000000000000 
DR6=00000000ffff0ff0 DR7=0000000000000400
CCS=0000000000000044 CCD=0000000000000000 CCO=EFLAGS
EFER=0000000000000d00
Servicing hardware INT=0x21
   148: v=21 e=0000 i=0 cpl=0 IP=0028:ffffffff8000281d pc=ffffffff8000281d SP=0030:ffff800007fb3f00 env->regs[R_EAX]=0000000000000000
RAX=0000000000000000 RBX=0000000000000000 RCX=0000000000000007 RDX=0000000000000022
RSI=000000000000000a RDI=ffff800007fb3eee RBP=ffff800007fb3ff0 RSP=ffff800007fb3f00
R8 =0000000000ffffff R9 =0000000000000500 R10=0000000000000000 R11=0000000000000000
R12=0000000000000000 R13=0000000000000000 R14=0000000000000000 R15=0000000000000000
RIP=ffffffff8000281d RFL=00000246 [---Z-P-] CPL=0 II=0 A20=1 SMM=0 HLT=0
ES =0030 0000000000000000 00000000 00009300 DPL=0 DS   [-WA]
CS =0028 0000000000000000 00000000 00209b00 DPL=0 CS64 [-RA]
SS =0030 0000000000000000 00000000 00009300 DPL=0 DS   [-WA]
DS =0030 0000000000000000 00000000 00009300 DPL=0 DS   [-WA]
FS =0030 0000000000000000 00000000 00009300 DPL=0 DS   [-WA]
GS =0030 0000000000000000 00000000 00009300 DPL=0 DS   [-WA]
LDT=0000 0000000000000000 00000000 00008200 DPL=0 LDT
TR =0038 0000000000000000 00000000 00008900 DPL=0 TSS64-avl
GDT=     ffff800000018048 00000047
IDT=     ffffffff80007120 00000fff
CR0=80010011 CR2=0000000000000000 CR3=0000000007fa3000 CR4=00000020
DR0=0000000000000000 DR1=0000000000000000 DR2=0000000000000000 DR3=0000000000000000 
DR6=00000000ffff0ff0 DR7=0000000000000400
CCS=0000000000000044 CCD=0000000000000000 CCO=EFLAGS
EFER=0000000000000d00
Servicing hardware INT=0x20
   149: v=20 e=0000 i=0 cpl=0 IP=0028:ffffffff8000281d pc=ffffffff8000281d SP=0030:ffff800007fb3f00 env->regs[R_EAX]=0000000000000000
RAX=0000000000000000 RBX=0000000000000000 RCX=0000000000000007 RDX=0000000000000023
RSI=000000000000000a RDI=ffff800007fb3eee RBP=ffff800007fb3ff0 RSP=ffff800007fb3f00
R8 =0000000000ffffff R9 =0000000000000500 R10=0000000000000000 R11=0000000000000000
R12=0000000000000000 R13=0000000000000000 R14=0000000000000000 R15=0000000000000000
RIP=ffffffff8000281d RFL=00000246 [---Z-P-] CPL=0 II=0 A20=1 SMM=0 HLT=0
ES =0030 0000000000000000 00000000 00009300 DPL=0 DS   [-WA]
CS =0028 0000000000000000 00000000 00209b00 DPL=0 CS64 [-RA]
SS =0030 0000000000000000 00000000 00009300 DPL=0 DS   [-WA]
DS =0030 0000000000000000 00000000 00009300 DPL=0 DS   [-WA]
FS =0030 0000000000000000 00000000 00009300 DPL=0 DS   [-WA]
GS =0030 0000000000000000 00000000 00009300 DPL=0 DS   [-WA]
LDT=0000 0000000000000000 00000000 00008200 DPL=0 LDT
TR =0038 0000000000000000 00000000 00008900 DPL=0 TSS64-avl
GDT=     ffff800000018048 00000047
IDT=     ffffffff80007120 00000fff
CR0=80010011 CR2=0000000000000000 CR3=0000000007fa3000 CR4=00000020
DR0=0000000000000000 DR1=0000000000000000 DR2=0000000000000000 DR3=0000000000000000 
DR6=00000000ffff0ff0 DR7=0000000000000400
CCS=0000000000000044 CCD=0000000000000000 CCO=EFLAGS
EFER=0000000000000d00
Servicing hardware INT=0x21
   150: v=21 e=0000 i=0 cpl=0 IP=0028:ffffffff8000281d pc=ffffffff8000281d SP=0030:ffff800007fb3f00 env->regs[R_EAX]=0000000000000000
RAX=0000000000000000 RBX=0000000000000000 RCX=0000000000000007 RDX=0000000000000023
RSI=000000000000000a RDI=ffff800007fb3eee RBP=ffff800007fb3ff0 RSP=ffff800007fb3f00
R8 =0000000000ffffff R9 =0000000000000500 R10=0000000000000000 R11=0000000000000000
R12=0000000000000000 R13=0000000000000000 R14=0000000000000000 R15=0000000000000000
RIP=ffffffff8000281d RFL=00000246 [---Z-P-] CPL=0 II=0 A20=1 SMM=0 HLT=0
ES =0030 0000000000000000 00000000 00009300 DPL=0 DS   [-WA]
CS =0028 0000000000000000 00000000 00209b00 DPL=0 CS64 [-RA]
SS =0030 0000000000000000 00000000 00009300 DPL=0 DS   [-WA]
DS =0030 0000000000000000 00000000 00009300 DPL=0 DS   [-WA]
FS =0030 0000000000000000 00000000 00009300 DPL=0 DS   [-WA]
GS =0030 0000000000000000 00000000 00009300 DPL=0 DS   [-WA]
LDT=0000 0000000000000000 00000000 00008200 DPL=0 LDT
TR =0038 0000000000000000 00000000 00008900 DPL=0 TSS64-avl
GDT=     ffff800000018048 00000047
IDT=     ffffffff80007120 00000fff
CR0=80010011 CR2=0000000000000000 CR3=0000000007fa3000 CR4=00000020
DR0=0000000000000000 DR1=0000000000000000 DR2=0000000000000000 DR3=0000000000000000 
DR6=00000000ffff0ff0 DR7=0000000000000400
CCS=0000000000000044 CCD=0000000000000000 CCO=EFLAGS
EFER=0000000000000d00
Servicing hardware INT=0x21
   151: v=21 e=0000 i=0 cpl=0 IP=0028:ffffffff8000281d pc=ffffffff8000281d SP=0030:ffff800007fb3f00 env->regs[R_EAX]=0000000000000000
RAX=0000000000000000 RBX=0000000000000000 RCX=0000000000000007 RDX=0000000000000023
RSI=000000000000000a RDI=ffff800007fb3eee RBP=ffff800007fb3ff0 RSP=ffff800007fb3f00
R8 =0000000000ffffff R9 =0000000000000500 R10=0000000000000000 R11=0000000000000000
R12=0000000000000000 R13=0000000000000000 R14=0000000000000000 R15=0000000000000000
RIP=ffffffff8000281d RFL=00010246 [---Z-P-] CPL=0 II=0 A20=1 SMM=0 HLT=0
ES =0030 0000000000000000 00000000 00009300 DPL=0 DS   [-WA]
CS =0028 0000000000000000 00000000 00209b00 DPL=0 CS64 [-RA]
SS =0030 0000000000000000 00000000 00009300 DPL=0 DS   [-WA]
DS =0030 0000000000000000 00000000 00009300 DPL=0 DS   [-WA]
FS =0030 0000000000000000 00000000 00009300 DPL=0 DS   [-WA]
GS =0030 0000000000000000 00000000 00009300 DPL=0 DS   [-WA]
LDT=0000 0000000000000000 00000000 00008200 DPL=0 LDT
TR =0038 0000000000000000 00000000 00008900 DPL=0 TSS64-avl
GDT=     ffff800000018048 00000047
IDT=     ffffffff80007120 00000fff
CR0=80010011 CR2=0000000000000000 CR3=0000000007fa3000 CR4=00000020
DR0=0000000000000000 DR1=0000000000000000 DR2=0000000000000000 DR3=0000000000000000 
DR6=00000000ffff0ff0 DR7=0000000000000400
CCS=0000000000000044 CCD=ffff800007fb3ed8 CCO=EFLAGS
EFER=0000000000000d00
Servicing hardware INT=0x20
   152: v=20 e=0000 i=0 cpl=0 IP=0028:ffffffff8000281d pc=ffffffff8000281d SP=0030:ffff800007fb3f00 env->regs[R_EAX]=0000000000000000
RAX=0000000000000000 RBX=0000000000000000 RCX=0000000000000007 RDX=0000000000000025
RSI=000000000000000a RDI=ffff800007fb3eee RBP=ffff800007fb3ff0 RSP=ffff800007fb3f00
R8 =0000000000ffffff R9 =0000000000000500 R10=0000000000000000 R11=0000000000000000
R12=0000000000000000 R13=0000000000000000 R14=0000000000000000 R15=0000000000000000
RIP=ffffffff8000281d RFL=00000246 [---Z-P-] CPL=0 II=0 A20=1 SMM=0 HLT=0
ES =0030 0000000000000000 00000000 00009300 DPL=0 DS   [-WA]
CS =0028 0000000000000000 00000000 00209b00 DPL=0 CS64 [-RA]
SS =0030 0000000000000000 00000000 00009300 DPL=0 DS   [-WA]
DS =0030 0000000000000000 00000000 00009300 DPL=0 DS   [-WA]
FS =0030 0000000000000000 00000000 00009300 DPL=0 DS   [-WA]
GS =0030 0000000000000000 00000000 00009300 DPL=0 DS   [-WA]
LDT=0000 0000000000000000 00000000 00008200 DPL=0 LDT
TR =0038 0000000000000000 00000000 00008900 DPL=0 TSS64-avl
GDT=     ffff800000018048 00000047
IDT=     ffffffff80007120 00000fff
CR0=80010011 CR2=0000000000000000 CR3=0000000007fa3000 CR4=00000020
DR0=0000000000000000 DR1=0000000000000000 DR2=0000000000000000 DR3=0000000000000000 
DR6=00000000ffff0ff0 DR7=0000000000000400
CCS=0000000000000044 CCD=0000000000000000 CCO=EFLAGS
EFER=0000000000000d00
Servicing hardware INT=0x20
   153: v=20 e=0000 i=0 cpl=0 IP=0028:ffffffff8000281d pc=ffffffff8000281d SP=0030:ffff800007fb3f00 env->regs[R_EAX]=0000000000000000
RAX=0000000000000000 RBX=0000000000000000 RCX=0000000000000007 RDX=0000000000000025
RSI=000000000000000a RDI=ffff800007fb3eee RBP=ffff800007fb3ff0 RSP=ffff800007fb3f00
R8 =0000000000ffffff R9 =0000000000000500 R10=0000000000000000 R11=0000000000000000
R12=0000000000000000 R13=0000000000000000 R14=0000000000000000 R15=0000000000000000
RIP=ffffffff8000281d RFL=00000246 [---Z-P-] CPL=0 II=0 A20=1 SMM=0 HLT=0
ES =0030 0000000000000000 00000000 00009300 DPL=0 DS   [-WA]
CS =0028 0000000000000000 00000000 00209b00 DPL=0 CS64 [-RA]
SS =0030 0000000000000000 00000000 00009300 DPL=0 DS   [-WA]
DS =0030 0000000000000000 00000000 00009300 DPL=0 DS   [-WA]
FS =0030 0000000000000000 00000000 00009300 DPL=0 DS   [-WA]
GS =0030 0000000000000000 00000000 00009300 DPL=0 DS   [-WA]
LDT=0000 0000000000000000 00000000 00008200 DPL=0 LDT
TR =0038 0000000000000000 00000000 00008900 DPL=0 TSS64-avl
GDT=     ffff800000018048 00000047
IDT=     ffffffff80007120 00000fff
CR0=80010011 CR2=0000000000000000 CR3=0000000007fa3000 CR4=00000020
DR0=0000000000000000 DR1=0000000000000000 DR2=0000000000000000 DR3=0000000000000000 
DR6=00000000ffff0ff0 DR7=0000000000000400
CCS=0000000000000044 CCD=0000000000000000 CCO=EFLAGS
EFER=0000000000000d00
Servicing hardware INT=0x20
   154: v=20 e=0000 i=0 cpl=0 IP=0028:ffffffff8000281d pc=ffffffff8000281d SP=0030:ffff800007fb3f00 env->regs[R_EAX]=0000000000000000
RAX=0000000000000000 RBX=0000000000000000 RCX=0000000000000007 RDX=0000000000000025
RSI=000000000000000a RDI=ffff800007fb3eee RBP=ffff800007fb3ff0 RSP=ffff800007fb3f00
R8 =0000000000ffffff R9 =0000000000000500 R10=0000000000000000 R11=0000000000000000
R12=0000000000000000 R13=0000000000000000 R14=0000000000000000 R15=0000000000000000
RIP=ffffffff8000281d RFL=00000246 [---Z-P-] CPL=0 II=0 A20=1 SMM=0 HLT=0
ES =0030 0000000000000000 00000000 00009300 DPL=0 DS   [-WA]
CS =0028 0000000000000000 00000000 00209b00 DPL=0 CS64 [-RA]
SS =0030 0000000000000000 00000000 00009300 DPL=0 DS   [-WA]
DS =0030 0000000000000000 00000000 00009300 DPL=0 DS   [-WA]
FS =0030 0000000000000000 00000000 00009300 DPL=0 DS   [-WA]
GS =0030 0000000000000000 00000000 00009300 DPL=0 DS   [-WA]
LDT=0000 0000000000000000 00000000 00008200 DPL=0 LDT
TR =0038 0000000000000000 00000000 00008900 DPL=0 TSS64-avl
GDT=     ffff800000018048 00000047
IDT=     ffffffff80007120 00000fff
CR0=80010011 CR2=0000000000000000 CR3=0000000007fa3000 CR4=00000020
DR0=0000000000000000 DR1=0000000000000000 DR2=0000000000000000 DR3=0000000000000000 
DR6=00000000ffff0ff0 DR7=0000000000000400
CCS=0000000000000044 CCD=0000000000000000 CCO=EFLAGS
EFER=0000000000000d00
Servicing hardware INT=0x21
   155: v=21 e=0000 i=0 cpl=0 IP=0028:ffffffff8000281d pc=ffffffff8000281d SP=0030:ffff800007fb3f00 env->regs[R_EAX]=0000000000000000
RAX=0000000000000000 RBX=0000000000000000 RCX=0000000000000007 RDX=0000000000000025
RSI=000000000000000a RDI=ffff800007fb3eee RBP=ffff800007fb3ff0 RSP=ffff800007fb3f00
R8 =0000000000ffffff R9 =0000000000000500 R10=0000000000000000 R11=0000000000000000
R12=0000000000000000 R13=0000000000000000 R14=0000000000000000 R15=0000000000000000
RIP=ffffffff8000281d RFL=00000246 [---Z-P-] CPL=0 II=0 A20=1 SMM=0 HLT=0
ES =0030 0000000000000000 00000000 00009300 DPL=0 DS   [-WA]
CS =0028 0000000000000000 00000000 00209b00 DPL=0 CS64 [-RA]
SS =0030 0000000000000000 00000000 00009300 DPL=0 DS   [-WA]
DS =0030 0000000000000000 00000000 00009300 DPL=0 DS   [-WA]
FS =0030 0000000000000000 00000000 00009300 DPL=0 DS   [-WA]
GS =0030 0000000000000000 00000000 00009300 DPL=0 DS   [-WA]
LDT=0000 0000000000000000 00000000 00008200 DPL=0 LDT
TR =0038 0000000000000000 00000000 00008900 DPL=0 TSS64-avl
GDT=     ffff800000018048 00000047
IDT=     ffffffff80007120 00000fff
CR0=80010011 CR2=0000000000000000 CR3=0000000007fa3000 CR4=00000020
DR0=0000000000000000 DR1=0000000000000000 DR2=0000000000000000 DR3=0000000000000000 
DR6=00000000ffff0ff0 DR7=0000000000000400
CCS=0000000000000044 CCD=0000000000000000 CCO=EFLAGS
EFER=0000000000000d00
Servicing hardware INT=0x20
   156: v=20 e=0000 i=0 cpl=0 IP=0028:ffffffff8000281d pc=ffffffff8000281d SP=0030:ffff800007fb3f00 env->regs[R_EAX]=0000000000000000
RAX=0000000000000000 RBX=0000000000000000 RCX=0000000000000007 RDX=0000000000000026
RSI=000000000000000a RDI=ffff800007fb3eee RBP=ffff800007fb3ff0 RSP=ffff800007fb3f00
R8 =0000000000ffffff R9 =0000000000000500 R10=0000000000000000 R11=0000000000000000
R12=0000000000000000 R13=0000000000000000 R14=0000000000000000 R15=0000000000000000
RIP=ffffffff8000281d RFL=00000246 [---Z-P-] CPL=0 II=0 A20=1 SMM=0 HLT=0
ES =0030 0000000000000000 00000000 00009300 DPL=0 DS   [-WA]
CS =0028 0000000000000000 00000000 00209b00 DPL=0 CS64 [-RA]
SS =0030 0000000000000000 00000000 00009300 DPL=0 DS   [-WA]
DS =0030 0000000000000000 00000000 00009300 DPL=0 DS   [-WA]
FS =0030 0000000000000000 00000000 00009300 DPL=0 DS   [-WA]
GS =0030 0000000000000000 00000000 00009300 DPL=0 DS   [-WA]
LDT=0000 0000000000000000 00000000 00008200 DPL=0 LDT
TR =0038 0000000000000000 00000000 00008900 DPL=0 TSS64-avl
GDT=     ffff800000018048 00000047
IDT=     ffffffff80007120 00000fff
CR0=80010011 CR2=0000000000000000 CR3=0000000007fa3000 CR4=00000020
DR0=0000000000000000 DR1=0000000000000000 DR2=0000000000000000 DR3=0000000000000000 
DR6=00000000ffff0ff0 DR7=0000000000000400
CCS=0000000000000044 CCD=0000000000000000 CCO=EFLAGS
EFER=0000000000000d00
Servicing hardware INT=0x20
   157: v=20 e=0000 i=0 cpl=0 IP=0028:ffffffff8000281d pc=ffffffff8000281d SP=0030:ffff800007fb3f00 env->regs[R_EAX]=0000000000000000
RAX=0000000000000000 RBX=0000000000000000 RCX=0000000000000007 RDX=0000000000000026
RSI=000000000000000a RDI=ffff800007fb3eee RBP=ffff800007fb3ff0 RSP=ffff800007fb3f00
R8 =0000000000ffffff R9 =0000000000000500 R10=0000000000000000 R11=0000000000000000
R12=0000000000000000 R13=0000000000000000 R14=0000000000000000 R15=0000000000000000
RIP=ffffffff8000281d RFL=00000246 [---Z-P-] CPL=0 II=0 A20=1 SMM=0 HLT=0
ES =0030 0000000000000000 00000000 00009300 DPL=0 DS   [-WA]
CS =0028 0000000000000000 00000000 00209b00 DPL=0 CS64 [-RA]
SS =0030 0000000000000000 00000000 00009300 DPL=0 DS   [-WA]
DS =0030 0000000000000000 00000000 00009300 DPL=0 DS   [-WA]
FS =0030 0000000000000000 00000000 00009300 DPL=0 DS   [-WA]
GS =0030 0000000000000000 00000000 00009300 DPL=0 DS   [-WA]
LDT=0000 0000000000000000 00000000 00008200 DPL=0 LDT
TR =0038 0000000000000000 00000000 00008900 DPL=0 TSS64-avl
GDT=     ffff800000018048 00000047
IDT=     ffffffff80007120 00000fff
CR0=80010011 CR2=0000000000000000 CR3=0000000007fa3000 CR4=00000020
DR0=0000000000000000 DR1=0000000000000000 DR2=0000000000000000 DR3=0000000000000000 
DR6=00000000ffff0ff0 DR7=0000000000000400
CCS=0000000000000044 CCD=0000000000000000 CCO=EFLAGS
EFER=0000000000000d00
Servicing hardware INT=0x21
   158: v=21 e=0000 i=0 cpl=0 IP=0028:ffffffff8000281d pc=ffffffff8000281d SP=0030:ffff800007fb3f00 env->regs[R_EAX]=0000000000000000
RAX=0000000000000000 RBX=0000000000000000 RCX=0000000000000007 RDX=0000000000000026
RSI=000000000000000a RDI=ffff800007fb3eee RBP=ffff800007fb3ff0 RSP=ffff800007fb3f00
R8 =0000000000ffffff R9 =0000000000000500 R10=0000000000000000 R11=0000000000000000
R12=0000000000000000 R13=0000000000000000 R14=0000000000000000 R15=0000000000000000
RIP=ffffffff8000281d RFL=00000246 [---Z-P-] CPL=0 II=0 A20=1 SMM=0 HLT=0
ES =0030 0000000000000000 00000000 00009300 DPL=0 DS   [-WA]
CS =0028 0000000000000000 00000000 00209b00 DPL=0 CS64 [-RA]
SS =0030 0000000000000000 00000000 00009300 DPL=0 DS   [-WA]
DS =0030 0000000000000000 00000000 00009300 DPL=0 DS   [-WA]
FS =0030 0000000000000000 00000000 00009300 DPL=0 DS   [-WA]
GS =0030 0000000000000000 00000000 00009300 DPL=0 DS   [-WA]
LDT=0000 0000000000000000 00000000 00008200 DPL=0 LDT
TR =0038 0000000000000000 00000000 00008900 DPL=0 TSS64-avl
GDT=     ffff800000018048 00000047
IDT=     ffffffff80007120 00000fff
CR0=80010011 CR2=0000000000000000 CR3=0000000007fa3000 CR4=00000020
DR0=0000000000000000 DR1=0000000000000000 DR2=0000000000000000 DR3=0000000000000000 
DR6=00000000ffff0ff0 DR7=0000000000000400
CCS=0000000000000044 CCD=0000000000000000 CCO=EFLAGS
EFER=0000000000000d00
Servicing hardware INT=0x21
   159: v=21 e=0000 i=0 cpl=0 IP=0028:ffffffff8000281d pc=ffffffff8000281d SP=0030:ffff800007fb3f00 env->regs[R_EAX]=0000000000000000
RAX=0000000000000000 RBX=0000000000000000 RCX=0000000000000007 RDX=0000000000000026
RSI=000000000000000a RDI=ffff800007fb3eee RBP=ffff800007fb3ff0 RSP=ffff800007fb3f00
R8 =0000000000ffffff R9 =0000000000000500 R10=0000000000000000 R11=0000000000000000
R12=0000000000000000 R13=0000000000000000 R14=0000000000000000 R15=0000000000000000
RIP=ffffffff8000281d RFL=00010246 [---Z-P-] CPL=0 II=0 A20=1 SMM=0 HLT=0
ES =0030 0000000000000000 00000000 00009300 DPL=0 DS   [-WA]
CS =0028 0000000000000000 00000000 00209b00 DPL=0 CS64 [-RA]
SS =0030 0000000000000000 00000000 00009300 DPL=0 DS   [-WA]
DS =0030 0000000000000000 00000000 00009300 DPL=0 DS   [-WA]
FS =0030 0000000000000000 00000000 00009300 DPL=0 DS   [-WA]
GS =0030 0000000000000000 00000000 00009300 DPL=0 DS   [-WA]
LDT=0000 0000000000000000 00000000 00008200 DPL=0 LDT
TR =0038 0000000000000000 00000000 00008900 DPL=0 TSS64-avl
GDT=     ffff800000018048 00000047
IDT=     ffffffff80007120 00000fff
CR0=80010011 CR2=0000000000000000 CR3=0000000007fa3000 CR4=00000020
DR0=0000000000000000 DR1=0000000000000000 DR2=0000000000000000 DR3=0000000000000000 
DR6=00000000ffff0ff0 DR7=0000000000000400
CCS=0000000000000044 CCD=ffff800007fb3ed8 CCO=EFLAGS
EFER=0000000000000d00
Servicing hardware INT=0x20
   160: v=20 e=0000 i=0 cpl=0 IP=0028:ffffffff8000281d pc=ffffffff8000281d SP=0030:ffff800007fb3f00 env->regs[R_EAX]=0000000000000000
RAX=0000000000000000 RBX=0000000000000000 RCX=0000000000000007 RDX=0000000000000028
RSI=000000000000000a RDI=ffff800007fb3eee RBP=ffff800007fb3ff0 RSP=ffff800007fb3f00
R8 =0000000000ffffff R9 =0000000000000500 R10=0000000000000000 R11=0000000000000000
R12=0000000000000000 R13=0000000000000000 R14=0000000000000000 R15=0000000000000000
RIP=ffffffff8000281d RFL=00000246 [---Z-P-] CPL=0 II=0 A20=1 SMM=0 HLT=0
ES =0030 0000000000000000 00000000 00009300 DPL=0 DS   [-WA]
CS =0028 0000000000000000 00000000 00209b00 DPL=0 CS64 [-RA]
SS =0030 0000000000000000 00000000 00009300 DPL=0 DS   [-WA]
DS =0030 0000000000000000 00000000 00009300 DPL=0 DS   [-WA]
FS =0030 0000000000000000 00000000 00009300 DPL=0 DS   [-WA]
GS =0030 0000000000000000 00000000 00009300 DPL=0 DS   [-WA]
LDT=0000 0000000000000000 00000000 00008200 DPL=0 LDT
TR =0038 0000000000000000 00000000 00008900 DPL=0 TSS64-avl
GDT=     ffff800000018048 00000047
IDT=     ffffffff80007120 00000fff
CR0=80010011 CR2=0000000000000000 CR3=0000000007fa3000 CR4=00000020
DR0=0000000000000000 DR1=0000000000000000 DR2=0000000000000000 DR3=0000000000000000 
DR6=00000000ffff0ff0 DR7=0000000000000400
CCS=0000000000000044 CCD=0000000000000000 CCO=EFLAGS
EFER=0000000000000d00
Servicing hardware INT=0x20
   161: v=20 e=0000 i=0 cpl=0 IP=0028:ffffffff8000281d pc=ffffffff8000281d SP=0030:ffff800007fb3f00 env->regs[R_EAX]=0000000000000000
RAX=0000000000000000 RBX=0000000000000000 RCX=0000000000000007 RDX=0000000000000028
RSI=000000000000000a RDI=ffff800007fb3eee RBP=ffff800007fb3ff0 RSP=ffff800007fb3f00
R8 =0000000000ffffff R9 =0000000000000500 R10=0000000000000000 R11=0000000000000000
R12=0000000000000000 R13=0000000000000000 R14=0000000000000000 R15=0000000000000000
RIP=ffffffff8000281d RFL=00000246 [---Z-P-] CPL=0 II=0 A20=1 SMM=0 HLT=0
ES =0030 0000000000000000 00000000 00009300 DPL=0 DS   [-WA]
CS =0028 0000000000000000 00000000 00209b00 DPL=0 CS64 [-RA]
SS =0030 0000000000000000 00000000 00009300 DPL=0 DS   [-WA]
DS =0030 0000000000000000 00000000 00009300 DPL=0 DS   [-WA]
FS =0030 0000000000000000 00000000 00009300 DPL=0 DS   [-WA]
GS =0030 0000000000000000 00000000 00009300 DPL=0 DS   [-WA]
LDT=0000 0000000000000000 00000000 00008200 DPL=0 LDT
TR =0038 0000000000000000 00000000 00008900 DPL=0 TSS64-avl
GDT=     ffff800000018048 00000047
IDT=     ffffffff80007120 00000fff
CR0=80010011 CR2=0000000000000000 CR3=0000000007fa3000 CR4=00000020
DR0=0000000000000000 DR1=0000000000000000 DR2=0000000000000000 DR3=0000000000000000 
DR6=00000000ffff0ff0 DR7=0000000000000400
CCS=0000000000000044 CCD=0000000000000000 CCO=EFLAGS
EFER=0000000000000d00
Servicing hardware INT=0x20
   162: v=20 e=0000 i=0 cpl=0 IP=0028:ffffffff8000281d pc=ffffffff8000281d SP=0030:ffff800007fb3f00 env->regs[R_EAX]=0000000000000000
RAX=0000000000000000 RBX=0000000000000000 RCX=0000000000000007 RDX=0000000000000028
RSI=000000000000000a RDI=ffff800007fb3eee RBP=ffff800007fb3ff0 RSP=ffff800007fb3f00
R8 =0000000000ffffff R9 =0000000000000500 R10=0000000000000000 R11=0000000000000000
R12=0000000000000000 R13=0000000000000000 R14=0000000000000000 R15=0000000000000000
RIP=ffffffff8000281d RFL=00000246 [---Z-P-] CPL=0 II=0 A20=1 SMM=0 HLT=0
ES =0030 0000000000000000 00000000 00009300 DPL=0 DS   [-WA]
CS =0028 0000000000000000 00000000 00209b00 DPL=0 CS64 [-RA]
SS =0030 0000000000000000 00000000 00009300 DPL=0 DS   [-WA]
DS =0030 0000000000000000 00000000 00009300 DPL=0 DS   [-WA]
FS =0030 0000000000000000 00000000 00009300 DPL=0 DS   [-WA]
GS =0030 0000000000000000 00000000 00009300 DPL=0 DS   [-WA]
LDT=0000 0000000000000000 00000000 00008200 DPL=0 LDT
TR =0038 0000000000000000 00000000 00008900 DPL=0 TSS64-avl
GDT=     ffff800000018048 00000047
IDT=     ffffffff80007120 00000fff
CR0=80010011 CR2=0000000000000000 CR3=0000000007fa3000 CR4=00000020
DR0=0000000000000000 DR1=0000000000000000 DR2=0000000000000000 DR3=0000000000000000 
DR6=00000000ffff0ff0 DR7=0000000000000400
CCS=0000000000000044 CCD=0000000000000000 CCO=EFLAGS
EFER=0000000000000d00
Servicing hardware INT=0x20
   163: v=20 e=0000 i=0 cpl=0 IP=0028:ffffffff8000281d pc=ffffffff8000281d SP=0030:ffff800007fb3f00 env->regs[R_EAX]=0000000000000000
RAX=0000000000000000 RBX=0000000000000000 RCX=0000000000000007 RDX=0000000000000028
RSI=000000000000000a RDI=ffff800007fb3eee RBP=ffff800007fb3ff0 RSP=ffff800007fb3f00
R8 =0000000000ffffff R9 =0000000000000500 R10=0000000000000000 R11=0000000000000000
R12=0000000000000000 R13=0000000000000000 R14=0000000000000000 R15=0000000000000000
RIP=ffffffff8000281d RFL=00000246 [---Z-P-] CPL=0 II=0 A20=1 SMM=0 HLT=0
ES =0030 0000000000000000 00000000 00009300 DPL=0 DS   [-WA]
CS =0028 0000000000000000 00000000 00209b00 DPL=0 CS64 [-RA]
SS =0030 0000000000000000 00000000 00009300 DPL=0 DS   [-WA]
DS =0030 0000000000000000 00000000 00009300 DPL=0 DS   [-WA]
FS =0030 0000000000000000 00000000 00009300 DPL=0 DS   [-WA]
GS =0030 0000000000000000 00000000 00009300 DPL=0 DS   [-WA]
LDT=0000 0000000000000000 00000000 00008200 DPL=0 LDT
TR =0038 0000000000000000 00000000 00008900 DPL=0 TSS64-avl
GDT=     ffff800000018048 00000047
IDT=     ffffffff80007120 00000fff
CR0=80010011 CR2=0000000000000000 CR3=0000000007fa3000 CR4=00000020
DR0=0000000000000000 DR1=0000000000000000 DR2=0000000000000000 DR3=0000000000000000 
DR6=00000000ffff0ff0 DR7=0000000000000400
CCS=0000000000000044 CCD=0000000000000000 CCO=EFLAGS
EFER=0000000000000d00
Servicing hardware INT=0x20
   164: v=20 e=0000 i=0 cpl=0 IP=0028:ffffffff8000281d pc=ffffffff8000281d SP=0030:ffff800007fb3f00 env->regs[R_EAX]=0000000000000000
RAX=0000000000000000 RBX=0000000000000000 RCX=0000000000000007 RDX=0000000000000028
RSI=000000000000000a RDI=ffff800007fb3eee RBP=ffff800007fb3ff0 RSP=ffff800007fb3f00
R8 =0000000000ffffff R9 =0000000000000500 R10=0000000000000000 R11=0000000000000000
R12=0000000000000000 R13=0000000000000000 R14=0000000000000000 R15=0000000000000000
RIP=ffffffff8000281d RFL=00000246 [---Z-P-] CPL=0 II=0 A20=1 SMM=0 HLT=0
ES =0030 0000000000000000 00000000 00009300 DPL=0 DS   [-WA]
CS =0028 0000000000000000 00000000 00209b00 DPL=0 CS64 [-RA]
SS =0030 0000000000000000 00000000 00009300 DPL=0 DS   [-WA]
DS =0030 0000000000000000 00000000 00009300 DPL=0 DS   [-WA]
FS =0030 0000000000000000 00000000 00009300 DPL=0 DS   [-WA]
GS =0030 0000000000000000 00000000 00009300 DPL=0 DS   [-WA]
LDT=0000 0000000000000000 00000000 00008200 DPL=0 LDT
TR =0038 0000000000000000 00000000 00008900 DPL=0 TSS64-avl
GDT=     ffff800000018048 00000047
IDT=     ffffffff80007120 00000fff
CR0=80010011 CR2=0000000000000000 CR3=0000000007fa3000 CR4=00000020
DR0=0000000000000000 DR1=0000000000000000 DR2=0000000000000000 DR3=0000000000000000 
DR6=00000000ffff0ff0 DR7=0000000000000400
CCS=0000000000000044 CCD=0000000000000000 CCO=EFLAGS
EFER=0000000000000d00
Servicing hardware INT=0x20
   165: v=20 e=0000 i=0 cpl=0 IP=0028:ffffffff8000281d pc=ffffffff8000281d SP=0030:ffff800007fb3f00 env->regs[R_EAX]=0000000000000000
RAX=0000000000000000 RBX=0000000000000000 RCX=0000000000000007 RDX=0000000000000028
RSI=000000000000000a RDI=ffff800007fb3eee RBP=ffff800007fb3ff0 RSP=ffff800007fb3f00
R8 =0000000000ffffff R9 =0000000000000500 R10=0000000000000000 R11=0000000000000000
R12=0000000000000000 R13=0000000000000000 R14=0000000000000000 R15=0000000000000000
RIP=ffffffff8000281d RFL=00000246 [---Z-P-] CPL=0 II=0 A20=1 SMM=0 HLT=0
ES =0030 0000000000000000 00000000 00009300 DPL=0 DS   [-WA]
CS =0028 0000000000000000 00000000 00209b00 DPL=0 CS64 [-RA]
SS =0030 0000000000000000 00000000 00009300 DPL=0 DS   [-WA]
DS =0030 0000000000000000 00000000 00009300 DPL=0 DS   [-WA]
FS =0030 0000000000000000 00000000 00009300 DPL=0 DS   [-WA]
GS =0030 0000000000000000 00000000 00009300 DPL=0 DS   [-WA]
LDT=0000 0000000000000000 00000000 00008200 DPL=0 LDT
TR =0038 0000000000000000 00000000 00008900 DPL=0 TSS64-avl
GDT=     ffff800000018048 00000047
IDT=     ffffffff80007120 00000fff
CR0=80010011 CR2=0000000000000000 CR3=0000000007fa3000 CR4=00000020
DR0=0000000000000000 DR1=0000000000000000 DR2=0000000000000000 DR3=0000000000000000 
DR6=00000000ffff0ff0 DR7=0000000000000400
CCS=0000000000000044 CCD=0000000000000000 CCO=EFLAGS
EFER=0000000000000d00
Servicing hardware INT=0x20
   166: v=20 e=0000 i=0 cpl=0 IP=0028:ffffffff8000281d pc=ffffffff8000281d SP=0030:ffff800007fb3f00 env->regs[R_EAX]=0000000000000000
RAX=0000000000000000 RBX=0000000000000000 RCX=0000000000000007 RDX=0000000000000028
RSI=000000000000000a RDI=ffff800007fb3eee RBP=ffff800007fb3ff0 RSP=ffff800007fb3f00
R8 =0000000000ffffff R9 =0000000000000500 R10=0000000000000000 R11=0000000000000000
R12=0000000000000000 R13=0000000000000000 R14=0000000000000000 R15=0000000000000000
RIP=ffffffff8000281d RFL=00000246 [---Z-P-] CPL=0 II=0 A20=1 SMM=0 HLT=0
ES =0030 0000000000000000 00000000 00009300 DPL=0 DS   [-WA]
CS =0028 0000000000000000 00000000 00209b00 DPL=0 CS64 [-RA]
SS =0030 0000000000000000 00000000 00009300 DPL=0 DS   [-WA]
DS =0030 0000000000000000 00000000 00009300 DPL=0 DS   [-WA]
FS =0030 0000000000000000 00000000 00009300 DPL=0 DS   [-WA]
GS =0030 0000000000000000 00000000 00009300 DPL=0 DS   [-WA]
LDT=0000 0000000000000000 00000000 00008200 DPL=0 LDT
TR =0038 0000000000000000 00000000 00008900 DPL=0 TSS64-avl
GDT=     ffff800000018048 00000047
IDT=     ffffffff80007120 00000fff
CR0=80010011 CR2=0000000000000000 CR3=0000000007fa3000 CR4=00000020
DR0=0000000000000000 DR1=0000000000000000 DR2=0000000000000000 DR3=0000000000000000 
DR6=00000000ffff0ff0 DR7=0000000000000400
CCS=0000000000000044 CCD=0000000000000000 CCO=EFLAGS
EFER=0000000000000d00
Servicing hardware INT=0x20
   167: v=20 e=0000 i=0 cpl=0 IP=0028:ffffffff8000281d pc=ffffffff8000281d SP=0030:ffff800007fb3f00 env->regs[R_EAX]=0000000000000000
RAX=0000000000000000 RBX=0000000000000000 RCX=0000000000000007 RDX=0000000000000028
RSI=000000000000000a RDI=ffff800007fb3eee RBP=ffff800007fb3ff0 RSP=ffff800007fb3f00
R8 =0000000000ffffff R9 =0000000000000500 R10=0000000000000000 R11=0000000000000000
R12=0000000000000000 R13=0000000000000000 R14=0000000000000000 R15=0000000000000000
RIP=ffffffff8000281d RFL=00000246 [---Z-P-] CPL=0 II=0 A20=1 SMM=0 HLT=0
ES =0030 0000000000000000 00000000 00009300 DPL=0 DS   [-WA]
CS =0028 0000000000000000 00000000 00209b00 DPL=0 CS64 [-RA]
SS =0030 0000000000000000 00000000 00009300 DPL=0 DS   [-WA]
DS =0030 0000000000000000 00000000 00009300 DPL=0 DS   [-WA]
FS =0030 0000000000000000 00000000 00009300 DPL=0 DS   [-WA]
GS =0030 0000000000000000 00000000 00009300 DPL=0 DS   [-WA]
LDT=0000 0000000000000000 00000000 00008200 DPL=0 LDT
TR =0038 0000000000000000 00000000 00008900 DPL=0 TSS64-avl
GDT=     ffff800000018048 00000047
IDT=     ffffffff80007120 00000fff
CR0=80010011 CR2=0000000000000000 CR3=0000000007fa3000 CR4=00000020
DR0=0000000000000000 DR1=0000000000000000 DR2=0000000000000000 DR3=0000000000000000 
DR6=00000000ffff0ff0 DR7=0000000000000400
CCS=0000000000000044 CCD=0000000000000000 CCO=EFLAGS
EFER=0000000000000d00
Servicing hardware INT=0x20
   168: v=20 e=0000 i=0 cpl=0 IP=0028:ffffffff8000281d pc=ffffffff8000281d SP=0030:ffff800007fb3f00 env->regs[R_EAX]=0000000000000000
RAX=0000000000000000 RBX=0000000000000000 RCX=0000000000000007 RDX=0000000000000028
RSI=000000000000000a RDI=ffff800007fb3eee RBP=ffff800007fb3ff0 RSP=ffff800007fb3f00
R8 =0000000000ffffff R9 =0000000000000500 R10=0000000000000000 R11=0000000000000000
R12=0000000000000000 R13=0000000000000000 R14=0000000000000000 R15=0000000000000000
RIP=ffffffff8000281d RFL=00000246 [---Z-P-] CPL=0 II=0 A20=1 SMM=0 HLT=0
ES =0030 0000000000000000 00000000 00009300 DPL=0 DS   [-WA]
CS =0028 0000000000000000 00000000 00209b00 DPL=0 CS64 [-RA]
SS =0030 0000000000000000 00000000 00009300 DPL=0 DS   [-WA]
DS =0030 0000000000000000 00000000 00009300 DPL=0 DS   [-WA]
FS =0030 0000000000000000 00000000 00009300 DPL=0 DS   [-WA]
GS =0030 0000000000000000 00000000 00009300 DPL=0 DS   [-WA]
LDT=0000 0000000000000000 00000000 00008200 DPL=0 LDT
TR =0038 0000000000000000 00000000 00008900 DPL=0 TSS64-avl
GDT=     ffff800000018048 00000047
IDT=     ffffffff80007120 00000fff
CR0=80010011 CR2=0000000000000000 CR3=0000000007fa3000 CR4=00000020
DR0=0000000000000000 DR1=0000000000000000 DR2=0000000000000000 DR3=0000000000000000 
DR6=00000000ffff0ff0 DR7=0000000000000400
CCS=0000000000000044 CCD=0000000000000000 CCO=EFLAGS
EFER=0000000000000d00
Servicing hardware INT=0x20
   169: v=20 e=0000 i=0 cpl=0 IP=0028:ffffffff8000281d pc=ffffffff8000281d SP=0030:ffff800007fb3f00 env->regs[R_EAX]=0000000000000000
RAX=0000000000000000 RBX=0000000000000000 RCX=0000000000000007 RDX=0000000000000028
RSI=000000000000000a RDI=ffff800007fb3eee RBP=ffff800007fb3ff0 RSP=ffff800007fb3f00
R8 =0000000000ffffff R9 =0000000000000500 R10=0000000000000000 R11=0000000000000000
R12=0000000000000000 R13=0000000000000000 R14=0000000000000000 R15=0000000000000000
RIP=ffffffff8000281d RFL=00000246 [---Z-P-] CPL=0 II=0 A20=1 SMM=0 HLT=0
ES =0030 0000000000000000 00000000 00009300 DPL=0 DS   [-WA]
CS =0028 0000000000000000 00000000 00209b00 DPL=0 CS64 [-RA]
SS =0030 0000000000000000 00000000 00009300 DPL=0 DS   [-WA]
DS =0030 0000000000000000 00000000 00009300 DPL=0 DS   [-WA]
FS =0030 0000000000000000 00000000 00009300 DPL=0 DS   [-WA]
GS =0030 0000000000000000 00000000 00009300 DPL=0 DS   [-WA]
LDT=0000 0000000000000000 00000000 00008200 DPL=0 LDT
TR =0038 0000000000000000 00000000 00008900 DPL=0 TSS64-avl
GDT=     ffff800000018048 00000047
IDT=     ffffffff80007120 00000fff
CR0=80010011 CR2=0000000000000000 CR3=0000000007fa3000 CR4=00000020
DR0=0000000000000000 DR1=0000000000000000 DR2=0000000000000000 DR3=0000000000000000 
DR6=00000000ffff0ff0 DR7=0000000000000400
CCS=0000000000000044 CCD=0000000000000000 CCO=EFLAGS
EFER=0000000000000d00
Servicing hardware INT=0x20
   170: v=20 e=0000 i=0 cpl=0 IP=0028:ffffffff8000281d pc=ffffffff8000281d SP=0030:ffff800007fb3f00 env->regs[R_EAX]=0000000000000000
RAX=0000000000000000 RBX=0000000000000000 RCX=0000000000000007 RDX=0000000000000028
RSI=000000000000000a RDI=ffff800007fb3eee RBP=ffff800007fb3ff0 RSP=ffff800007fb3f00
R8 =0000000000ffffff R9 =0000000000000500 R10=0000000000000000 R11=0000000000000000
R12=0000000000000000 R13=0000000000000000 R14=0000000000000000 R15=0000000000000000
RIP=ffffffff8000281d RFL=00000246 [---Z-P-] CPL=0 II=0 A20=1 SMM=0 HLT=0
ES =0030 0000000000000000 00000000 00009300 DPL=0 DS   [-WA]
CS =0028 0000000000000000 00000000 00209b00 DPL=0 CS64 [-RA]
SS =0030 0000000000000000 00000000 00009300 DPL=0 DS   [-WA]
DS =0030 0000000000000000 00000000 00009300 DPL=0 DS   [-WA]
FS =0030 0000000000000000 00000000 00009300 DPL=0 DS   [-WA]
GS =0030 0000000000000000 00000000 00009300 DPL=0 DS   [-WA]
LDT=0000 0000000000000000 00000000 00008200 DPL=0 LDT
TR =0038 0000000000000000 00000000 00008900 DPL=0 TSS64-avl
GDT=     ffff800000018048 00000047
IDT=     ffffffff80007120 00000fff
CR0=80010011 CR2=0000000000000000 CR3=0000000007fa3000 CR4=00000020
DR0=0000000000000000 DR1=0000000000000000 DR2=0000000000000000 DR3=0000000000000000 
DR6=00000000ffff0ff0 DR7=0000000000000400
CCS=0000000000000044 CCD=0000000000000000 CCO=EFLAGS
EFER=0000000000000d00
Servicing hardware INT=0x21
   171: v=21 e=0000 i=0 cpl=0 IP=0028:ffffffff8000281d pc=ffffffff8000281d SP=0030:ffff800007fb3f00 env->regs[R_EAX]=0000000000000000
RAX=0000000000000000 RBX=0000000000000000 RCX=0000000000000007 RDX=0000000000000028
RSI=000000000000000a RDI=ffff800007fb3eee RBP=ffff800007fb3ff0 RSP=ffff800007fb3f00
R8 =0000000000ffffff R9 =0000000000000500 R10=0000000000000000 R11=0000000000000000
R12=0000000000000000 R13=0000000000000000 R14=0000000000000000 R15=0000000000000000
RIP=ffffffff8000281d RFL=00000246 [---Z-P-] CPL=0 II=0 A20=1 SMM=0 HLT=0
ES =0030 0000000000000000 00000000 00009300 DPL=0 DS   [-WA]
CS =0028 0000000000000000 00000000 00209b00 DPL=0 CS64 [-RA]
SS =0030 0000000000000000 00000000 00009300 DPL=0 DS   [-WA]
DS =0030 0000000000000000 00000000 00009300 DPL=0 DS   [-WA]
FS =0030 0000000000000000 00000000 00009300 DPL=0 DS   [-WA]
GS =0030 0000000000000000 00000000 00009300 DPL=0 DS   [-WA]
LDT=0000 0000000000000000 00000000 00008200 DPL=0 LDT
TR =0038 0000000000000000 00000000 00008900 DPL=0 TSS64-avl
GDT=     ffff800000018048 00000047
IDT=     ffffffff80007120 00000fff
CR0=80010011 CR2=0000000000000000 CR3=0000000007fa3000 CR4=00000020
DR0=0000000000000000 DR1=0000000000000000 DR2=0000000000000000 DR3=0000000000000000 
DR6=00000000ffff0ff0 DR7=0000000000000400
CCS=0000000000000044 CCD=0000000000000000 CCO=EFLAGS
EFER=0000000000000d00
Servicing hardware INT=0x20
   172: v=20 e=0000 i=0 cpl=0 IP=0028:ffffffff8000281d pc=ffffffff8000281d SP=0030:ffff800007fb3f00 env->regs[R_EAX]=0000000000000000
RAX=0000000000000000 RBX=0000000000000000 RCX=0000000000000007 RDX=0000000000000029
RSI=000000000000000a RDI=ffff800007fb3eee RBP=ffff800007fb3ff0 RSP=ffff800007fb3f00
R8 =0000000000ffffff R9 =0000000000000500 R10=0000000000000000 R11=0000000000000000
R12=0000000000000000 R13=0000000000000000 R14=0000000000000000 R15=0000000000000000
RIP=ffffffff8000281d RFL=00000246 [---Z-P-] CPL=0 II=0 A20=1 SMM=0 HLT=0
ES =0030 0000000000000000 00000000 00009300 DPL=0 DS   [-WA]
CS =0028 0000000000000000 00000000 00209b00 DPL=0 CS64 [-RA]
SS =0030 0000000000000000 00000000 00009300 DPL=0 DS   [-WA]
DS =0030 0000000000000000 00000000 00009300 DPL=0 DS   [-WA]
FS =0030 0000000000000000 00000000 00009300 DPL=0 DS   [-WA]
GS =0030 0000000000000000 00000000 00009300 DPL=0 DS   [-WA]
LDT=0000 0000000000000000 00000000 00008200 DPL=0 LDT
TR =0038 0000000000000000 00000000 00008900 DPL=0 TSS64-avl
GDT=     ffff800000018048 00000047
IDT=     ffffffff80007120 00000fff
CR0=80010011 CR2=0000000000000000 CR3=0000000007fa3000 CR4=00000020
DR0=0000000000000000 DR1=0000000000000000 DR2=0000000000000000 DR3=0000000000000000 
DR6=00000000ffff0ff0 DR7=0000000000000400
CCS=0000000000000044 CCD=0000000000000000 CCO=EFLAGS
EFER=0000000000000d00
Servicing hardware INT=0x20
   173: v=20 e=0000 i=0 cpl=0 IP=0028:ffffffff8000281d pc=ffffffff8000281d SP=0030:ffff800007fb3f00 env->regs[R_EAX]=0000000000000000
RAX=0000000000000000 RBX=0000000000000000 RCX=0000000000000007 RDX=0000000000000029
RSI=000000000000000a RDI=ffff800007fb3eee RBP=ffff800007fb3ff0 RSP=ffff800007fb3f00
R8 =0000000000ffffff R9 =0000000000000500 R10=0000000000000000 R11=0000000000000000
R12=0000000000000000 R13=0000000000000000 R14=0000000000000000 R15=0000000000000000
RIP=ffffffff8000281d RFL=00000246 [---Z-P-] CPL=0 II=0 A20=1 SMM=0 HLT=0
ES =0030 0000000000000000 00000000 00009300 DPL=0 DS   [-WA]
CS =0028 0000000000000000 00000000 00209b00 DPL=0 CS64 [-RA]
SS =0030 0000000000000000 00000000 00009300 DPL=0 DS   [-WA]
DS =0030 0000000000000000 00000000 00009300 DPL=0 DS   [-WA]
FS =0030 0000000000000000 00000000 00009300 DPL=0 DS   [-WA]
GS =0030 0000000000000000 00000000 00009300 DPL=0 DS   [-WA]
LDT=0000 0000000000000000 00000000 00008200 DPL=0 LDT
TR =0038 0000000000000000 00000000 00008900 DPL=0 TSS64-avl
GDT=     ffff800000018048 00000047
IDT=     ffffffff80007120 00000fff
CR0=80010011 CR2=0000000000000000 CR3=0000000007fa3000 CR4=00000020
DR0=0000000000000000 DR1=0000000000000000 DR2=0000000000000000 DR3=0000000000000000 
DR6=00000000ffff0ff0 DR7=0000000000000400
CCS=0000000000000044 CCD=0000000000000000 CCO=EFLAGS
EFER=0000000000000d00
Servicing hardware INT=0x21
   174: v=21 e=0000 i=0 cpl=0 IP=0028:ffffffff8000281d pc=ffffffff8000281d SP=0030:ffff800007fb3f00 env->regs[R_EAX]=0000000000000000
RAX=0000000000000000 RBX=0000000000000000 RCX=0000000000000007 RDX=0000000000000029
RSI=000000000000000a RDI=ffff800007fb3eee RBP=ffff800007fb3ff0 RSP=ffff800007fb3f00
R8 =0000000000ffffff R9 =0000000000000500 R10=0000000000000000 R11=0000000000000000
R12=0000000000000000 R13=0000000000000000 R14=0000000000000000 R15=0000000000000000
RIP=ffffffff8000281d RFL=00000246 [---Z-P-] CPL=0 II=0 A20=1 SMM=0 HLT=0
ES =0030 0000000000000000 00000000 00009300 DPL=0 DS   [-WA]
CS =0028 0000000000000000 00000000 00209b00 DPL=0 CS64 [-RA]
SS =0030 0000000000000000 00000000 00009300 DPL=0 DS   [-WA]
DS =0030 0000000000000000 00000000 00009300 DPL=0 DS   [-WA]
FS =0030 0000000000000000 00000000 00009300 DPL=0 DS   [-WA]
GS =0030 0000000000000000 00000000 00009300 DPL=0 DS   [-WA]
LDT=0000 0000000000000000 00000000 00008200 DPL=0 LDT
TR =0038 0000000000000000 00000000 00008900 DPL=0 TSS64-avl
GDT=     ffff800000018048 00000047
IDT=     ffffffff80007120 00000fff
CR0=80010011 CR2=0000000000000000 CR3=0000000007fa3000 CR4=00000020
DR0=0000000000000000 DR1=0000000000000000 DR2=0000000000000000 DR3=0000000000000000 
DR6=00000000ffff0ff0 DR7=0000000000000400
CCS=0000000000000044 CCD=0000000000000000 CCO=EFLAGS
EFER=0000000000000d00
Servicing hardware INT=0x21
   175: v=21 e=0000 i=0 cpl=0 IP=0028:ffffffff8000281d pc=ffffffff8000281d SP=0030:ffff800007fb3f00 env->regs[R_EAX]=0000000000000000
RAX=0000000000000000 RBX=0000000000000000 RCX=0000000000000007 RDX=0000000000000029
RSI=000000000000000a RDI=ffff800007fb3eee RBP=ffff800007fb3ff0 RSP=ffff800007fb3f00
R8 =0000000000ffffff R9 =0000000000000500 R10=0000000000000000 R11=0000000000000000
R12=0000000000000000 R13=0000000000000000 R14=0000000000000000 R15=0000000000000000
RIP=ffffffff8000281d RFL=00010246 [---Z-P-] CPL=0 II=0 A20=1 SMM=0 HLT=0
ES =0030 0000000000000000 00000000 00009300 DPL=0 DS   [-WA]
CS =0028 0000000000000000 00000000 00209b00 DPL=0 CS64 [-RA]
SS =0030 0000000000000000 00000000 00009300 DPL=0 DS   [-WA]
DS =0030 0000000000000000 00000000 00009300 DPL=0 DS   [-WA]
FS =0030 0000000000000000 00000000 00009300 DPL=0 DS   [-WA]
GS =0030 0000000000000000 00000000 00009300 DPL=0 DS   [-WA]
LDT=0000 0000000000000000 00000000 00008200 DPL=0 LDT
TR =0038 0000000000000000 00000000 00008900 DPL=0 TSS64-avl
GDT=     ffff800000018048 00000047
IDT=     ffffffff80007120 00000fff
CR0=80010011 CR2=0000000000000000 CR3=0000000007fa3000 CR4=00000020
DR0=0000000000000000 DR1=0000000000000000 DR2=0000000000000000 DR3=0000000000000000 
DR6=00000000ffff0ff0 DR7=0000000000000400
CCS=0000000000000044 CCD=ffff800007fb3ed8 CCO=EFLAGS
EFER=0000000000000d00
Servicing hardware INT=0x20
   176: v=20 e=0000 i=0 cpl=0 IP=0028:ffffffff8000281d pc=ffffffff8000281d SP=0030:ffff800007fb3f00 env->regs[R_EAX]=0000000000000000
RAX=0000000000000000 RBX=0000000000000000 RCX=0000000000000007 RDX=000000000000002b
RSI=000000000000000a RDI=ffff800007fb3eee RBP=ffff800007fb3ff0 RSP=ffff800007fb3f00
R8 =0000000000ffffff R9 =0000000000000500 R10=0000000000000000 R11=0000000000000000
R12=0000000000000000 R13=0000000000000000 R14=0000000000000000 R15=0000000000000000
RIP=ffffffff8000281d RFL=00000246 [---Z-P-] CPL=0 II=0 A20=1 SMM=0 HLT=0
ES =0030 0000000000000000 00000000 00009300 DPL=0 DS   [-WA]
CS =0028 0000000000000000 00000000 00209b00 DPL=0 CS64 [-RA]
SS =0030 0000000000000000 00000000 00009300 DPL=0 DS   [-WA]
DS =0030 0000000000000000 00000000 00009300 DPL=0 DS   [-WA]
FS =0030 0000000000000000 00000000 00009300 DPL=0 DS   [-WA]
GS =0030 0000000000000000 00000000 00009300 DPL=0 DS   [-WA]
LDT=0000 0000000000000000 00000000 00008200 DPL=0 LDT
TR =0038 0000000000000000 00000000 00008900 DPL=0 TSS64-avl
GDT=     ffff800000018048 00000047
IDT=     ffffffff80007120 00000fff
CR0=80010011 CR2=0000000000000000 CR3=0000000007fa3000 CR4=00000020
DR0=0000000000000000 DR1=0000000000000000 DR2=0000000000000000 DR3=0000000000000000 
DR6=00000000ffff0ff0 DR7=0000000000000400
CCS=0000000000000044 CCD=0000000000000000 CCO=EFLAGS
EFER=0000000000000d00
Servicing hardware INT=0x20
   177: v=20 e=0000 i=0 cpl=0 IP=0028:ffffffff8000281d pc=ffffffff8000281d SP=0030:ffff800007fb3f00 env->regs[R_EAX]=0000000000000000
RAX=0000000000000000 RBX=0000000000000000 RCX=0000000000000007 RDX=000000000000002b
RSI=000000000000000a RDI=ffff800007fb3eee RBP=ffff800007fb3ff0 RSP=ffff800007fb3f00
R8 =0000000000ffffff R9 =0000000000000500 R10=0000000000000000 R11=0000000000000000
R12=0000000000000000 R13=0000000000000000 R14=0000000000000000 R15=0000000000000000
RIP=ffffffff8000281d RFL=00000246 [---Z-P-] CPL=0 II=0 A20=1 SMM=0 HLT=0
ES =0030 0000000000000000 00000000 00009300 DPL=0 DS   [-WA]
CS =0028 0000000000000000 00000000 00209b00 DPL=0 CS64 [-RA]
SS =0030 0000000000000000 00000000 00009300 DPL=0 DS   [-WA]
DS =0030 0000000000000000 00000000 00009300 DPL=0 DS   [-WA]
FS =0030 0000000000000000 00000000 00009300 DPL=0 DS   [-WA]
GS =0030 0000000000000000 00000000 00009300 DPL=0 DS   [-WA]
LDT=0000 0000000000000000 00000000 00008200 DPL=0 LDT
TR =0038 0000000000000000 00000000 00008900 DPL=0 TSS64-avl
GDT=     ffff800000018048 00000047
IDT=     ffffffff80007120 00000fff
CR0=80010011 CR2=0000000000000000 CR3=0000000007fa3000 CR4=00000020
DR0=0000000000000000 DR1=0000000000000000 DR2=0000000000000000 DR3=0000000000000000 
DR6=00000000ffff0ff0 DR7=0000000000000400
CCS=0000000000000044 CCD=0000000000000000 CCO=EFLAGS
EFER=0000000000000d00
Servicing hardware INT=0x20
   178: v=20 e=0000 i=0 cpl=0 IP=0028:ffffffff8000281d pc=ffffffff8000281d SP=0030:ffff800007fb3f00 env->regs[R_EAX]=0000000000000000
RAX=0000000000000000 RBX=0000000000000000 RCX=0000000000000007 RDX=000000000000002b
RSI=000000000000000a RDI=ffff800007fb3eee RBP=ffff800007fb3ff0 RSP=ffff800007fb3f00
R8 =0000000000ffffff R9 =0000000000000500 R10=0000000000000000 R11=0000000000000000
R12=0000000000000000 R13=0000000000000000 R14=0000000000000000 R15=0000000000000000
RIP=ffffffff8000281d RFL=00000246 [---Z-P-] CPL=0 II=0 A20=1 SMM=0 HLT=0
ES =0030 0000000000000000 00000000 00009300 DPL=0 DS   [-WA]
CS =0028 0000000000000000 00000000 00209b00 DPL=0 CS64 [-RA]
SS =0030 0000000000000000 00000000 00009300 DPL=0 DS   [-WA]
DS =0030 0000000000000000 00000000 00009300 DPL=0 DS   [-WA]
FS =0030 0000000000000000 00000000 00009300 DPL=0 DS   [-WA]
GS =0030 0000000000000000 00000000 00009300 DPL=0 DS   [-WA]
LDT=0000 0000000000000000 00000000 00008200 DPL=0 LDT
TR =0038 0000000000000000 00000000 00008900 DPL=0 TSS64-avl
GDT=     ffff800000018048 00000047
IDT=     ffffffff80007120 00000fff
CR0=80010011 CR2=0000000000000000 CR3=0000000007fa3000 CR4=00000020
DR0=0000000000000000 DR1=0000000000000000 DR2=0000000000000000 DR3=0000000000000000 
DR6=00000000ffff0ff0 DR7=0000000000000400
CCS=0000000000000044 CCD=0000000000000000 CCO=EFLAGS
EFER=0000000000000d00
Servicing hardware INT=0x21
   179: v=21 e=0000 i=0 cpl=0 IP=0028:ffffffff8000281d pc=ffffffff8000281d SP=0030:ffff800007fb3f00 env->regs[R_EAX]=0000000000000000
RAX=0000000000000000 RBX=0000000000000000 RCX=0000000000000007 RDX=000000000000002b
RSI=000000000000000a RDI=ffff800007fb3eee RBP=ffff800007fb3ff0 RSP=ffff800007fb3f00
R8 =0000000000ffffff R9 =0000000000000500 R10=0000000000000000 R11=0000000000000000
R12=0000000000000000 R13=0000000000000000 R14=0000000000000000 R15=0000000000000000
RIP=ffffffff8000281d RFL=00000246 [---Z-P-] CPL=0 II=0 A20=1 SMM=0 HLT=0
ES =0030 0000000000000000 00000000 00009300 DPL=0 DS   [-WA]
CS =0028 0000000000000000 00000000 00209b00 DPL=0 CS64 [-RA]
SS =0030 0000000000000000 00000000 00009300 DPL=0 DS   [-WA]
DS =0030 0000000000000000 00000000 00009300 DPL=0 DS   [-WA]
FS =0030 0000000000000000 00000000 00009300 DPL=0 DS   [-WA]
GS =0030 0000000000000000 00000000 00009300 DPL=0 DS   [-WA]
LDT=0000 0000000000000000 00000000 00008200 DPL=0 LDT
TR =0038 0000000000000000 00000000 00008900 DPL=0 TSS64-avl
GDT=     ffff800000018048 00000047
IDT=     ffffffff80007120 00000fff
CR0=80010011 CR2=0000000000000000 CR3=0000000007fa3000 CR4=00000020
DR0=0000000000000000 DR1=0000000000000000 DR2=0000000000000000 DR3=0000000000000000 
DR6=00000000ffff0ff0 DR7=0000000000000400
CCS=0000000000000044 CCD=0000000000000000 CCO=EFLAGS
EFER=0000000000000d00
Servicing hardware INT=0x20
   180: v=20 e=0000 i=0 cpl=0 IP=0028:ffffffff8000281d pc=ffffffff8000281d SP=0030:ffff800007fb3f00 env->regs[R_EAX]=0000000000000000
RAX=0000000000000000 RBX=0000000000000000 RCX=0000000000000007 RDX=000000000000002c
RSI=000000000000000a RDI=ffff800007fb3eee RBP=ffff800007fb3ff0 RSP=ffff800007fb3f00
R8 =0000000000ffffff R9 =0000000000000500 R10=0000000000000000 R11=0000000000000000
R12=0000000000000000 R13=0000000000000000 R14=0000000000000000 R15=0000000000000000
RIP=ffffffff8000281d RFL=00000246 [---Z-P-] CPL=0 II=0 A20=1 SMM=0 HLT=0
ES =0030 0000000000000000 00000000 00009300 DPL=0 DS   [-WA]
CS =0028 0000000000000000 00000000 00209b00 DPL=0 CS64 [-RA]
SS =0030 0000000000000000 00000000 00009300 DPL=0 DS   [-WA]
DS =0030 0000000000000000 00000000 00009300 DPL=0 DS   [-WA]
FS =0030 0000000000000000 00000000 00009300 DPL=0 DS   [-WA]
GS =0030 0000000000000000 00000000 00009300 DPL=0 DS   [-WA]
LDT=0000 0000000000000000 00000000 00008200 DPL=0 LDT
TR =0038 0000000000000000 00000000 00008900 DPL=0 TSS64-avl
GDT=     ffff800000018048 00000047
IDT=     ffffffff80007120 00000fff
CR0=80010011 CR2=0000000000000000 CR3=0000000007fa3000 CR4=00000020
DR0=0000000000000000 DR1=0000000000000000 DR2=0000000000000000 DR3=0000000000000000 
DR6=00000000ffff0ff0 DR7=0000000000000400
CCS=0000000000000044 CCD=0000000000000000 CCO=EFLAGS
EFER=0000000000000d00
Servicing hardware INT=0x20
   181: v=20 e=0000 i=0 cpl=0 IP=0028:ffffffff8000281d pc=ffffffff8000281d SP=0030:ffff800007fb3f00 env->regs[R_EAX]=0000000000000000
RAX=0000000000000000 RBX=0000000000000000 RCX=0000000000000007 RDX=000000000000002c
RSI=000000000000000a RDI=ffff800007fb3eee RBP=ffff800007fb3ff0 RSP=ffff800007fb3f00
R8 =0000000000ffffff R9 =0000000000000500 R10=0000000000000000 R11=0000000000000000
R12=0000000000000000 R13=0000000000000000 R14=0000000000000000 R15=0000000000000000
RIP=ffffffff8000281d RFL=00000246 [---Z-P-] CPL=0 II=0 A20=1 SMM=0 HLT=0
ES =0030 0000000000000000 00000000 00009300 DPL=0 DS   [-WA]
CS =0028 0000000000000000 00000000 00209b00 DPL=0 CS64 [-RA]
SS =0030 0000000000000000 00000000 00009300 DPL=0 DS   [-WA]
DS =0030 0000000000000000 00000000 00009300 DPL=0 DS   [-WA]
FS =0030 0000000000000000 00000000 00009300 DPL=0 DS   [-WA]
GS =0030 0000000000000000 00000000 00009300 DPL=0 DS   [-WA]
LDT=0000 0000000000000000 00000000 00008200 DPL=0 LDT
TR =0038 0000000000000000 00000000 00008900 DPL=0 TSS64-avl
GDT=     ffff800000018048 00000047
IDT=     ffffffff80007120 00000fff
CR0=80010011 CR2=0000000000000000 CR3=0000000007fa3000 CR4=00000020
DR0=0000000000000000 DR1=0000000000000000 DR2=0000000000000000 DR3=0000000000000000 
DR6=00000000ffff0ff0 DR7=0000000000000400
CCS=0000000000000044 CCD=0000000000000000 CCO=EFLAGS
EFER=0000000000000d00
Servicing hardware INT=0x21
   182: v=21 e=0000 i=0 cpl=0 IP=0028:ffffffff8000281d pc=ffffffff8000281d SP=0030:ffff800007fb3f00 env->regs[R_EAX]=0000000000000000
RAX=0000000000000000 RBX=0000000000000000 RCX=0000000000000007 RDX=000000000000002c
RSI=000000000000000a RDI=ffff800007fb3eee RBP=ffff800007fb3ff0 RSP=ffff800007fb3f00
R8 =0000000000ffffff R9 =0000000000000500 R10=0000000000000000 R11=0000000000000000
R12=0000000000000000 R13=0000000000000000 R14=0000000000000000 R15=0000000000000000
RIP=ffffffff8000281d RFL=00000246 [---Z-P-] CPL=0 II=0 A20=1 SMM=0 HLT=0
ES =0030 0000000000000000 00000000 00009300 DPL=0 DS   [-WA]
CS =0028 0000000000000000 00000000 00209b00 DPL=0 CS64 [-RA]
SS =0030 0000000000000000 00000000 00009300 DPL=0 DS   [-WA]
DS =0030 0000000000000000 00000000 00009300 DPL=0 DS   [-WA]
FS =0030 0000000000000000 00000000 00009300 DPL=0 DS   [-WA]
GS =0030 0000000000000000 00000000 00009300 DPL=0 DS   [-WA]
LDT=0000 0000000000000000 00000000 00008200 DPL=0 LDT
TR =0038 0000000000000000 00000000 00008900 DPL=0 TSS64-avl
GDT=     ffff800000018048 00000047
IDT=     ffffffff80007120 00000fff
CR0=80010011 CR2=0000000000000000 CR3=0000000007fa3000 CR4=00000020
DR0=0000000000000000 DR1=0000000000000000 DR2=0000000000000000 DR3=0000000000000000 
DR6=00000000ffff0ff0 DR7=0000000000000400
CCS=0000000000000044 CCD=0000000000000000 CCO=EFLAGS
EFER=0000000000000d00
Servicing hardware INT=0x21
   183: v=21 e=0000 i=0 cpl=0 IP=0028:ffffffff8000281d pc=ffffffff8000281d SP=0030:ffff800007fb3f00 env->regs[R_EAX]=0000000000000000
RAX=0000000000000000 RBX=0000000000000000 RCX=0000000000000007 RDX=000000000000002c
RSI=000000000000000a RDI=ffff800007fb3eee RBP=ffff800007fb3ff0 RSP=ffff800007fb3f00
R8 =0000000000ffffff R9 =0000000000000500 R10=0000000000000000 R11=0000000000000000
R12=0000000000000000 R13=0000000000000000 R14=0000000000000000 R15=0000000000000000
RIP=ffffffff8000281d RFL=00010246 [---Z-P-] CPL=0 II=0 A20=1 SMM=0 HLT=0
ES =0030 0000000000000000 00000000 00009300 DPL=0 DS   [-WA]
CS =0028 0000000000000000 00000000 00209b00 DPL=0 CS64 [-RA]
SS =0030 0000000000000000 00000000 00009300 DPL=0 DS   [-WA]
DS =0030 0000000000000000 00000000 00009300 DPL=0 DS   [-WA]
FS =0030 0000000000000000 00000000 00009300 DPL=0 DS   [-WA]
GS =0030 0000000000000000 00000000 00009300 DPL=0 DS   [-WA]
LDT=0000 0000000000000000 00000000 00008200 DPL=0 LDT
TR =0038 0000000000000000 00000000 00008900 DPL=0 TSS64-avl
GDT=     ffff800000018048 00000047
IDT=     ffffffff80007120 00000fff
CR0=80010011 CR2=0000000000000000 CR3=0000000007fa3000 CR4=00000020
DR0=0000000000000000 DR1=0000000000000000 DR2=0000000000000000 DR3=0000000000000000 
DR6=00000000ffff0ff0 DR7=0000000000000400
CCS=0000000000000044 CCD=ffff800007fb3ed8 CCO=EFLAGS
EFER=0000000000000d00
Servicing hardware INT=0x20
   184: v=20 e=0000 i=0 cpl=0 IP=0028:ffffffff8000281d pc=ffffffff8000281d SP=0030:ffff800007fb3f00 env->regs[R_EAX]=0000000000000000
RAX=0000000000000000 RBX=0000000000000000 RCX=0000000000000007 RDX=000000000000002e
RSI=000000000000000a RDI=ffff800007fb3eee RBP=ffff800007fb3ff0 RSP=ffff800007fb3f00
R8 =0000000000ffffff R9 =0000000000000500 R10=0000000000000000 R11=0000000000000000
R12=0000000000000000 R13=0000000000000000 R14=0000000000000000 R15=0000000000000000
RIP=ffffffff8000281d RFL=00000246 [---Z-P-] CPL=0 II=0 A20=1 SMM=0 HLT=0
ES =0030 0000000000000000 00000000 00009300 DPL=0 DS   [-WA]
CS =0028 0000000000000000 00000000 00209b00 DPL=0 CS64 [-RA]
SS =0030 0000000000000000 00000000 00009300 DPL=0 DS   [-WA]
DS =0030 0000000000000000 00000000 00009300 DPL=0 DS   [-WA]
FS =0030 0000000000000000 00000000 00009300 DPL=0 DS   [-WA]
GS =0030 0000000000000000 00000000 00009300 DPL=0 DS   [-WA]
LDT=0000 0000000000000000 00000000 00008200 DPL=0 LDT
TR =0038 0000000000000000 00000000 00008900 DPL=0 TSS64-avl
GDT=     ffff800000018048 00000047
IDT=     ffffffff80007120 00000fff
CR0=80010011 CR2=0000000000000000 CR3=0000000007fa3000 CR4=00000020
DR0=0000000000000000 DR1=0000000000000000 DR2=0000000000000000 DR3=0000000000000000 
DR6=00000000ffff0ff0 DR7=0000000000000400
CCS=0000000000000044 CCD=0000000000000000 CCO=EFLAGS
EFER=0000000000000d00
Servicing hardware INT=0x20
   185: v=20 e=0000 i=0 cpl=0 IP=0028:ffffffff8000281d pc=ffffffff8000281d SP=0030:ffff800007fb3f00 env->regs[R_EAX]=0000000000000000
RAX=0000000000000000 RBX=0000000000000000 RCX=0000000000000007 RDX=000000000000002e
RSI=000000000000000a RDI=ffff800007fb3eee RBP=ffff800007fb3ff0 RSP=ffff800007fb3f00
R8 =0000000000ffffff R9 =0000000000000500 R10=0000000000000000 R11=0000000000000000
R12=0000000000000000 R13=0000000000000000 R14=0000000000000000 R15=0000000000000000
RIP=ffffffff8000281d RFL=00000246 [---Z-P-] CPL=0 II=0 A20=1 SMM=0 HLT=0
ES =0030 0000000000000000 00000000 00009300 DPL=0 DS   [-WA]
CS =0028 0000000000000000 00000000 00209b00 DPL=0 CS64 [-RA]
SS =0030 0000000000000000 00000000 00009300 DPL=0 DS   [-WA]
DS =0030 0000000000000000 00000000 00009300 DPL=0 DS   [-WA]
FS =0030 0000000000000000 00000000 00009300 DPL=0 DS   [-WA]
GS =0030 0000000000000000 00000000 00009300 DPL=0 DS   [-WA]
LDT=0000 0000000000000000 00000000 00008200 DPL=0 LDT
TR =0038 0000000000000000 00000000 00008900 DPL=0 TSS64-avl
GDT=     ffff800000018048 00000047
IDT=     ffffffff80007120 00000fff
CR0=80010011 CR2=0000000000000000 CR3=0000000007fa3000 CR4=00000020
DR0=0000000000000000 DR1=0000000000000000 DR2=0000000000000000 DR3=0000000000000000 
DR6=00000000ffff0ff0 DR7=0000000000000400
CCS=0000000000000044 CCD=0000000000000000 CCO=EFLAGS
EFER=0000000000000d00
Servicing hardware INT=0x20
   186: v=20 e=0000 i=0 cpl=0 IP=0028:ffffffff8000281d pc=ffffffff8000281d SP=0030:ffff800007fb3f00 env->regs[R_EAX]=0000000000000000
RAX=0000000000000000 RBX=0000000000000000 RCX=0000000000000007 RDX=000000000000002e
RSI=000000000000000a RDI=ffff800007fb3eee RBP=ffff800007fb3ff0 RSP=ffff800007fb3f00
R8 =0000000000ffffff R9 =0000000000000500 R10=0000000000000000 R11=0000000000000000
R12=0000000000000000 R13=0000000000000000 R14=0000000000000000 R15=0000000000000000
RIP=ffffffff8000281d RFL=00000246 [---Z-P-] CPL=0 II=0 A20=1 SMM=0 HLT=0
ES =0030 0000000000000000 00000000 00009300 DPL=0 DS   [-WA]
CS =0028 0000000000000000 00000000 00209b00 DPL=0 CS64 [-RA]
SS =0030 0000000000000000 00000000 00009300 DPL=0 DS   [-WA]
DS =0030 0000000000000000 00000000 00009300 DPL=0 DS   [-WA]
FS =0030 0000000000000000 00000000 00009300 DPL=0 DS   [-WA]
GS =0030 0000000000000000 00000000 00009300 DPL=0 DS   [-WA]
LDT=0000 0000000000000000 00000000 00008200 DPL=0 LDT
TR =0038 0000000000000000 00000000 00008900 DPL=0 TSS64-avl
GDT=     ffff800000018048 00000047
IDT=     ffffffff80007120 00000fff
CR0=80010011 CR2=0000000000000000 CR3=0000000007fa3000 CR4=00000020
DR0=0000000000000000 DR1=0000000000000000 DR2=0000000000000000 DR3=0000000000000000 
DR6=00000000ffff0ff0 DR7=0000000000000400
CCS=0000000000000044 CCD=0000000000000000 CCO=EFLAGS
EFER=0000000000000d00
Servicing hardware INT=0x21
   187: v=21 e=0000 i=0 cpl=0 IP=0028:ffffffff8000281d pc=ffffffff8000281d SP=0030:ffff800007fb3f00 env->regs[R_EAX]=0000000000000000
RAX=0000000000000000 RBX=0000000000000000 RCX=0000000000000007 RDX=000000000000002e
RSI=000000000000000a RDI=ffff800007fb3eee RBP=ffff800007fb3ff0 RSP=ffff800007fb3f00
R8 =0000000000ffffff R9 =0000000000000500 R10=0000000000000000 R11=0000000000000000
R12=0000000000000000 R13=0000000000000000 R14=0000000000000000 R15=0000000000000000
RIP=ffffffff8000281d RFL=00010246 [---Z-P-] CPL=0 II=0 A20=1 SMM=0 HLT=0
ES =0030 0000000000000000 00000000 00009300 DPL=0 DS   [-WA]
CS =0028 0000000000000000 00000000 00209b00 DPL=0 CS64 [-RA]
SS =0030 0000000000000000 00000000 00009300 DPL=0 DS   [-WA]
DS =0030 0000000000000000 00000000 00009300 DPL=0 DS   [-WA]
FS =0030 0000000000000000 00000000 00009300 DPL=0 DS   [-WA]
GS =0030 0000000000000000 00000000 00009300 DPL=0 DS   [-WA]
LDT=0000 0000000000000000 00000000 00008200 DPL=0 LDT
TR =0038 0000000000000000 00000000 00008900 DPL=0 TSS64-avl
GDT=     ffff800000018048 00000047
IDT=     ffffffff80007120 00000fff
CR0=80010011 CR2=0000000000000000 CR3=0000000007fa3000 CR4=00000020
DR0=0000000000000000 DR1=0000000000000000 DR2=0000000000000000 DR3=0000000000000000 
DR6=00000000ffff0ff0 DR7=0000000000000400
CCS=0000000000000044 CCD=ffff800007fb3ed8 CCO=EFLAGS
EFER=0000000000000d00
Servicing hardware INT=0x20
   188: v=20 e=0000 i=0 cpl=0 IP=0028:ffffffff8000281d pc=ffffffff8000281d SP=0030:ffff800007fb3f00 env->regs[R_EAX]=0000000000000000
RAX=0000000000000000 RBX=0000000000000000 RCX=0000000000000007 RDX=000000000000002f
RSI=000000000000000a RDI=ffff800007fb3eee RBP=ffff800007fb3ff0 RSP=ffff800007fb3f00
R8 =0000000000ffffff R9 =0000000000000500 R10=0000000000000000 R11=0000000000000000
R12=0000000000000000 R13=0000000000000000 R14=0000000000000000 R15=0000000000000000
RIP=ffffffff8000281d RFL=00000246 [---Z-P-] CPL=0 II=0 A20=1 SMM=0 HLT=0
ES =0030 0000000000000000 00000000 00009300 DPL=0 DS   [-WA]
CS =0028 0000000000000000 00000000 00209b00 DPL=0 CS64 [-RA]
SS =0030 0000000000000000 00000000 00009300 DPL=0 DS   [-WA]
DS =0030 0000000000000000 00000000 00009300 DPL=0 DS   [-WA]
FS =0030 0000000000000000 00000000 00009300 DPL=0 DS   [-WA]
GS =0030 0000000000000000 00000000 00009300 DPL=0 DS   [-WA]
LDT=0000 0000000000000000 00000000 00008200 DPL=0 LDT
TR =0038 0000000000000000 00000000 00008900 DPL=0 TSS64-avl
GDT=     ffff800000018048 00000047
IDT=     ffffffff80007120 00000fff
CR0=80010011 CR2=0000000000000000 CR3=0000000007fa3000 CR4=00000020
DR0=0000000000000000 DR1=0000000000000000 DR2=0000000000000000 DR3=0000000000000000 
DR6=00000000ffff0ff0 DR7=0000000000000400
CCS=0000000000000044 CCD=0000000000000000 CCO=EFLAGS
EFER=0000000000000d00
Servicing hardware INT=0x20
   189: v=20 e=0000 i=0 cpl=0 IP=0028:ffffffff8000281d pc=ffffffff8000281d SP=0030:ffff800007fb3f00 env->regs[R_EAX]=0000000000000000
RAX=0000000000000000 RBX=0000000000000000 RCX=0000000000000007 RDX=000000000000002f
RSI=000000000000000a RDI=ffff800007fb3eee RBP=ffff800007fb3ff0 RSP=ffff800007fb3f00
R8 =0000000000ffffff R9 =0000000000000500 R10=0000000000000000 R11=0000000000000000
R12=0000000000000000 R13=0000000000000000 R14=0000000000000000 R15=0000000000000000
RIP=ffffffff8000281d RFL=00000246 [---Z-P-] CPL=0 II=0 A20=1 SMM=0 HLT=0
ES =0030 0000000000000000 00000000 00009300 DPL=0 DS   [-WA]
CS =0028 0000000000000000 00000000 00209b00 DPL=0 CS64 [-RA]
SS =0030 0000000000000000 00000000 00009300 DPL=0 DS   [-WA]
DS =0030 0000000000000000 00000000 00009300 DPL=0 DS   [-WA]
FS =0030 0000000000000000 00000000 00009300 DPL=0 DS   [-WA]
GS =0030 0000000000000000 00000000 00009300 DPL=0 DS   [-WA]
LDT=0000 0000000000000000 00000000 00008200 DPL=0 LDT
TR =0038 0000000000000000 00000000 00008900 DPL=0 TSS64-avl
GDT=     ffff800000018048 00000047
IDT=     ffffffff80007120 00000fff
CR0=80010011 CR2=0000000000000000 CR3=0000000007fa3000 CR4=00000020
DR0=0000000000000000 DR1=0000000000000000 DR2=0000000000000000 DR3=0000000000000000 
DR6=00000000ffff0ff0 DR7=0000000000000400
CCS=0000000000000044 CCD=0000000000000000 CCO=EFLAGS
EFER=0000000000000d00
Servicing hardware INT=0x21
   190: v=21 e=0000 i=0 cpl=0 IP=0028:ffffffff8000281d pc=ffffffff8000281d SP=0030:ffff800007fb3f00 env->regs[R_EAX]=0000000000000000
RAX=0000000000000000 RBX=0000000000000000 RCX=0000000000000007 RDX=000000000000002f
RSI=000000000000000a RDI=ffff800007fb3eee RBP=ffff800007fb3ff0 RSP=ffff800007fb3f00
R8 =0000000000ffffff R9 =0000000000000500 R10=0000000000000000 R11=0000000000000000
R12=0000000000000000 R13=0000000000000000 R14=0000000000000000 R15=0000000000000000
RIP=ffffffff8000281d RFL=00000246 [---Z-P-] CPL=0 II=0 A20=1 SMM=0 HLT=0
ES =0030 0000000000000000 00000000 00009300 DPL=0 DS   [-WA]
CS =0028 0000000000000000 00000000 00209b00 DPL=0 CS64 [-RA]
SS =0030 0000000000000000 00000000 00009300 DPL=0 DS   [-WA]
DS =0030 0000000000000000 00000000 00009300 DPL=0 DS   [-WA]
FS =0030 0000000000000000 00000000 00009300 DPL=0 DS   [-WA]
GS =0030 0000000000000000 00000000 00009300 DPL=0 DS   [-WA]
LDT=0000 0000000000000000 00000000 00008200 DPL=0 LDT
TR =0038 0000000000000000 00000000 00008900 DPL=0 TSS64-avl
GDT=     ffff800000018048 00000047
IDT=     ffffffff80007120 00000fff
CR0=80010011 CR2=0000000000000000 CR3=0000000007fa3000 CR4=00000020
DR0=0000000000000000 DR1=0000000000000000 DR2=0000000000000000 DR3=0000000000000000 
DR6=00000000ffff0ff0 DR7=0000000000000400
CCS=0000000000000044 CCD=0000000000000000 CCO=EFLAGS
EFER=0000000000000d00
Servicing hardware INT=0x21
   191: v=21 e=0000 i=0 cpl=0 IP=0028:ffffffff8000281d pc=ffffffff8000281d SP=0030:ffff800007fb3f00 env->regs[R_EAX]=0000000000000000
RAX=0000000000000000 RBX=0000000000000000 RCX=0000000000000007 RDX=000000000000002f
RSI=000000000000000a RDI=ffff800007fb3eee RBP=ffff800007fb3ff0 RSP=ffff800007fb3f00
R8 =0000000000ffffff R9 =0000000000000500 R10=0000000000000000 R11=0000000000000000
R12=0000000000000000 R13=0000000000000000 R14=0000000000000000 R15=0000000000000000
RIP=ffffffff8000281d RFL=00010246 [---Z-P-] CPL=0 II=0 A20=1 SMM=0 HLT=0
ES =0030 0000000000000000 00000000 00009300 DPL=0 DS   [-WA]
CS =0028 0000000000000000 00000000 00209b00 DPL=0 CS64 [-RA]
SS =0030 0000000000000000 00000000 00009300 DPL=0 DS   [-WA]
DS =0030 0000000000000000 00000000 00009300 DPL=0 DS   [-WA]
FS =0030 0000000000000000 00000000 00009300 DPL=0 DS   [-WA]
GS =0030 0000000000000000 00000000 00009300 DPL=0 DS   [-WA]
LDT=0000 0000000000000000 00000000 00008200 DPL=0 LDT
TR =0038 0000000000000000 00000000 00008900 DPL=0 TSS64-avl
GDT=     ffff800000018048 00000047
IDT=     ffffffff80007120 00000fff
CR0=80010011 CR2=0000000000000000 CR3=0000000007fa3000 CR4=00000020
DR0=0000000000000000 DR1=0000000000000000 DR2=0000000000000000 DR3=0000000000000000 
DR6=00000000ffff0ff0 DR7=0000000000000400
CCS=0000000000000044 CCD=ffff800007fb3ed8 CCO=EFLAGS
EFER=0000000000000d00
Servicing hardware INT=0x20
   192: v=20 e=0000 i=0 cpl=0 IP=0028:ffffffff8000281d pc=ffffffff8000281d SP=0030:ffff800007fb3f00 env->regs[R_EAX]=0000000000000000
RAX=0000000000000000 RBX=0000000000000000 RCX=0000000000000007 RDX=0000000000000031
RSI=000000000000000a RDI=ffff800007fb3eee RBP=ffff800007fb3ff0 RSP=ffff800007fb3f00
R8 =0000000000ffffff R9 =0000000000000500 R10=0000000000000000 R11=0000000000000000
R12=0000000000000000 R13=0000000000000000 R14=0000000000000000 R15=0000000000000000
RIP=ffffffff8000281d RFL=00000246 [---Z-P-] CPL=0 II=0 A20=1 SMM=0 HLT=0
ES =0030 0000000000000000 00000000 00009300 DPL=0 DS   [-WA]
CS =0028 0000000000000000 00000000 00209b00 DPL=0 CS64 [-RA]
SS =0030 0000000000000000 00000000 00009300 DPL=0 DS   [-WA]
DS =0030 0000000000000000 00000000 00009300 DPL=0 DS   [-WA]
FS =0030 0000000000000000 00000000 00009300 DPL=0 DS   [-WA]
GS =0030 0000000000000000 00000000 00009300 DPL=0 DS   [-WA]
LDT=0000 0000000000000000 00000000 00008200 DPL=0 LDT
TR =0038 0000000000000000 00000000 00008900 DPL=0 TSS64-avl
GDT=     ffff800000018048 00000047
IDT=     ffffffff80007120 00000fff
CR0=80010011 CR2=0000000000000000 CR3=0000000007fa3000 CR4=00000020
DR0=0000000000000000 DR1=0000000000000000 DR2=0000000000000000 DR3=0000000000000000 
DR6=00000000ffff0ff0 DR7=0000000000000400
CCS=0000000000000044 CCD=0000000000000000 CCO=EFLAGS
EFER=0000000000000d00
Servicing hardware INT=0x20
   193: v=20 e=0000 i=0 cpl=0 IP=0028:ffffffff8000281d pc=ffffffff8000281d SP=0030:ffff800007fb3f00 env->regs[R_EAX]=0000000000000000
RAX=0000000000000000 RBX=0000000000000000 RCX=0000000000000007 RDX=0000000000000031
RSI=000000000000000a RDI=ffff800007fb3eee RBP=ffff800007fb3ff0 RSP=ffff800007fb3f00
R8 =0000000000ffffff R9 =0000000000000500 R10=0000000000000000 R11=0000000000000000
R12=0000000000000000 R13=0000000000000000 R14=0000000000000000 R15=0000000000000000
RIP=ffffffff8000281d RFL=00000246 [---Z-P-] CPL=0 II=0 A20=1 SMM=0 HLT=0
ES =0030 0000000000000000 00000000 00009300 DPL=0 DS   [-WA]
CS =0028 0000000000000000 00000000 00209b00 DPL=0 CS64 [-RA]
SS =0030 0000000000000000 00000000 00009300 DPL=0 DS   [-WA]
DS =0030 0000000000000000 00000000 00009300 DPL=0 DS   [-WA]
FS =0030 0000000000000000 00000000 00009300 DPL=0 DS   [-WA]
GS =0030 0000000000000000 00000000 00009300 DPL=0 DS   [-WA]
LDT=0000 0000000000000000 00000000 00008200 DPL=0 LDT
TR =0038 0000000000000000 00000000 00008900 DPL=0 TSS64-avl
GDT=     ffff800000018048 00000047
IDT=     ffffffff80007120 00000fff
CR0=80010011 CR2=0000000000000000 CR3=0000000007fa3000 CR4=00000020
DR0=0000000000000000 DR1=0000000000000000 DR2=0000000000000000 DR3=0000000000000000 
DR6=00000000ffff0ff0 DR7=0000000000000400
CCS=0000000000000044 CCD=0000000000000000 CCO=EFLAGS
EFER=0000000000000d00
Servicing hardware INT=0x20
   194: v=20 e=0000 i=0 cpl=0 IP=0028:ffffffff8000281d pc=ffffffff8000281d SP=0030:ffff800007fb3f00 env->regs[R_EAX]=0000000000000000
RAX=0000000000000000 RBX=0000000000000000 RCX=0000000000000007 RDX=0000000000000031
RSI=000000000000000a RDI=ffff800007fb3eee RBP=ffff800007fb3ff0 RSP=ffff800007fb3f00
R8 =0000000000ffffff R9 =0000000000000500 R10=0000000000000000 R11=0000000000000000
R12=0000000000000000 R13=0000000000000000 R14=0000000000000000 R15=0000000000000000
RIP=ffffffff8000281d RFL=00000246 [---Z-P-] CPL=0 II=0 A20=1 SMM=0 HLT=0
ES =0030 0000000000000000 00000000 00009300 DPL=0 DS   [-WA]
CS =0028 0000000000000000 00000000 00209b00 DPL=0 CS64 [-RA]
SS =0030 0000000000000000 00000000 00009300 DPL=0 DS   [-WA]
DS =0030 0000000000000000 00000000 00009300 DPL=0 DS   [-WA]
FS =0030 0000000000000000 00000000 00009300 DPL=0 DS   [-WA]
GS =0030 0000000000000000 00000000 00009300 DPL=0 DS   [-WA]
LDT=0000 0000000000000000 00000000 00008200 DPL=0 LDT
TR =0038 0000000000000000 00000000 00008900 DPL=0 TSS64-avl
GDT=     ffff800000018048 00000047
IDT=     ffffffff80007120 00000fff
CR0=80010011 CR2=0000000000000000 CR3=0000000007fa3000 CR4=00000020
DR0=0000000000000000 DR1=0000000000000000 DR2=0000000000000000 DR3=0000000000000000 
DR6=00000000ffff0ff0 DR7=0000000000000400
CCS=0000000000000044 CCD=0000000000000000 CCO=EFLAGS
EFER=0000000000000d00
Servicing hardware INT=0x21
   195: v=21 e=0000 i=0 cpl=0 IP=0028:ffffffff8000281d pc=ffffffff8000281d SP=0030:ffff800007fb3f00 env->regs[R_EAX]=0000000000000000
RAX=0000000000000000 RBX=0000000000000000 RCX=0000000000000007 RDX=0000000000000031
RSI=000000000000000a RDI=ffff800007fb3eee RBP=ffff800007fb3ff0 RSP=ffff800007fb3f00
R8 =0000000000ffffff R9 =0000000000000500 R10=0000000000000000 R11=0000000000000000
R12=0000000000000000 R13=0000000000000000 R14=0000000000000000 R15=0000000000000000
RIP=ffffffff8000281d RFL=00000246 [---Z-P-] CPL=0 II=0 A20=1 SMM=0 HLT=0
ES =0030 0000000000000000 00000000 00009300 DPL=0 DS   [-WA]
CS =0028 0000000000000000 00000000 00209b00 DPL=0 CS64 [-RA]
SS =0030 0000000000000000 00000000 00009300 DPL=0 DS   [-WA]
DS =0030 0000000000000000 00000000 00009300 DPL=0 DS   [-WA]
FS =0030 0000000000000000 00000000 00009300 DPL=0 DS   [-WA]
GS =0030 0000000000000000 00000000 00009300 DPL=0 DS   [-WA]
LDT=0000 0000000000000000 00000000 00008200 DPL=0 LDT
TR =0038 0000000000000000 00000000 00008900 DPL=0 TSS64-avl
GDT=     ffff800000018048 00000047
IDT=     ffffffff80007120 00000fff
CR0=80010011 CR2=0000000000000000 CR3=0000000007fa3000 CR4=00000020
DR0=0000000000000000 DR1=0000000000000000 DR2=0000000000000000 DR3=0000000000000000 
DR6=00000000ffff0ff0 DR7=0000000000000400
CCS=0000000000000044 CCD=0000000000000000 CCO=EFLAGS
EFER=0000000000000d00
Servicing hardware INT=0x20
   196: v=20 e=0000 i=0 cpl=0 IP=0028:ffffffff8000281d pc=ffffffff8000281d SP=0030:ffff800007fb3f00 env->regs[R_EAX]=0000000000000000
RAX=0000000000000000 RBX=0000000000000000 RCX=0000000000000007 RDX=0000000000000032
RSI=000000000000000a RDI=ffff800007fb3eee RBP=ffff800007fb3ff0 RSP=ffff800007fb3f00
R8 =0000000000ffffff R9 =0000000000000500 R10=0000000000000000 R11=0000000000000000
R12=0000000000000000 R13=0000000000000000 R14=0000000000000000 R15=0000000000000000
RIP=ffffffff8000281d RFL=00000246 [---Z-P-] CPL=0 II=0 A20=1 SMM=0 HLT=0
ES =0030 0000000000000000 00000000 00009300 DPL=0 DS   [-WA]
CS =0028 0000000000000000 00000000 00209b00 DPL=0 CS64 [-RA]
SS =0030 0000000000000000 00000000 00009300 DPL=0 DS   [-WA]
DS =0030 0000000000000000 00000000 00009300 DPL=0 DS   [-WA]
FS =0030 0000000000000000 00000000 00009300 DPL=0 DS   [-WA]
GS =0030 0000000000000000 00000000 00009300 DPL=0 DS   [-WA]
LDT=0000 0000000000000000 00000000 00008200 DPL=0 LDT
TR =0038 0000000000000000 00000000 00008900 DPL=0 TSS64-avl
GDT=     ffff800000018048 00000047
IDT=     ffffffff80007120 00000fff
CR0=80010011 CR2=0000000000000000 CR3=0000000007fa3000 CR4=00000020
DR0=0000000000000000 DR1=0000000000000000 DR2=0000000000000000 DR3=0000000000000000 
DR6=00000000ffff0ff0 DR7=0000000000000400
CCS=0000000000000044 CCD=0000000000000000 CCO=EFLAGS
EFER=0000000000000d00
Servicing hardware INT=0x20
   197: v=20 e=0000 i=0 cpl=0 IP=0028:ffffffff8000281d pc=ffffffff8000281d SP=0030:ffff800007fb3f00 env->regs[R_EAX]=0000000000000000
RAX=0000000000000000 RBX=0000000000000000 RCX=0000000000000007 RDX=0000000000000032
RSI=000000000000000a RDI=ffff800007fb3eee RBP=ffff800007fb3ff0 RSP=ffff800007fb3f00
R8 =0000000000ffffff R9 =0000000000000500 R10=0000000000000000 R11=0000000000000000
R12=0000000000000000 R13=0000000000000000 R14=0000000000000000 R15=0000000000000000
RIP=ffffffff8000281d RFL=00000246 [---Z-P-] CPL=0 II=0 A20=1 SMM=0 HLT=0
ES =0030 0000000000000000 00000000 00009300 DPL=0 DS   [-WA]
CS =0028 0000000000000000 00000000 00209b00 DPL=0 CS64 [-RA]
SS =0030 0000000000000000 00000000 00009300 DPL=0 DS   [-WA]
DS =0030 0000000000000000 00000000 00009300 DPL=0 DS   [-WA]
FS =0030 0000000000000000 00000000 00009300 DPL=0 DS   [-WA]
GS =0030 0000000000000000 00000000 00009300 DPL=0 DS   [-WA]
LDT=0000 0000000000000000 00000000 00008200 DPL=0 LDT
TR =0038 0000000000000000 00000000 00008900 DPL=0 TSS64-avl
GDT=     ffff800000018048 00000047
IDT=     ffffffff80007120 00000fff
CR0=80010011 CR2=0000000000000000 CR3=0000000007fa3000 CR4=00000020
DR0=0000000000000000 DR1=0000000000000000 DR2=0000000000000000 DR3=0000000000000000 
DR6=00000000ffff0ff0 DR7=0000000000000400
CCS=0000000000000044 CCD=0000000000000000 CCO=EFLAGS
EFER=0000000000000d00
Servicing hardware INT=0x21
   198: v=21 e=0000 i=0 cpl=0 IP=0028:ffffffff8000281d pc=ffffffff8000281d SP=0030:ffff800007fb3f00 env->regs[R_EAX]=0000000000000000
RAX=0000000000000000 RBX=0000000000000000 RCX=0000000000000007 RDX=0000000000000032
RSI=000000000000000a RDI=ffff800007fb3eee RBP=ffff800007fb3ff0 RSP=ffff800007fb3f00
R8 =0000000000ffffff R9 =0000000000000500 R10=0000000000000000 R11=0000000000000000
R12=0000000000000000 R13=0000000000000000 R14=0000000000000000 R15=0000000000000000
RIP=ffffffff8000281d RFL=00000246 [---Z-P-] CPL=0 II=0 A20=1 SMM=0 HLT=0
ES =0030 0000000000000000 00000000 00009300 DPL=0 DS   [-WA]
CS =0028 0000000000000000 00000000 00209b00 DPL=0 CS64 [-RA]
SS =0030 0000000000000000 00000000 00009300 DPL=0 DS   [-WA]
DS =0030 0000000000000000 00000000 00009300 DPL=0 DS   [-WA]
FS =0030 0000000000000000 00000000 00009300 DPL=0 DS   [-WA]
GS =0030 0000000000000000 00000000 00009300 DPL=0 DS   [-WA]
LDT=0000 0000000000000000 00000000 00008200 DPL=0 LDT
TR =0038 0000000000000000 00000000 00008900 DPL=0 TSS64-avl
GDT=     ffff800000018048 00000047
IDT=     ffffffff80007120 00000fff
CR0=80010011 CR2=0000000000000000 CR3=0000000007fa3000 CR4=00000020
DR0=0000000000000000 DR1=0000000000000000 DR2=0000000000000000 DR3=0000000000000000 
DR6=00000000ffff0ff0 DR7=0000000000000400
CCS=0000000000000044 CCD=0000000000000000 CCO=EFLAGS
EFER=0000000000000d00
Servicing hardware INT=0x21
   199: v=21 e=0000 i=0 cpl=0 IP=0028:ffffffff8000281d pc=ffffffff8000281d SP=0030:ffff800007fb3f00 env->regs[R_EAX]=0000000000000000
RAX=0000000000000000 RBX=0000000000000000 RCX=0000000000000007 RDX=0000000000000032
RSI=000000000000000a RDI=ffff800007fb3eee RBP=ffff800007fb3ff0 RSP=ffff800007fb3f00
R8 =0000000000ffffff R9 =0000000000000500 R10=0000000000000000 R11=0000000000000000
R12=0000000000000000 R13=0000000000000000 R14=0000000000000000 R15=0000000000000000
RIP=ffffffff8000281d RFL=00010246 [---Z-P-] CPL=0 II=0 A20=1 SMM=0 HLT=0
ES =0030 0000000000000000 00000000 00009300 DPL=0 DS   [-WA]
CS =0028 0000000000000000 00000000 00209b00 DPL=0 CS64 [-RA]
SS =0030 0000000000000000 00000000 00009300 DPL=0 DS   [-WA]
DS =0030 0000000000000000 00000000 00009300 DPL=0 DS   [-WA]
FS =0030 0000000000000000 00000000 00009300 DPL=0 DS   [-WA]
GS =0030 0000000000000000 00000000 00009300 DPL=0 DS   [-WA]
LDT=0000 0000000000000000 00000000 00008200 DPL=0 LDT
TR =0038 0000000000000000 00000000 00008900 DPL=0 TSS64-avl
GDT=     ffff800000018048 00000047
IDT=     ffffffff80007120 00000fff
CR0=80010011 CR2=0000000000000000 CR3=0000000007fa3000 CR4=00000020
DR0=0000000000000000 DR1=0000000000000000 DR2=0000000000000000 DR3=0000000000000000 
DR6=00000000ffff0ff0 DR7=0000000000000400
CCS=0000000000000044 CCD=ffff800007fb3ed8 CCO=EFLAGS
EFER=0000000000000d00
Servicing hardware INT=0x20
   200: v=20 e=0000 i=0 cpl=0 IP=0028:ffffffff8000281d pc=ffffffff8000281d SP=0030:ffff800007fb3f00 env->regs[R_EAX]=0000000000000000
RAX=0000000000000000 RBX=0000000000000000 RCX=0000000000000007 RDX=0000000000000034
RSI=000000000000000a RDI=ffff800007fb3eee RBP=ffff800007fb3ff0 RSP=ffff800007fb3f00
R8 =0000000000ffffff R9 =0000000000000500 R10=0000000000000000 R11=0000000000000000
R12=0000000000000000 R13=0000000000000000 R14=0000000000000000 R15=0000000000000000
RIP=ffffffff8000281d RFL=00000246 [---Z-P-] CPL=0 II=0 A20=1 SMM=0 HLT=0
ES =0030 0000000000000000 00000000 00009300 DPL=0 DS   [-WA]
CS =0028 0000000000000000 00000000 00209b00 DPL=0 CS64 [-RA]
SS =0030 0000000000000000 00000000 00009300 DPL=0 DS   [-WA]
DS =0030 0000000000000000 00000000 00009300 DPL=0 DS   [-WA]
FS =0030 0000000000000000 00000000 00009300 DPL=0 DS   [-WA]
GS =0030 0000000000000000 00000000 00009300 DPL=0 DS   [-WA]
LDT=0000 0000000000000000 00000000 00008200 DPL=0 LDT
TR =0038 0000000000000000 00000000 00008900 DPL=0 TSS64-avl
GDT=     ffff800000018048 00000047
IDT=     ffffffff80007120 00000fff
CR0=80010011 CR2=0000000000000000 CR3=0000000007fa3000 CR4=00000020
DR0=0000000000000000 DR1=0000000000000000 DR2=0000000000000000 DR3=0000000000000000 
DR6=00000000ffff0ff0 DR7=0000000000000400
CCS=0000000000000044 CCD=0000000000000000 CCO=EFLAGS
EFER=0000000000000d00
Servicing hardware INT=0x20
   201: v=20 e=0000 i=0 cpl=0 IP=0028:ffffffff8000281d pc=ffffffff8000281d SP=0030:ffff800007fb3f00 env->regs[R_EAX]=0000000000000000
RAX=0000000000000000 RBX=0000000000000000 RCX=0000000000000007 RDX=0000000000000034
RSI=000000000000000a RDI=ffff800007fb3eee RBP=ffff800007fb3ff0 RSP=ffff800007fb3f00
R8 =0000000000ffffff R9 =0000000000000500 R10=0000000000000000 R11=0000000000000000
R12=0000000000000000 R13=0000000000000000 R14=0000000000000000 R15=0000000000000000
RIP=ffffffff8000281d RFL=00000246 [---Z-P-] CPL=0 II=0 A20=1 SMM=0 HLT=0
ES =0030 0000000000000000 00000000 00009300 DPL=0 DS   [-WA]
CS =0028 0000000000000000 00000000 00209b00 DPL=0 CS64 [-RA]
SS =0030 0000000000000000 00000000 00009300 DPL=0 DS   [-WA]
DS =0030 0000000000000000 00000000 00009300 DPL=0 DS   [-WA]
FS =0030 0000000000000000 00000000 00009300 DPL=0 DS   [-WA]
GS =0030 0000000000000000 00000000 00009300 DPL=0 DS   [-WA]
LDT=0000 0000000000000000 00000000 00008200 DPL=0 LDT
TR =0038 0000000000000000 00000000 00008900 DPL=0 TSS64-avl
GDT=     ffff800000018048 00000047
IDT=     ffffffff80007120 00000fff
CR0=80010011 CR2=0000000000000000 CR3=0000000007fa3000 CR4=00000020
DR0=0000000000000000 DR1=0000000000000000 DR2=0000000000000000 DR3=0000000000000000 
DR6=00000000ffff0ff0 DR7=0000000000000400
CCS=0000000000000044 CCD=0000000000000000 CCO=EFLAGS
EFER=0000000000000d00
Servicing hardware INT=0x21
   202: v=21 e=0000 i=0 cpl=0 IP=0028:ffffffff8000281d pc=ffffffff8000281d SP=0030:ffff800007fb3f00 env->regs[R_EAX]=0000000000000000
RAX=0000000000000000 RBX=0000000000000000 RCX=0000000000000007 RDX=0000000000000034
RSI=000000000000000a RDI=ffff800007fb3eee RBP=ffff800007fb3ff0 RSP=ffff800007fb3f00
R8 =0000000000ffffff R9 =0000000000000500 R10=0000000000000000 R11=0000000000000000
R12=0000000000000000 R13=0000000000000000 R14=0000000000000000 R15=0000000000000000
RIP=ffffffff8000281d RFL=00000246 [---Z-P-] CPL=0 II=0 A20=1 SMM=0 HLT=0
ES =0030 0000000000000000 00000000 00009300 DPL=0 DS   [-WA]
CS =0028 0000000000000000 00000000 00209b00 DPL=0 CS64 [-RA]
SS =0030 0000000000000000 00000000 00009300 DPL=0 DS   [-WA]
DS =0030 0000000000000000 00000000 00009300 DPL=0 DS   [-WA]
FS =0030 0000000000000000 00000000 00009300 DPL=0 DS   [-WA]
GS =0030 0000000000000000 00000000 00009300 DPL=0 DS   [-WA]
LDT=0000 0000000000000000 00000000 00008200 DPL=0 LDT
TR =0038 0000000000000000 00000000 00008900 DPL=0 TSS64-avl
GDT=     ffff800000018048 00000047
IDT=     ffffffff80007120 00000fff
CR0=80010011 CR2=0000000000000000 CR3=0000000007fa3000 CR4=00000020
DR0=0000000000000000 DR1=0000000000000000 DR2=0000000000000000 DR3=0000000000000000 
DR6=00000000ffff0ff0 DR7=0000000000000400
CCS=0000000000000044 CCD=0000000000000000 CCO=EFLAGS
EFER=0000000000000d00
Servicing hardware INT=0x20
   203: v=20 e=0000 i=0 cpl=0 IP=0028:ffffffff8000281d pc=ffffffff8000281d SP=0030:ffff800007fb3f00 env->regs[R_EAX]=0000000000000000
RAX=0000000000000000 RBX=0000000000000000 RCX=0000000000000007 RDX=0000000000000035
RSI=000000000000000a RDI=ffff800007fb3eee RBP=ffff800007fb3ff0 RSP=ffff800007fb3f00
R8 =0000000000ffffff R9 =0000000000000500 R10=0000000000000000 R11=0000000000000000
R12=0000000000000000 R13=0000000000000000 R14=0000000000000000 R15=0000000000000000
RIP=ffffffff8000281d RFL=00000246 [---Z-P-] CPL=0 II=0 A20=1 SMM=0 HLT=0
ES =0030 0000000000000000 00000000 00009300 DPL=0 DS   [-WA]
CS =0028 0000000000000000 00000000 00209b00 DPL=0 CS64 [-RA]
SS =0030 0000000000000000 00000000 00009300 DPL=0 DS   [-WA]
DS =0030 0000000000000000 00000000 00009300 DPL=0 DS   [-WA]
FS =0030 0000000000000000 00000000 00009300 DPL=0 DS   [-WA]
GS =0030 0000000000000000 00000000 00009300 DPL=0 DS   [-WA]
LDT=0000 0000000000000000 00000000 00008200 DPL=0 LDT
TR =0038 0000000000000000 00000000 00008900 DPL=0 TSS64-avl
GDT=     ffff800000018048 00000047
IDT=     ffffffff80007120 00000fff
CR0=80010011 CR2=0000000000000000 CR3=0000000007fa3000 CR4=00000020
DR0=0000000000000000 DR1=0000000000000000 DR2=0000000000000000 DR3=0000000000000000 
DR6=00000000ffff0ff0 DR7=0000000000000400
CCS=0000000000000044 CCD=0000000000000000 CCO=EFLAGS
EFER=0000000000000d00
Servicing hardware INT=0x20
   204: v=20 e=0000 i=0 cpl=0 IP=0028:ffffffff8000281d pc=ffffffff8000281d SP=0030:ffff800007fb3f00 env->regs[R_EAX]=0000000000000000
RAX=0000000000000000 RBX=0000000000000000 RCX=0000000000000007 RDX=0000000000000035
RSI=000000000000000a RDI=ffff800007fb3eee RBP=ffff800007fb3ff0 RSP=ffff800007fb3f00
R8 =0000000000ffffff R9 =0000000000000500 R10=0000000000000000 R11=0000000000000000
R12=0000000000000000 R13=0000000000000000 R14=0000000000000000 R15=0000000000000000
RIP=ffffffff8000281d RFL=00000246 [---Z-P-] CPL=0 II=0 A20=1 SMM=0 HLT=0
ES =0030 0000000000000000 00000000 00009300 DPL=0 DS   [-WA]
CS =0028 0000000000000000 00000000 00209b00 DPL=0 CS64 [-RA]
SS =0030 0000000000000000 00000000 00009300 DPL=0 DS   [-WA]
DS =0030 0000000000000000 00000000 00009300 DPL=0 DS   [-WA]
FS =0030 0000000000000000 00000000 00009300 DPL=0 DS   [-WA]
GS =0030 0000000000000000 00000000 00009300 DPL=0 DS   [-WA]
LDT=0000 0000000000000000 00000000 00008200 DPL=0 LDT
TR =0038 0000000000000000 00000000 00008900 DPL=0 TSS64-avl
GDT=     ffff800000018048 00000047
IDT=     ffffffff80007120 00000fff
CR0=80010011 CR2=0000000000000000 CR3=0000000007fa3000 CR4=00000020
DR0=0000000000000000 DR1=0000000000000000 DR2=0000000000000000 DR3=0000000000000000 
DR6=00000000ffff0ff0 DR7=0000000000000400
CCS=0000000000000044 CCD=0000000000000000 CCO=EFLAGS
EFER=0000000000000d00
Servicing hardware INT=0x21
   205: v=21 e=0000 i=0 cpl=0 IP=0028:ffffffff8000281d pc=ffffffff8000281d SP=0030:ffff800007fb3f00 env->regs[R_EAX]=0000000000000000
RAX=0000000000000000 RBX=0000000000000000 RCX=0000000000000007 RDX=0000000000000035
RSI=000000000000000a RDI=ffff800007fb3eee RBP=ffff800007fb3ff0 RSP=ffff800007fb3f00
R8 =0000000000ffffff R9 =0000000000000500 R10=0000000000000000 R11=0000000000000000
R12=0000000000000000 R13=0000000000000000 R14=0000000000000000 R15=0000000000000000
RIP=ffffffff8000281d RFL=00000246 [---Z-P-] CPL=0 II=0 A20=1 SMM=0 HLT=0
ES =0030 0000000000000000 00000000 00009300 DPL=0 DS   [-WA]
CS =0028 0000000000000000 00000000 00209b00 DPL=0 CS64 [-RA]
SS =0030 0000000000000000 00000000 00009300 DPL=0 DS   [-WA]
DS =0030 0000000000000000 00000000 00009300 DPL=0 DS   [-WA]
FS =0030 0000000000000000 00000000 00009300 DPL=0 DS   [-WA]
GS =0030 0000000000000000 00000000 00009300 DPL=0 DS   [-WA]
LDT=0000 0000000000000000 00000000 00008200 DPL=0 LDT
TR =0038 0000000000000000 00000000 00008900 DPL=0 TSS64-avl
GDT=     ffff800000018048 00000047
IDT=     ffffffff80007120 00000fff
CR0=80010011 CR2=0000000000000000 CR3=0000000007fa3000 CR4=00000020
DR0=0000000000000000 DR1=0000000000000000 DR2=0000000000000000 DR3=0000000000000000 
DR6=00000000ffff0ff0 DR7=0000000000000400
CCS=0000000000000044 CCD=0000000000000000 CCO=EFLAGS
EFER=0000000000000d00
Servicing hardware INT=0x21
   206: v=21 e=0000 i=0 cpl=0 IP=0028:ffffffff8000281d pc=ffffffff8000281d SP=0030:ffff800007fb3f00 env->regs[R_EAX]=0000000000000000
RAX=0000000000000000 RBX=0000000000000000 RCX=0000000000000007 RDX=0000000000000035
RSI=000000000000000a RDI=ffff800007fb3eee RBP=ffff800007fb3ff0 RSP=ffff800007fb3f00
R8 =0000000000ffffff R9 =0000000000000500 R10=0000000000000000 R11=0000000000000000
R12=0000000000000000 R13=0000000000000000 R14=0000000000000000 R15=0000000000000000
RIP=ffffffff8000281d RFL=00010246 [---Z-P-] CPL=0 II=0 A20=1 SMM=0 HLT=0
ES =0030 0000000000000000 00000000 00009300 DPL=0 DS   [-WA]
CS =0028 0000000000000000 00000000 00209b00 DPL=0 CS64 [-RA]
SS =0030 0000000000000000 00000000 00009300 DPL=0 DS   [-WA]
DS =0030 0000000000000000 00000000 00009300 DPL=0 DS   [-WA]
FS =0030 0000000000000000 00000000 00009300 DPL=0 DS   [-WA]
GS =0030 0000000000000000 00000000 00009300 DPL=0 DS   [-WA]
LDT=0000 0000000000000000 00000000 00008200 DPL=0 LDT
TR =0038 0000000000000000 00000000 00008900 DPL=0 TSS64-avl
GDT=     ffff800000018048 00000047
IDT=     ffffffff80007120 00000fff
CR0=80010011 CR2=0000000000000000 CR3=0000000007fa3000 CR4=00000020
DR0=0000000000000000 DR1=0000000000000000 DR2=0000000000000000 DR3=0000000000000000 
DR6=00000000ffff0ff0 DR7=0000000000000400
CCS=0000000000000044 CCD=ffff800007fb3ed8 CCO=EFLAGS
EFER=0000000000000d00
Servicing hardware INT=0x20
   207: v=20 e=0000 i=0 cpl=0 IP=0028:ffffffff8000281d pc=ffffffff8000281d SP=0030:ffff800007fb3f00 env->regs[R_EAX]=0000000000000000
RAX=0000000000000000 RBX=0000000000000000 RCX=0000000000000007 RDX=0000000000000037
RSI=000000000000000a RDI=ffff800007fb3eee RBP=ffff800007fb3ff0 RSP=ffff800007fb3f00
R8 =0000000000ffffff R9 =0000000000000500 R10=0000000000000000 R11=0000000000000000
R12=0000000000000000 R13=0000000000000000 R14=0000000000000000 R15=0000000000000000
RIP=ffffffff8000281d RFL=00000246 [---Z-P-] CPL=0 II=0 A20=1 SMM=0 HLT=0
ES =0030 0000000000000000 00000000 00009300 DPL=0 DS   [-WA]
CS =0028 0000000000000000 00000000 00209b00 DPL=0 CS64 [-RA]
SS =0030 0000000000000000 00000000 00009300 DPL=0 DS   [-WA]
DS =0030 0000000000000000 00000000 00009300 DPL=0 DS   [-WA]
FS =0030 0000000000000000 00000000 00009300 DPL=0 DS   [-WA]
GS =0030 0000000000000000 00000000 00009300 DPL=0 DS   [-WA]
LDT=0000 0000000000000000 00000000 00008200 DPL=0 LDT
TR =0038 0000000000000000 00000000 00008900 DPL=0 TSS64-avl
GDT=     ffff800000018048 00000047
IDT=     ffffffff80007120 00000fff
CR0=80010011 CR2=0000000000000000 CR3=0000000007fa3000 CR4=00000020
DR0=0000000000000000 DR1=0000000000000000 DR2=0000000000000000 DR3=0000000000000000 
DR6=00000000ffff0ff0 DR7=0000000000000400
CCS=0000000000000044 CCD=0000000000000000 CCO=EFLAGS
EFER=0000000000000d00
Servicing hardware INT=0x20
   208: v=20 e=0000 i=0 cpl=0 IP=0028:ffffffff8000281d pc=ffffffff8000281d SP=0030:ffff800007fb3f00 env->regs[R_EAX]=0000000000000000
RAX=0000000000000000 RBX=0000000000000000 RCX=0000000000000007 RDX=0000000000000037
RSI=000000000000000a RDI=ffff800007fb3eee RBP=ffff800007fb3ff0 RSP=ffff800007fb3f00
R8 =0000000000ffffff R9 =0000000000000500 R10=0000000000000000 R11=0000000000000000
R12=0000000000000000 R13=0000000000000000 R14=0000000000000000 R15=0000000000000000
RIP=ffffffff8000281d RFL=00000246 [---Z-P-] CPL=0 II=0 A20=1 SMM=0 HLT=0
ES =0030 0000000000000000 00000000 00009300 DPL=0 DS   [-WA]
CS =0028 0000000000000000 00000000 00209b00 DPL=0 CS64 [-RA]
SS =0030 0000000000000000 00000000 00009300 DPL=0 DS   [-WA]
DS =0030 0000000000000000 00000000 00009300 DPL=0 DS   [-WA]
FS =0030 0000000000000000 00000000 00009300 DPL=0 DS   [-WA]
GS =0030 0000000000000000 00000000 00009300 DPL=0 DS   [-WA]
LDT=0000 0000000000000000 00000000 00008200 DPL=0 LDT
TR =0038 0000000000000000 00000000 00008900 DPL=0 TSS64-avl
GDT=     ffff800000018048 00000047
IDT=     ffffffff80007120 00000fff
CR0=80010011 CR2=0000000000000000 CR3=0000000007fa3000 CR4=00000020
DR0=0000000000000000 DR1=0000000000000000 DR2=0000000000000000 DR3=0000000000000000 
DR6=00000000ffff0ff0 DR7=0000000000000400
CCS=0000000000000044 CCD=0000000000000000 CCO=EFLAGS
EFER=0000000000000d00
Servicing hardware INT=0x21
   209: v=21 e=0000 i=0 cpl=0 IP=0028:ffffffff8000281d pc=ffffffff8000281d SP=0030:ffff800007fb3f00 env->regs[R_EAX]=0000000000000000
RAX=0000000000000000 RBX=0000000000000000 RCX=0000000000000007 RDX=0000000000000037
RSI=000000000000000a RDI=ffff800007fb3eee RBP=ffff800007fb3ff0 RSP=ffff800007fb3f00
R8 =0000000000ffffff R9 =0000000000000500 R10=0000000000000000 R11=0000000000000000
R12=0000000000000000 R13=0000000000000000 R14=0000000000000000 R15=0000000000000000
RIP=ffffffff8000281d RFL=00000246 [---Z-P-] CPL=0 II=0 A20=1 SMM=0 HLT=0
ES =0030 0000000000000000 00000000 00009300 DPL=0 DS   [-WA]
CS =0028 0000000000000000 00000000 00209b00 DPL=0 CS64 [-RA]
SS =0030 0000000000000000 00000000 00009300 DPL=0 DS   [-WA]
DS =0030 0000000000000000 00000000 00009300 DPL=0 DS   [-WA]
FS =0030 0000000000000000 00000000 00009300 DPL=0 DS   [-WA]
GS =0030 0000000000000000 00000000 00009300 DPL=0 DS   [-WA]
LDT=0000 0000000000000000 00000000 00008200 DPL=0 LDT
TR =0038 0000000000000000 00000000 00008900 DPL=0 TSS64-avl
GDT=     ffff800000018048 00000047
IDT=     ffffffff80007120 00000fff
CR0=80010011 CR2=0000000000000000 CR3=0000000007fa3000 CR4=00000020
DR0=0000000000000000 DR1=0000000000000000 DR2=0000000000000000 DR3=0000000000000000 
DR6=00000000ffff0ff0 DR7=0000000000000400
CCS=0000000000000044 CCD=0000000000000000 CCO=EFLAGS
EFER=0000000000000d00
Servicing hardware INT=0x20
   210: v=20 e=0000 i=0 cpl=0 IP=0028:ffffffff8000281d pc=ffffffff8000281d SP=0030:ffff800007fb3f00 env->regs[R_EAX]=0000000000000000
RAX=0000000000000000 RBX=0000000000000000 RCX=0000000000000007 RDX=0000000000000038
RSI=000000000000000a RDI=ffff800007fb3eee RBP=ffff800007fb3ff0 RSP=ffff800007fb3f00
R8 =0000000000ffffff R9 =0000000000000500 R10=0000000000000000 R11=0000000000000000
R12=0000000000000000 R13=0000000000000000 R14=0000000000000000 R15=0000000000000000
RIP=ffffffff8000281d RFL=00000246 [---Z-P-] CPL=0 II=0 A20=1 SMM=0 HLT=0
ES =0030 0000000000000000 00000000 00009300 DPL=0 DS   [-WA]
CS =0028 0000000000000000 00000000 00209b00 DPL=0 CS64 [-RA]
SS =0030 0000000000000000 00000000 00009300 DPL=0 DS   [-WA]
DS =0030 0000000000000000 00000000 00009300 DPL=0 DS   [-WA]
FS =0030 0000000000000000 00000000 00009300 DPL=0 DS   [-WA]
GS =0030 0000000000000000 00000000 00009300 DPL=0 DS   [-WA]
LDT=0000 0000000000000000 00000000 00008200 DPL=0 LDT
TR =0038 0000000000000000 00000000 00008900 DPL=0 TSS64-avl
GDT=     ffff800000018048 00000047
IDT=     ffffffff80007120 00000fff
CR0=80010011 CR2=0000000000000000 CR3=0000000007fa3000 CR4=00000020
DR0=0000000000000000 DR1=0000000000000000 DR2=0000000000000000 DR3=0000000000000000 
DR6=00000000ffff0ff0 DR7=0000000000000400
CCS=0000000000000044 CCD=0000000000000000 CCO=EFLAGS
EFER=0000000000000d00
Servicing hardware INT=0x20
   211: v=20 e=0000 i=0 cpl=0 IP=0028:ffffffff8000281d pc=ffffffff8000281d SP=0030:ffff800007fb3f00 env->regs[R_EAX]=0000000000000000
RAX=0000000000000000 RBX=0000000000000000 RCX=0000000000000007 RDX=0000000000000038
RSI=000000000000000a RDI=ffff800007fb3eee RBP=ffff800007fb3ff0 RSP=ffff800007fb3f00
R8 =0000000000ffffff R9 =0000000000000500 R10=0000000000000000 R11=0000000000000000
R12=0000000000000000 R13=0000000000000000 R14=0000000000000000 R15=0000000000000000
RIP=ffffffff8000281d RFL=00000246 [---Z-P-] CPL=0 II=0 A20=1 SMM=0 HLT=0
ES =0030 0000000000000000 00000000 00009300 DPL=0 DS   [-WA]
CS =0028 0000000000000000 00000000 00209b00 DPL=0 CS64 [-RA]
SS =0030 0000000000000000 00000000 00009300 DPL=0 DS   [-WA]
DS =0030 0000000000000000 00000000 00009300 DPL=0 DS   [-WA]
FS =0030 0000000000000000 00000000 00009300 DPL=0 DS   [-WA]
GS =0030 0000000000000000 00000000 00009300 DPL=0 DS   [-WA]
LDT=0000 0000000000000000 00000000 00008200 DPL=0 LDT
TR =0038 0000000000000000 00000000 00008900 DPL=0 TSS64-avl
GDT=     ffff800000018048 00000047
IDT=     ffffffff80007120 00000fff
CR0=80010011 CR2=0000000000000000 CR3=0000000007fa3000 CR4=00000020
DR0=0000000000000000 DR1=0000000000000000 DR2=0000000000000000 DR3=0000000000000000 
DR6=00000000ffff0ff0 DR7=0000000000000400
CCS=0000000000000044 CCD=0000000000000000 CCO=EFLAGS
EFER=0000000000000d00
Servicing hardware INT=0x21
   212: v=21 e=0000 i=0 cpl=0 IP=0028:ffffffff8000281d pc=ffffffff8000281d SP=0030:ffff800007fb3f00 env->regs[R_EAX]=0000000000000000
RAX=0000000000000000 RBX=0000000000000000 RCX=0000000000000007 RDX=0000000000000038
RSI=000000000000000a RDI=ffff800007fb3eee RBP=ffff800007fb3ff0 RSP=ffff800007fb3f00
R8 =0000000000ffffff R9 =0000000000000500 R10=0000000000000000 R11=0000000000000000
R12=0000000000000000 R13=0000000000000000 R14=0000000000000000 R15=0000000000000000
RIP=ffffffff8000281d RFL=00000246 [---Z-P-] CPL=0 II=0 A20=1 SMM=0 HLT=0
ES =0030 0000000000000000 00000000 00009300 DPL=0 DS   [-WA]
CS =0028 0000000000000000 00000000 00209b00 DPL=0 CS64 [-RA]
SS =0030 0000000000000000 00000000 00009300 DPL=0 DS   [-WA]
DS =0030 0000000000000000 00000000 00009300 DPL=0 DS   [-WA]
FS =0030 0000000000000000 00000000 00009300 DPL=0 DS   [-WA]
GS =0030 0000000000000000 00000000 00009300 DPL=0 DS   [-WA]
LDT=0000 0000000000000000 00000000 00008200 DPL=0 LDT
TR =0038 0000000000000000 00000000 00008900 DPL=0 TSS64-avl
GDT=     ffff800000018048 00000047
IDT=     ffffffff80007120 00000fff
CR0=80010011 CR2=0000000000000000 CR3=0000000007fa3000 CR4=00000020
DR0=0000000000000000 DR1=0000000000000000 DR2=0000000000000000 DR3=0000000000000000 
DR6=00000000ffff0ff0 DR7=0000000000000400
CCS=0000000000000044 CCD=0000000000000000 CCO=EFLAGS
EFER=0000000000000d00
Servicing hardware INT=0x21
   213: v=21 e=0000 i=0 cpl=0 IP=0028:ffffffff8000281d pc=ffffffff8000281d SP=0030:ffff800007fb3f00 env->regs[R_EAX]=0000000000000000
RAX=0000000000000000 RBX=0000000000000000 RCX=0000000000000007 RDX=0000000000000038
RSI=000000000000000a RDI=ffff800007fb3eee RBP=ffff800007fb3ff0 RSP=ffff800007fb3f00
R8 =0000000000ffffff R9 =0000000000000500 R10=0000000000000000 R11=0000000000000000
R12=0000000000000000 R13=0000000000000000 R14=0000000000000000 R15=0000000000000000
RIP=ffffffff8000281d RFL=00010246 [---Z-P-] CPL=0 II=0 A20=1 SMM=0 HLT=0
ES =0030 0000000000000000 00000000 00009300 DPL=0 DS   [-WA]
CS =0028 0000000000000000 00000000 00209b00 DPL=0 CS64 [-RA]
SS =0030 0000000000000000 00000000 00009300 DPL=0 DS   [-WA]
DS =0030 0000000000000000 00000000 00009300 DPL=0 DS   [-WA]
FS =0030 0000000000000000 00000000 00009300 DPL=0 DS   [-WA]
GS =0030 0000000000000000 00000000 00009300 DPL=0 DS   [-WA]
LDT=0000 0000000000000000 00000000 00008200 DPL=0 LDT
TR =0038 0000000000000000 00000000 00008900 DPL=0 TSS64-avl
GDT=     ffff800000018048 00000047
IDT=     ffffffff80007120 00000fff
CR0=80010011 CR2=0000000000000000 CR3=0000000007fa3000 CR4=00000020
DR0=0000000000000000 DR1=0000000000000000 DR2=0000000000000000 DR3=0000000000000000 
DR6=00000000ffff0ff0 DR7=0000000000000400
CCS=0000000000000044 CCD=ffff800007fb3ed8 CCO=EFLAGS
EFER=0000000000000d00
Servicing hardware INT=0x20
   214: v=20 e=0000 i=0 cpl=0 IP=0028:ffffffff8000281d pc=ffffffff8000281d SP=0030:ffff800007fb3f00 env->regs[R_EAX]=0000000000000000
RAX=0000000000000000 RBX=0000000000000000 RCX=0000000000000007 RDX=000000000000003a
RSI=000000000000000a RDI=ffff800007fb3eee RBP=ffff800007fb3ff0 RSP=ffff800007fb3f00
R8 =0000000000ffffff R9 =0000000000000500 R10=0000000000000000 R11=0000000000000000
R12=0000000000000000 R13=0000000000000000 R14=0000000000000000 R15=0000000000000000
RIP=ffffffff8000281d RFL=00000246 [---Z-P-] CPL=0 II=0 A20=1 SMM=0 HLT=0
ES =0030 0000000000000000 00000000 00009300 DPL=0 DS   [-WA]
CS =0028 0000000000000000 00000000 00209b00 DPL=0 CS64 [-RA]
SS =0030 0000000000000000 00000000 00009300 DPL=0 DS   [-WA]
DS =0030 0000000000000000 00000000 00009300 DPL=0 DS   [-WA]
FS =0030 0000000000000000 00000000 00009300 DPL=0 DS   [-WA]
GS =0030 0000000000000000 00000000 00009300 DPL=0 DS   [-WA]
LDT=0000 0000000000000000 00000000 00008200 DPL=0 LDT
TR =0038 0000000000000000 00000000 00008900 DPL=0 TSS64-avl
GDT=     ffff800000018048 00000047
IDT=     ffffffff80007120 00000fff
CR0=80010011 CR2=0000000000000000 CR3=0000000007fa3000 CR4=00000020
DR0=0000000000000000 DR1=0000000000000000 DR2=0000000000000000 DR3=0000000000000000 
DR6=00000000ffff0ff0 DR7=0000000000000400
CCS=0000000000000044 CCD=0000000000000000 CCO=EFLAGS
EFER=0000000000000d00
Servicing hardware INT=0x20
   215: v=20 e=0000 i=0 cpl=0 IP=0028:ffffffff8000281d pc=ffffffff8000281d SP=0030:ffff800007fb3f00 env->regs[R_EAX]=0000000000000000
RAX=0000000000000000 RBX=0000000000000000 RCX=0000000000000007 RDX=000000000000003a
RSI=000000000000000a RDI=ffff800007fb3eee RBP=ffff800007fb3ff0 RSP=ffff800007fb3f00
R8 =0000000000ffffff R9 =0000000000000500 R10=0000000000000000 R11=0000000000000000
R12=0000000000000000 R13=0000000000000000 R14=0000000000000000 R15=0000000000000000
RIP=ffffffff8000281d RFL=00000246 [---Z-P-] CPL=0 II=0 A20=1 SMM=0 HLT=0
ES =0030 0000000000000000 00000000 00009300 DPL=0 DS   [-WA]
CS =0028 0000000000000000 00000000 00209b00 DPL=0 CS64 [-RA]
SS =0030 0000000000000000 00000000 00009300 DPL=0 DS   [-WA]
DS =0030 0000000000000000 00000000 00009300 DPL=0 DS   [-WA]
FS =0030 0000000000000000 00000000 00009300 DPL=0 DS   [-WA]
GS =0030 0000000000000000 00000000 00009300 DPL=0 DS   [-WA]
LDT=0000 0000000000000000 00000000 00008200 DPL=0 LDT
TR =0038 0000000000000000 00000000 00008900 DPL=0 TSS64-avl
GDT=     ffff800000018048 00000047
IDT=     ffffffff80007120 00000fff
CR0=80010011 CR2=0000000000000000 CR3=0000000007fa3000 CR4=00000020
DR0=0000000000000000 DR1=0000000000000000 DR2=0000000000000000 DR3=0000000000000000 
DR6=00000000ffff0ff0 DR7=0000000000000400
CCS=0000000000000044 CCD=0000000000000000 CCO=EFLAGS
EFER=0000000000000d00
Servicing hardware INT=0x21
   216: v=21 e=0000 i=0 cpl=0 IP=0028:ffffffff8000281d pc=ffffffff8000281d SP=0030:ffff800007fb3f00 env->regs[R_EAX]=0000000000000000
RAX=0000000000000000 RBX=0000000000000000 RCX=0000000000000007 RDX=000000000000003a
RSI=000000000000000a RDI=ffff800007fb3eee RBP=ffff800007fb3ff0 RSP=ffff800007fb3f00
R8 =0000000000ffffff R9 =0000000000000500 R10=0000000000000000 R11=0000000000000000
R12=0000000000000000 R13=0000000000000000 R14=0000000000000000 R15=0000000000000000
RIP=ffffffff8000281d RFL=00000246 [---Z-P-] CPL=0 II=0 A20=1 SMM=0 HLT=0
ES =0030 0000000000000000 00000000 00009300 DPL=0 DS   [-WA]
CS =0028 0000000000000000 00000000 00209b00 DPL=0 CS64 [-RA]
SS =0030 0000000000000000 00000000 00009300 DPL=0 DS   [-WA]
DS =0030 0000000000000000 00000000 00009300 DPL=0 DS   [-WA]
FS =0030 0000000000000000 00000000 00009300 DPL=0 DS   [-WA]
GS =0030 0000000000000000 00000000 00009300 DPL=0 DS   [-WA]
LDT=0000 0000000000000000 00000000 00008200 DPL=0 LDT
TR =0038 0000000000000000 00000000 00008900 DPL=0 TSS64-avl
GDT=     ffff800000018048 00000047
IDT=     ffffffff80007120 00000fff
CR0=80010011 CR2=0000000000000000 CR3=0000000007fa3000 CR4=00000020
DR0=0000000000000000 DR1=0000000000000000 DR2=0000000000000000 DR3=0000000000000000 
DR6=00000000ffff0ff0 DR7=0000000000000400
CCS=0000000000000044 CCD=0000000000000000 CCO=EFLAGS
EFER=0000000000000d00
Servicing hardware INT=0x20
   217: v=20 e=0000 i=0 cpl=0 IP=0028:ffffffff8000281d pc=ffffffff8000281d SP=0030:ffff800007fb3f00 env->regs[R_EAX]=0000000000000000
RAX=0000000000000000 RBX=0000000000000000 RCX=0000000000000007 RDX=000000000000003b
RSI=000000000000000a RDI=ffff800007fb3eee RBP=ffff800007fb3ff0 RSP=ffff800007fb3f00
R8 =0000000000ffffff R9 =0000000000000500 R10=0000000000000000 R11=0000000000000000
R12=0000000000000000 R13=0000000000000000 R14=0000000000000000 R15=0000000000000000
RIP=ffffffff8000281d RFL=00000246 [---Z-P-] CPL=0 II=0 A20=1 SMM=0 HLT=0
ES =0030 0000000000000000 00000000 00009300 DPL=0 DS   [-WA]
CS =0028 0000000000000000 00000000 00209b00 DPL=0 CS64 [-RA]
SS =0030 0000000000000000 00000000 00009300 DPL=0 DS   [-WA]
DS =0030 0000000000000000 00000000 00009300 DPL=0 DS   [-WA]
FS =0030 0000000000000000 00000000 00009300 DPL=0 DS   [-WA]
GS =0030 0000000000000000 00000000 00009300 DPL=0 DS   [-WA]
LDT=0000 0000000000000000 00000000 00008200 DPL=0 LDT
TR =0038 0000000000000000 00000000 00008900 DPL=0 TSS64-avl
GDT=     ffff800000018048 00000047
IDT=     ffffffff80007120 00000fff
CR0=80010011 CR2=0000000000000000 CR3=0000000007fa3000 CR4=00000020
DR0=0000000000000000 DR1=0000000000000000 DR2=0000000000000000 DR3=0000000000000000 
DR6=00000000ffff0ff0 DR7=0000000000000400
CCS=0000000000000044 CCD=0000000000000000 CCO=EFLAGS
EFER=0000000000000d00
Servicing hardware INT=0x21
   218: v=21 e=0000 i=0 cpl=0 IP=0028:ffffffff8000281d pc=ffffffff8000281d SP=0030:ffff800007fb3f00 env->regs[R_EAX]=0000000000000000
RAX=0000000000000000 RBX=0000000000000000 RCX=0000000000000007 RDX=000000000000003b
RSI=000000000000000a RDI=ffff800007fb3eee RBP=ffff800007fb3ff0 RSP=ffff800007fb3f00
R8 =0000000000ffffff R9 =0000000000000500 R10=0000000000000000 R11=0000000000000000
R12=0000000000000000 R13=0000000000000000 R14=0000000000000000 R15=0000000000000000
RIP=ffffffff8000281d RFL=00000246 [---Z-P-] CPL=0 II=0 A20=1 SMM=0 HLT=0
ES =0030 0000000000000000 00000000 00009300 DPL=0 DS   [-WA]
CS =0028 0000000000000000 00000000 00209b00 DPL=0 CS64 [-RA]
SS =0030 0000000000000000 00000000 00009300 DPL=0 DS   [-WA]
DS =0030 0000000000000000 00000000 00009300 DPL=0 DS   [-WA]
FS =0030 0000000000000000 00000000 00009300 DPL=0 DS   [-WA]
GS =0030 0000000000000000 00000000 00009300 DPL=0 DS   [-WA]
LDT=0000 0000000000000000 00000000 00008200 DPL=0 LDT
TR =0038 0000000000000000 00000000 00008900 DPL=0 TSS64-avl
GDT=     ffff800000018048 00000047
IDT=     ffffffff80007120 00000fff
CR0=80010011 CR2=0000000000000000 CR3=0000000007fa3000 CR4=00000020
DR0=0000000000000000 DR1=0000000000000000 DR2=0000000000000000 DR3=0000000000000000 
DR6=00000000ffff0ff0 DR7=0000000000000400
CCS=0000000000000044 CCD=0000000000000000 CCO=EFLAGS
EFER=0000000000000d00
Servicing hardware INT=0x21
   219: v=21 e=0000 i=0 cpl=0 IP=0028:ffffffff8000281d pc=ffffffff8000281d SP=0030:ffff800007fb3f00 env->regs[R_EAX]=0000000000000000
RAX=0000000000000000 RBX=0000000000000000 RCX=0000000000000007 RDX=000000000000003b
RSI=000000000000000a RDI=ffff800007fb3eee RBP=ffff800007fb3ff0 RSP=ffff800007fb3f00
R8 =0000000000ffffff R9 =0000000000000500 R10=0000000000000000 R11=0000000000000000
R12=0000000000000000 R13=0000000000000000 R14=0000000000000000 R15=0000000000000000
RIP=ffffffff8000281d RFL=00010246 [---Z-P-] CPL=0 II=0 A20=1 SMM=0 HLT=0
ES =0030 0000000000000000 00000000 00009300 DPL=0 DS   [-WA]
CS =0028 0000000000000000 00000000 00209b00 DPL=0 CS64 [-RA]
SS =0030 0000000000000000 00000000 00009300 DPL=0 DS   [-WA]
DS =0030 0000000000000000 00000000 00009300 DPL=0 DS   [-WA]
FS =0030 0000000000000000 00000000 00009300 DPL=0 DS   [-WA]
GS =0030 0000000000000000 00000000 00009300 DPL=0 DS   [-WA]
LDT=0000 0000000000000000 00000000 00008200 DPL=0 LDT
TR =0038 0000000000000000 00000000 00008900 DPL=0 TSS64-avl
GDT=     ffff800000018048 00000047
IDT=     ffffffff80007120 00000fff
CR0=80010011 CR2=0000000000000000 CR3=0000000007fa3000 CR4=00000020
DR0=0000000000000000 DR1=0000000000000000 DR2=0000000000000000 DR3=0000000000000000 
DR6=00000000ffff0ff0 DR7=0000000000000400
CCS=0000000000000044 CCD=ffff800007fb3ed8 CCO=EFLAGS
EFER=0000000000000d00
Servicing hardware INT=0x20
   220: v=20 e=0000 i=0 cpl=0 IP=0028:ffffffff8000281d pc=ffffffff8000281d SP=0030:ffff800007fb3f00 env->regs[R_EAX]=0000000000000000
RAX=0000000000000000 RBX=0000000000000000 RCX=0000000000000007 RDX=000000000000003d
RSI=000000000000000a RDI=ffff800007fb3eee RBP=ffff800007fb3ff0 RSP=ffff800007fb3f00
R8 =0000000000ffffff R9 =0000000000000500 R10=0000000000000000 R11=0000000000000000
R12=0000000000000000 R13=0000000000000000 R14=0000000000000000 R15=0000000000000000
RIP=ffffffff8000281d RFL=00000246 [---Z-P-] CPL=0 II=0 A20=1 SMM=0 HLT=0
ES =0030 0000000000000000 00000000 00009300 DPL=0 DS   [-WA]
CS =0028 0000000000000000 00000000 00209b00 DPL=0 CS64 [-RA]
SS =0030 0000000000000000 00000000 00009300 DPL=0 DS   [-WA]
DS =0030 0000000000000000 00000000 00009300 DPL=0 DS   [-WA]
FS =0030 0000000000000000 00000000 00009300 DPL=0 DS   [-WA]
GS =0030 0000000000000000 00000000 00009300 DPL=0 DS   [-WA]
LDT=0000 0000000000000000 00000000 00008200 DPL=0 LDT
TR =0038 0000000000000000 00000000 00008900 DPL=0 TSS64-avl
GDT=     ffff800000018048 00000047
IDT=     ffffffff80007120 00000fff
CR0=80010011 CR2=0000000000000000 CR3=0000000007fa3000 CR4=00000020
DR0=0000000000000000 DR1=0000000000000000 DR2=0000000000000000 DR3=0000000000000000 
DR6=00000000ffff0ff0 DR7=0000000000000400
CCS=0000000000000044 CCD=0000000000000000 CCO=EFLAGS
EFER=0000000000000d00
Servicing hardware INT=0x20
   221: v=20 e=0000 i=0 cpl=0 IP=0028:ffffffff8000281d pc=ffffffff8000281d SP=0030:ffff800007fb3f00 env->regs[R_EAX]=0000000000000000
RAX=0000000000000000 RBX=0000000000000000 RCX=0000000000000007 RDX=000000000000003d
RSI=000000000000000a RDI=ffff800007fb3eee RBP=ffff800007fb3ff0 RSP=ffff800007fb3f00
R8 =0000000000ffffff R9 =0000000000000500 R10=0000000000000000 R11=0000000000000000
R12=0000000000000000 R13=0000000000000000 R14=0000000000000000 R15=0000000000000000
RIP=ffffffff8000281d RFL=00000246 [---Z-P-] CPL=0 II=0 A20=1 SMM=0 HLT=0
ES =0030 0000000000000000 00000000 00009300 DPL=0 DS   [-WA]
CS =0028 0000000000000000 00000000 00209b00 DPL=0 CS64 [-RA]
SS =0030 0000000000000000 00000000 00009300 DPL=0 DS   [-WA]
DS =0030 0000000000000000 00000000 00009300 DPL=0 DS   [-WA]
FS =0030 0000000000000000 00000000 00009300 DPL=0 DS   [-WA]
GS =0030 0000000000000000 00000000 00009300 DPL=0 DS   [-WA]
LDT=0000 0000000000000000 00000000 00008200 DPL=0 LDT
TR =0038 0000000000000000 00000000 00008900 DPL=0 TSS64-avl
GDT=     ffff800000018048 00000047
IDT=     ffffffff80007120 00000fff
CR0=80010011 CR2=0000000000000000 CR3=0000000007fa3000 CR4=00000020
DR0=0000000000000000 DR1=0000000000000000 DR2=0000000000000000 DR3=0000000000000000 
DR6=00000000ffff0ff0 DR7=0000000000000400
CCS=0000000000000044 CCD=0000000000000000 CCO=EFLAGS
EFER=0000000000000d00
Servicing hardware INT=0x20
   222: v=20 e=0000 i=0 cpl=0 IP=0028:ffffffff8000281d pc=ffffffff8000281d SP=0030:ffff800007fb3f00 env->regs[R_EAX]=0000000000000000
RAX=0000000000000000 RBX=0000000000000000 RCX=0000000000000007 RDX=000000000000003d
RSI=000000000000000a RDI=ffff800007fb3eee RBP=ffff800007fb3ff0 RSP=ffff800007fb3f00
R8 =0000000000ffffff R9 =0000000000000500 R10=0000000000000000 R11=0000000000000000
R12=0000000000000000 R13=0000000000000000 R14=0000000000000000 R15=0000000000000000
RIP=ffffffff8000281d RFL=00000246 [---Z-P-] CPL=0 II=0 A20=1 SMM=0 HLT=0
ES =0030 0000000000000000 00000000 00009300 DPL=0 DS   [-WA]
CS =0028 0000000000000000 00000000 00209b00 DPL=0 CS64 [-RA]
SS =0030 0000000000000000 00000000 00009300 DPL=0 DS   [-WA]
DS =0030 0000000000000000 00000000 00009300 DPL=0 DS   [-WA]
FS =0030 0000000000000000 00000000 00009300 DPL=0 DS   [-WA]
GS =0030 0000000000000000 00000000 00009300 DPL=0 DS   [-WA]
LDT=0000 0000000000000000 00000000 00008200 DPL=0 LDT
TR =0038 0000000000000000 00000000 00008900 DPL=0 TSS64-avl
GDT=     ffff800000018048 00000047
IDT=     ffffffff80007120 00000fff
CR0=80010011 CR2=0000000000000000 CR3=0000000007fa3000 CR4=00000020
DR0=0000000000000000 DR1=0000000000000000 DR2=0000000000000000 DR3=0000000000000000 
DR6=00000000ffff0ff0 DR7=0000000000000400
CCS=0000000000000044 CCD=0000000000000000 CCO=EFLAGS
EFER=0000000000000d00
Servicing hardware INT=0x20
   223: v=20 e=0000 i=0 cpl=0 IP=0028:ffffffff8000281d pc=ffffffff8000281d SP=0030:ffff800007fb3f00 env->regs[R_EAX]=0000000000000000
RAX=0000000000000000 RBX=0000000000000000 RCX=0000000000000007 RDX=000000000000003d
RSI=000000000000000a RDI=ffff800007fb3eee RBP=ffff800007fb3ff0 RSP=ffff800007fb3f00
R8 =0000000000ffffff R9 =0000000000000500 R10=0000000000000000 R11=0000000000000000
R12=0000000000000000 R13=0000000000000000 R14=0000000000000000 R15=0000000000000000
RIP=ffffffff8000281d RFL=00000246 [---Z-P-] CPL=0 II=0 A20=1 SMM=0 HLT=0
ES =0030 0000000000000000 00000000 00009300 DPL=0 DS   [-WA]
CS =0028 0000000000000000 00000000 00209b00 DPL=0 CS64 [-RA]
SS =0030 0000000000000000 00000000 00009300 DPL=0 DS   [-WA]
DS =0030 0000000000000000 00000000 00009300 DPL=0 DS   [-WA]
FS =0030 0000000000000000 00000000 00009300 DPL=0 DS   [-WA]
GS =0030 0000000000000000 00000000 00009300 DPL=0 DS   [-WA]
LDT=0000 0000000000000000 00000000 00008200 DPL=0 LDT
TR =0038 0000000000000000 00000000 00008900 DPL=0 TSS64-avl
GDT=     ffff800000018048 00000047
IDT=     ffffffff80007120 00000fff
CR0=80010011 CR2=0000000000000000 CR3=0000000007fa3000 CR4=00000020
DR0=0000000000000000 DR1=0000000000000000 DR2=0000000000000000 DR3=0000000000000000 
DR6=00000000ffff0ff0 DR7=0000000000000400
CCS=0000000000000044 CCD=0000000000000000 CCO=EFLAGS
EFER=0000000000000d00
Servicing hardware INT=0x20
   224: v=20 e=0000 i=0 cpl=0 IP=0028:ffffffff8000281d pc=ffffffff8000281d SP=0030:ffff800007fb3f00 env->regs[R_EAX]=0000000000000000
RAX=0000000000000000 RBX=0000000000000000 RCX=0000000000000007 RDX=000000000000003d
RSI=000000000000000a RDI=ffff800007fb3eee RBP=ffff800007fb3ff0 RSP=ffff800007fb3f00
R8 =0000000000ffffff R9 =0000000000000500 R10=0000000000000000 R11=0000000000000000
R12=0000000000000000 R13=0000000000000000 R14=0000000000000000 R15=0000000000000000
RIP=ffffffff8000281d RFL=00000246 [---Z-P-] CPL=0 II=0 A20=1 SMM=0 HLT=0
ES =0030 0000000000000000 00000000 00009300 DPL=0 DS   [-WA]
CS =0028 0000000000000000 00000000 00209b00 DPL=0 CS64 [-RA]
SS =0030 0000000000000000 00000000 00009300 DPL=0 DS   [-WA]
DS =0030 0000000000000000 00000000 00009300 DPL=0 DS   [-WA]
FS =0030 0000000000000000 00000000 00009300 DPL=0 DS   [-WA]
GS =0030 0000000000000000 00000000 00009300 DPL=0 DS   [-WA]
LDT=0000 0000000000000000 00000000 00008200 DPL=0 LDT
TR =0038 0000000000000000 00000000 00008900 DPL=0 TSS64-avl
GDT=     ffff800000018048 00000047
IDT=     ffffffff80007120 00000fff
CR0=80010011 CR2=0000000000000000 CR3=0000000007fa3000 CR4=00000020
DR0=0000000000000000 DR1=0000000000000000 DR2=0000000000000000 DR3=0000000000000000 
DR6=00000000ffff0ff0 DR7=0000000000000400
CCS=0000000000000044 CCD=0000000000000000 CCO=EFLAGS
EFER=0000000000000d00
Servicing hardware INT=0x20
   225: v=20 e=0000 i=0 cpl=0 IP=0028:ffffffff8000281d pc=ffffffff8000281d SP=0030:ffff800007fb3f00 env->regs[R_EAX]=0000000000000000
RAX=0000000000000000 RBX=0000000000000000 RCX=0000000000000007 RDX=000000000000003d
RSI=000000000000000a RDI=ffff800007fb3eee RBP=ffff800007fb3ff0 RSP=ffff800007fb3f00
R8 =0000000000ffffff R9 =0000000000000500 R10=0000000000000000 R11=0000000000000000
R12=0000000000000000 R13=0000000000000000 R14=0000000000000000 R15=0000000000000000
RIP=ffffffff8000281d RFL=00000246 [---Z-P-] CPL=0 II=0 A20=1 SMM=0 HLT=0
ES =0030 0000000000000000 00000000 00009300 DPL=0 DS   [-WA]
CS =0028 0000000000000000 00000000 00209b00 DPL=0 CS64 [-RA]
SS =0030 0000000000000000 00000000 00009300 DPL=0 DS   [-WA]
DS =0030 0000000000000000 00000000 00009300 DPL=0 DS   [-WA]
FS =0030 0000000000000000 00000000 00009300 DPL=0 DS   [-WA]
GS =0030 0000000000000000 00000000 00009300 DPL=0 DS   [-WA]
LDT=0000 0000000000000000 00000000 00008200 DPL=0 LDT
TR =0038 0000000000000000 00000000 00008900 DPL=0 TSS64-avl
GDT=     ffff800000018048 00000047
IDT=     ffffffff80007120 00000fff
CR0=80010011 CR2=0000000000000000 CR3=0000000007fa3000 CR4=00000020
DR0=0000000000000000 DR1=0000000000000000 DR2=0000000000000000 DR3=0000000000000000 
DR6=00000000ffff0ff0 DR7=0000000000000400
CCS=0000000000000044 CCD=0000000000000000 CCO=EFLAGS
EFER=0000000000000d00
Servicing hardware INT=0x20
   226: v=20 e=0000 i=0 cpl=0 IP=0028:ffffffff8000281d pc=ffffffff8000281d SP=0030:ffff800007fb3f00 env->regs[R_EAX]=0000000000000000
RAX=0000000000000000 RBX=0000000000000000 RCX=0000000000000007 RDX=000000000000003d
RSI=000000000000000a RDI=ffff800007fb3eee RBP=ffff800007fb3ff0 RSP=ffff800007fb3f00
R8 =0000000000ffffff R9 =0000000000000500 R10=0000000000000000 R11=0000000000000000
R12=0000000000000000 R13=0000000000000000 R14=0000000000000000 R15=0000000000000000
RIP=ffffffff8000281d RFL=00000246 [---Z-P-] CPL=0 II=0 A20=1 SMM=0 HLT=0
ES =0030 0000000000000000 00000000 00009300 DPL=0 DS   [-WA]
CS =0028 0000000000000000 00000000 00209b00 DPL=0 CS64 [-RA]
SS =0030 0000000000000000 00000000 00009300 DPL=0 DS   [-WA]
DS =0030 0000000000000000 00000000 00009300 DPL=0 DS   [-WA]
FS =0030 0000000000000000 00000000 00009300 DPL=0 DS   [-WA]
GS =0030 0000000000000000 00000000 00009300 DPL=0 DS   [-WA]
LDT=0000 0000000000000000 00000000 00008200 DPL=0 LDT
TR =0038 0000000000000000 00000000 00008900 DPL=0 TSS64-avl
GDT=     ffff800000018048 00000047
IDT=     ffffffff80007120 00000fff
CR0=80010011 CR2=0000000000000000 CR3=0000000007fa3000 CR4=00000020
DR0=0000000000000000 DR1=0000000000000000 DR2=0000000000000000 DR3=0000000000000000 
DR6=00000000ffff0ff0 DR7=0000000000000400
CCS=0000000000000044 CCD=0000000000000000 CCO=EFLAGS
EFER=0000000000000d00
Servicing hardware INT=0x20
   227: v=20 e=0000 i=0 cpl=0 IP=0028:ffffffff8000281d pc=ffffffff8000281d SP=0030:ffff800007fb3f00 env->regs[R_EAX]=0000000000000000
RAX=0000000000000000 RBX=0000000000000000 RCX=0000000000000007 RDX=000000000000003d
RSI=000000000000000a RDI=ffff800007fb3eee RBP=ffff800007fb3ff0 RSP=ffff800007fb3f00
R8 =0000000000ffffff R9 =0000000000000500 R10=0000000000000000 R11=0000000000000000
R12=0000000000000000 R13=0000000000000000 R14=0000000000000000 R15=0000000000000000
RIP=ffffffff8000281d RFL=00000246 [---Z-P-] CPL=0 II=0 A20=1 SMM=0 HLT=0
ES =0030 0000000000000000 00000000 00009300 DPL=0 DS   [-WA]
CS =0028 0000000000000000 00000000 00209b00 DPL=0 CS64 [-RA]
SS =0030 0000000000000000 00000000 00009300 DPL=0 DS   [-WA]
DS =0030 0000000000000000 00000000 00009300 DPL=0 DS   [-WA]
FS =0030 0000000000000000 00000000 00009300 DPL=0 DS   [-WA]
GS =0030 0000000000000000 00000000 00009300 DPL=0 DS   [-WA]
LDT=0000 0000000000000000 00000000 00008200 DPL=0 LDT
TR =0038 0000000000000000 00000000 00008900 DPL=0 TSS64-avl
GDT=     ffff800000018048 00000047
IDT=     ffffffff80007120 00000fff
CR0=80010011 CR2=0000000000000000 CR3=0000000007fa3000 CR4=00000020
DR0=0000000000000000 DR1=0000000000000000 DR2=0000000000000000 DR3=0000000000000000 
DR6=00000000ffff0ff0 DR7=0000000000000400
CCS=0000000000000044 CCD=0000000000000000 CCO=EFLAGS
EFER=0000000000000d00
Servicing hardware INT=0x20
   228: v=20 e=0000 i=0 cpl=0 IP=0028:ffffffff8000281d pc=ffffffff8000281d SP=0030:ffff800007fb3f00 env->regs[R_EAX]=0000000000000000
RAX=0000000000000000 RBX=0000000000000000 RCX=0000000000000007 RDX=000000000000003d
RSI=000000000000000a RDI=ffff800007fb3eee RBP=ffff800007fb3ff0 RSP=ffff800007fb3f00
R8 =0000000000ffffff R9 =0000000000000500 R10=0000000000000000 R11=0000000000000000
R12=0000000000000000 R13=0000000000000000 R14=0000000000000000 R15=0000000000000000
RIP=ffffffff8000281d RFL=00000246 [---Z-P-] CPL=0 II=0 A20=1 SMM=0 HLT=0
ES =0030 0000000000000000 00000000 00009300 DPL=0 DS   [-WA]
CS =0028 0000000000000000 00000000 00209b00 DPL=0 CS64 [-RA]
SS =0030 0000000000000000 00000000 00009300 DPL=0 DS   [-WA]
DS =0030 0000000000000000 00000000 00009300 DPL=0 DS   [-WA]
FS =0030 0000000000000000 00000000 00009300 DPL=0 DS   [-WA]
GS =0030 0000000000000000 00000000 00009300 DPL=0 DS   [-WA]
LDT=0000 0000000000000000 00000000 00008200 DPL=0 LDT
TR =0038 0000000000000000 00000000 00008900 DPL=0 TSS64-avl
GDT=     ffff800000018048 00000047
IDT=     ffffffff80007120 00000fff
CR0=80010011 CR2=0000000000000000 CR3=0000000007fa3000 CR4=00000020
DR0=0000000000000000 DR1=0000000000000000 DR2=0000000000000000 DR3=0000000000000000 
DR6=00000000ffff0ff0 DR7=0000000000000400
CCS=0000000000000044 CCD=0000000000000000 CCO=EFLAGS
EFER=0000000000000d00
Servicing hardware INT=0x20
   229: v=20 e=0000 i=0 cpl=0 IP=0028:ffffffff8000281d pc=ffffffff8000281d SP=0030:ffff800007fb3f00 env->regs[R_EAX]=0000000000000000
RAX=0000000000000000 RBX=0000000000000000 RCX=0000000000000007 RDX=000000000000003d
RSI=000000000000000a RDI=ffff800007fb3eee RBP=ffff800007fb3ff0 RSP=ffff800007fb3f00
R8 =0000000000ffffff R9 =0000000000000500 R10=0000000000000000 R11=0000000000000000
R12=0000000000000000 R13=0000000000000000 R14=0000000000000000 R15=0000000000000000
RIP=ffffffff8000281d RFL=00000246 [---Z-P-] CPL=0 II=0 A20=1 SMM=0 HLT=0
ES =0030 0000000000000000 00000000 00009300 DPL=0 DS   [-WA]
CS =0028 0000000000000000 00000000 00209b00 DPL=0 CS64 [-RA]
SS =0030 0000000000000000 00000000 00009300 DPL=0 DS   [-WA]
DS =0030 0000000000000000 00000000 00009300 DPL=0 DS   [-WA]
FS =0030 0000000000000000 00000000 00009300 DPL=0 DS   [-WA]
GS =0030 0000000000000000 00000000 00009300 DPL=0 DS   [-WA]
LDT=0000 0000000000000000 00000000 00008200 DPL=0 LDT
TR =0038 0000000000000000 00000000 00008900 DPL=0 TSS64-avl
GDT=     ffff800000018048 00000047
IDT=     ffffffff80007120 00000fff
CR0=80010011 CR2=0000000000000000 CR3=0000000007fa3000 CR4=00000020
DR0=0000000000000000 DR1=0000000000000000 DR2=0000000000000000 DR3=0000000000000000 
DR6=00000000ffff0ff0 DR7=0000000000000400
CCS=0000000000000044 CCD=0000000000000000 CCO=EFLAGS
EFER=0000000000000d00
Servicing hardware INT=0x20
   230: v=20 e=0000 i=0 cpl=0 IP=0028:ffffffff8000281d pc=ffffffff8000281d SP=0030:ffff800007fb3f00 env->regs[R_EAX]=0000000000000000
RAX=0000000000000000 RBX=0000000000000000 RCX=0000000000000007 RDX=000000000000003d
RSI=000000000000000a RDI=ffff800007fb3eee RBP=ffff800007fb3ff0 RSP=ffff800007fb3f00
R8 =0000000000ffffff R9 =0000000000000500 R10=0000000000000000 R11=0000000000000000
R12=0000000000000000 R13=0000000000000000 R14=0000000000000000 R15=0000000000000000
RIP=ffffffff8000281d RFL=00000246 [---Z-P-] CPL=0 II=0 A20=1 SMM=0 HLT=0
ES =0030 0000000000000000 00000000 00009300 DPL=0 DS   [-WA]
CS =0028 0000000000000000 00000000 00209b00 DPL=0 CS64 [-RA]
SS =0030 0000000000000000 00000000 00009300 DPL=0 DS   [-WA]
DS =0030 0000000000000000 00000000 00009300 DPL=0 DS   [-WA]
FS =0030 0000000000000000 00000000 00009300 DPL=0 DS   [-WA]
GS =0030 0000000000000000 00000000 00009300 DPL=0 DS   [-WA]
LDT=0000 0000000000000000 00000000 00008200 DPL=0 LDT
TR =0038 0000000000000000 00000000 00008900 DPL=0 TSS64-avl
GDT=     ffff800000018048 00000047
IDT=     ffffffff80007120 00000fff
CR0=80010011 CR2=0000000000000000 CR3=0000000007fa3000 CR4=00000020
DR0=0000000000000000 DR1=0000000000000000 DR2=0000000000000000 DR3=0000000000000000 
DR6=00000000ffff0ff0 DR7=0000000000000400
CCS=0000000000000044 CCD=0000000000000000 CCO=EFLAGS
EFER=0000000000000d00
Servicing hardware INT=0x20
   231: v=20 e=0000 i=0 cpl=0 IP=0028:ffffffff8000281d pc=ffffffff8000281d SP=0030:ffff800007fb3f00 env->regs[R_EAX]=0000000000000000
RAX=0000000000000000 RBX=0000000000000000 RCX=0000000000000007 RDX=000000000000003d
RSI=000000000000000a RDI=ffff800007fb3eee RBP=ffff800007fb3ff0 RSP=ffff800007fb3f00
R8 =0000000000ffffff R9 =0000000000000500 R10=0000000000000000 R11=0000000000000000
R12=0000000000000000 R13=0000000000000000 R14=0000000000000000 R15=0000000000000000
RIP=ffffffff8000281d RFL=00000246 [---Z-P-] CPL=0 II=0 A20=1 SMM=0 HLT=0
ES =0030 0000000000000000 00000000 00009300 DPL=0 DS   [-WA]
CS =0028 0000000000000000 00000000 00209b00 DPL=0 CS64 [-RA]
SS =0030 0000000000000000 00000000 00009300 DPL=0 DS   [-WA]
DS =0030 0000000000000000 00000000 00009300 DPL=0 DS   [-WA]
FS =0030 0000000000000000 00000000 00009300 DPL=0 DS   [-WA]
GS =0030 0000000000000000 00000000 00009300 DPL=0 DS   [-WA]
LDT=0000 0000000000000000 00000000 00008200 DPL=0 LDT
TR =0038 0000000000000000 00000000 00008900 DPL=0 TSS64-avl
GDT=     ffff800000018048 00000047
IDT=     ffffffff80007120 00000fff
CR0=80010011 CR2=0000000000000000 CR3=0000000007fa3000 CR4=00000020
DR0=0000000000000000 DR1=0000000000000000 DR2=0000000000000000 DR3=0000000000000000 
DR6=00000000ffff0ff0 DR7=0000000000000400
CCS=0000000000000044 CCD=0000000000000000 CCO=EFLAGS
EFER=0000000000000d00
Servicing hardware INT=0x20
   232: v=20 e=0000 i=0 cpl=0 IP=0028:ffffffff8000281d pc=ffffffff8000281d SP=0030:ffff800007fb3f00 env->regs[R_EAX]=0000000000000000
RAX=0000000000000000 RBX=0000000000000000 RCX=0000000000000007 RDX=000000000000003d
RSI=000000000000000a RDI=ffff800007fb3eee RBP=ffff800007fb3ff0 RSP=ffff800007fb3f00
R8 =0000000000ffffff R9 =0000000000000500 R10=0000000000000000 R11=0000000000000000
R12=0000000000000000 R13=0000000000000000 R14=0000000000000000 R15=0000000000000000
RIP=ffffffff8000281d RFL=00000246 [---Z-P-] CPL=0 II=0 A20=1 SMM=0 HLT=0
ES =0030 0000000000000000 00000000 00009300 DPL=0 DS   [-WA]
CS =0028 0000000000000000 00000000 00209b00 DPL=0 CS64 [-RA]
SS =0030 0000000000000000 00000000 00009300 DPL=0 DS   [-WA]
DS =0030 0000000000000000 00000000 00009300 DPL=0 DS   [-WA]
FS =0030 0000000000000000 00000000 00009300 DPL=0 DS   [-WA]
GS =0030 0000000000000000 00000000 00009300 DPL=0 DS   [-WA]
LDT=0000 0000000000000000 00000000 00008200 DPL=0 LDT
TR =0038 0000000000000000 00000000 00008900 DPL=0 TSS64-avl
GDT=     ffff800000018048 00000047
IDT=     ffffffff80007120 00000fff
CR0=80010011 CR2=0000000000000000 CR3=0000000007fa3000 CR4=00000020
DR0=0000000000000000 DR1=0000000000000000 DR2=0000000000000000 DR3=0000000000000000 
DR6=00000000ffff0ff0 DR7=0000000000000400
CCS=0000000000000044 CCD=0000000000000000 CCO=EFLAGS
EFER=0000000000000d00
Servicing hardware INT=0x21
   233: v=21 e=0000 i=0 cpl=0 IP=0028:ffffffff8000281d pc=ffffffff8000281d SP=0030:ffff800007fb3f00 env->regs[R_EAX]=0000000000000000
RAX=0000000000000000 RBX=0000000000000000 RCX=0000000000000007 RDX=000000000000003d
RSI=000000000000000a RDI=ffff800007fb3eee RBP=ffff800007fb3ff0 RSP=ffff800007fb3f00
R8 =0000000000ffffff R9 =0000000000000500 R10=0000000000000000 R11=0000000000000000
R12=0000000000000000 R13=0000000000000000 R14=0000000000000000 R15=0000000000000000
RIP=ffffffff8000281d RFL=00000246 [---Z-P-] CPL=0 II=0 A20=1 SMM=0 HLT=0
ES =0030 0000000000000000 00000000 00009300 DPL=0 DS   [-WA]
CS =0028 0000000000000000 00000000 00209b00 DPL=0 CS64 [-RA]
SS =0030 0000000000000000 00000000 00009300 DPL=0 DS   [-WA]
DS =0030 0000000000000000 00000000 00009300 DPL=0 DS   [-WA]
FS =0030 0000000000000000 00000000 00009300 DPL=0 DS   [-WA]
GS =0030 0000000000000000 00000000 00009300 DPL=0 DS   [-WA]
LDT=0000 0000000000000000 00000000 00008200 DPL=0 LDT
TR =0038 0000000000000000 00000000 00008900 DPL=0 TSS64-avl
GDT=     ffff800000018048 00000047
IDT=     ffffffff80007120 00000fff
CR0=80010011 CR2=0000000000000000 CR3=0000000007fa3000 CR4=00000020
DR0=0000000000000000 DR1=0000000000000000 DR2=0000000000000000 DR3=0000000000000000 
DR6=00000000ffff0ff0 DR7=0000000000000400
CCS=0000000000000044 CCD=0000000000000000 CCO=EFLAGS
EFER=0000000000000d00
Servicing hardware INT=0x20
   234: v=20 e=0000 i=0 cpl=0 IP=0028:ffffffff8000281d pc=ffffffff8000281d SP=0030:ffff800007fb3f00 env->regs[R_EAX]=0000000000000000
RAX=0000000000000000 RBX=0000000000000000 RCX=0000000000000007 RDX=000000000000003e
RSI=000000000000000a RDI=ffff800007fb3eee RBP=ffff800007fb3ff0 RSP=ffff800007fb3f00
R8 =0000000000ffffff R9 =0000000000000500 R10=0000000000000000 R11=0000000000000000
R12=0000000000000000 R13=0000000000000000 R14=0000000000000000 R15=0000000000000000
RIP=ffffffff8000281d RFL=00000246 [---Z-P-] CPL=0 II=0 A20=1 SMM=0 HLT=0
ES =0030 0000000000000000 00000000 00009300 DPL=0 DS   [-WA]
CS =0028 0000000000000000 00000000 00209b00 DPL=0 CS64 [-RA]
SS =0030 0000000000000000 00000000 00009300 DPL=0 DS   [-WA]
DS =0030 0000000000000000 00000000 00009300 DPL=0 DS   [-WA]
FS =0030 0000000000000000 00000000 00009300 DPL=0 DS   [-WA]
GS =0030 0000000000000000 00000000 00009300 DPL=0 DS   [-WA]
LDT=0000 0000000000000000 00000000 00008200 DPL=0 LDT
TR =0038 0000000000000000 00000000 00008900 DPL=0 TSS64-avl
GDT=     ffff800000018048 00000047
IDT=     ffffffff80007120 00000fff
CR0=80010011 CR2=0000000000000000 CR3=0000000007fa3000 CR4=00000020
DR0=0000000000000000 DR1=0000000000000000 DR2=0000000000000000 DR3=0000000000000000 
DR6=00000000ffff0ff0 DR7=0000000000000400
CCS=0000000000000044 CCD=0000000000000000 CCO=EFLAGS
EFER=0000000000000d00
Servicing hardware INT=0x20
   235: v=20 e=0000 i=0 cpl=0 IP=0028:ffffffff8000281d pc=ffffffff8000281d SP=0030:ffff800007fb3f00 env->regs[R_EAX]=0000000000000000
RAX=0000000000000000 RBX=0000000000000000 RCX=0000000000000007 RDX=000000000000003e
RSI=000000000000000a RDI=ffff800007fb3eee RBP=ffff800007fb3ff0 RSP=ffff800007fb3f00
R8 =0000000000ffffff R9 =0000000000000500 R10=0000000000000000 R11=0000000000000000
R12=0000000000000000 R13=0000000000000000 R14=0000000000000000 R15=0000000000000000
RIP=ffffffff8000281d RFL=00000246 [---Z-P-] CPL=0 II=0 A20=1 SMM=0 HLT=0
ES =0030 0000000000000000 00000000 00009300 DPL=0 DS   [-WA]
CS =0028 0000000000000000 00000000 00209b00 DPL=0 CS64 [-RA]
SS =0030 0000000000000000 00000000 00009300 DPL=0 DS   [-WA]
DS =0030 0000000000000000 00000000 00009300 DPL=0 DS   [-WA]
FS =0030 0000000000000000 00000000 00009300 DPL=0 DS   [-WA]
GS =0030 0000000000000000 00000000 00009300 DPL=0 DS   [-WA]
LDT=0000 0000000000000000 00000000 00008200 DPL=0 LDT
TR =0038 0000000000000000 00000000 00008900 DPL=0 TSS64-avl
GDT=     ffff800000018048 00000047
IDT=     ffffffff80007120 00000fff
CR0=80010011 CR2=0000000000000000 CR3=0000000007fa3000 CR4=00000020
DR0=0000000000000000 DR1=0000000000000000 DR2=0000000000000000 DR3=0000000000000000 
DR6=00000000ffff0ff0 DR7=0000000000000400
CCS=0000000000000044 CCD=0000000000000000 CCO=EFLAGS
EFER=0000000000000d00
Servicing hardware INT=0x21
   236: v=21 e=0000 i=0 cpl=0 IP=0028:ffffffff8000281d pc=ffffffff8000281d SP=0030:ffff800007fb3f00 env->regs[R_EAX]=0000000000000000
RAX=0000000000000000 RBX=0000000000000000 RCX=0000000000000007 RDX=000000000000003e
RSI=000000000000000a RDI=ffff800007fb3eee RBP=ffff800007fb3ff0 RSP=ffff800007fb3f00
R8 =0000000000ffffff R9 =0000000000000500 R10=0000000000000000 R11=0000000000000000
R12=0000000000000000 R13=0000000000000000 R14=0000000000000000 R15=0000000000000000
RIP=ffffffff8000281d RFL=00000246 [---Z-P-] CPL=0 II=0 A20=1 SMM=0 HLT=0
ES =0030 0000000000000000 00000000 00009300 DPL=0 DS   [-WA]
CS =0028 0000000000000000 00000000 00209b00 DPL=0 CS64 [-RA]
SS =0030 0000000000000000 00000000 00009300 DPL=0 DS   [-WA]
DS =0030 0000000000000000 00000000 00009300 DPL=0 DS   [-WA]
FS =0030 0000000000000000 00000000 00009300 DPL=0 DS   [-WA]
GS =0030 0000000000000000 00000000 00009300 DPL=0 DS   [-WA]
LDT=0000 0000000000000000 00000000 00008200 DPL=0 LDT
TR =0038 0000000000000000 00000000 00008900 DPL=0 TSS64-avl
GDT=     ffff800000018048 00000047
IDT=     ffffffff80007120 00000fff
CR0=80010011 CR2=0000000000000000 CR3=0000000007fa3000 CR4=00000020
DR0=0000000000000000 DR1=0000000000000000 DR2=0000000000000000 DR3=0000000000000000 
DR6=00000000ffff0ff0 DR7=0000000000000400
CCS=0000000000000044 CCD=0000000000000000 CCO=EFLAGS
EFER=0000000000000d00
Servicing hardware INT=0x21
   237: v=21 e=0000 i=0 cpl=0 IP=0028:ffffffff8000281d pc=ffffffff8000281d SP=0030:ffff800007fb3f00 env->regs[R_EAX]=0000000000000000
RAX=0000000000000000 RBX=0000000000000000 RCX=0000000000000007 RDX=000000000000003e
RSI=000000000000000a RDI=ffff800007fb3eee RBP=ffff800007fb3ff0 RSP=ffff800007fb3f00
R8 =0000000000ffffff R9 =0000000000000500 R10=0000000000000000 R11=0000000000000000
R12=0000000000000000 R13=0000000000000000 R14=0000000000000000 R15=0000000000000000
RIP=ffffffff8000281d RFL=00010246 [---Z-P-] CPL=0 II=0 A20=1 SMM=0 HLT=0
ES =0030 0000000000000000 00000000 00009300 DPL=0 DS   [-WA]
CS =0028 0000000000000000 00000000 00209b00 DPL=0 CS64 [-RA]
SS =0030 0000000000000000 00000000 00009300 DPL=0 DS   [-WA]
DS =0030 0000000000000000 00000000 00009300 DPL=0 DS   [-WA]
FS =0030 0000000000000000 00000000 00009300 DPL=0 DS   [-WA]
GS =0030 0000000000000000 00000000 00009300 DPL=0 DS   [-WA]
LDT=0000 0000000000000000 00000000 00008200 DPL=0 LDT
TR =0038 0000000000000000 00000000 00008900 DPL=0 TSS64-avl
GDT=     ffff800000018048 00000047
IDT=     ffffffff80007120 00000fff
CR0=80010011 CR2=0000000000000000 CR3=0000000007fa3000 CR4=00000020
DR0=0000000000000000 DR1=0000000000000000 DR2=0000000000000000 DR3=0000000000000000 
DR6=00000000ffff0ff0 DR7=0000000000000400
CCS=0000000000000044 CCD=ffff800007fb3ed8 CCO=EFLAGS
EFER=0000000000000d00
Servicing hardware INT=0x20
   238: v=20 e=0000 i=0 cpl=0 IP=0028:ffffffff8000281d pc=ffffffff8000281d SP=0030:ffff800007fb3f00 env->regs[R_EAX]=0000000000000000
RAX=0000000000000000 RBX=0000000000000000 RCX=0000000000000007 RDX=0000000000000040
RSI=000000000000000a RDI=ffff800007fb3eee RBP=ffff800007fb3ff0 RSP=ffff800007fb3f00
R8 =0000000000ffffff R9 =0000000000000500 R10=0000000000000000 R11=0000000000000000
R12=0000000000000000 R13=0000000000000000 R14=0000000000000000 R15=0000000000000000
RIP=ffffffff8000281d RFL=00000246 [---Z-P-] CPL=0 II=0 A20=1 SMM=0 HLT=0
ES =0030 0000000000000000 00000000 00009300 DPL=0 DS   [-WA]
CS =0028 0000000000000000 00000000 00209b00 DPL=0 CS64 [-RA]
SS =0030 0000000000000000 00000000 00009300 DPL=0 DS   [-WA]
DS =0030 0000000000000000 00000000 00009300 DPL=0 DS   [-WA]
FS =0030 0000000000000000 00000000 00009300 DPL=0 DS   [-WA]
GS =0030 0000000000000000 00000000 00009300 DPL=0 DS   [-WA]
LDT=0000 0000000000000000 00000000 00008200 DPL=0 LDT
TR =0038 0000000000000000 00000000 00008900 DPL=0 TSS64-avl
GDT=     ffff800000018048 00000047
IDT=     ffffffff80007120 00000fff
CR0=80010011 CR2=0000000000000000 CR3=0000000007fa3000 CR4=00000020
DR0=0000000000000000 DR1=0000000000000000 DR2=0000000000000000 DR3=0000000000000000 
DR6=00000000ffff0ff0 DR7=0000000000000400
CCS=0000000000000044 CCD=0000000000000000 CCO=EFLAGS
EFER=0000000000000d00
Servicing hardware INT=0x20
   239: v=20 e=0000 i=0 cpl=0 IP=0028:ffffffff8000281d pc=ffffffff8000281d SP=0030:ffff800007fb3f00 env->regs[R_EAX]=0000000000000000
RAX=0000000000000000 RBX=0000000000000000 RCX=0000000000000007 RDX=0000000000000040
RSI=000000000000000a RDI=ffff800007fb3eee RBP=ffff800007fb3ff0 RSP=ffff800007fb3f00
R8 =0000000000ffffff R9 =0000000000000500 R10=0000000000000000 R11=0000000000000000
R12=0000000000000000 R13=0000000000000000 R14=0000000000000000 R15=0000000000000000
RIP=ffffffff8000281d RFL=00000246 [---Z-P-] CPL=0 II=0 A20=1 SMM=0 HLT=0
ES =0030 0000000000000000 00000000 00009300 DPL=0 DS   [-WA]
CS =0028 0000000000000000 00000000 00209b00 DPL=0 CS64 [-RA]
SS =0030 0000000000000000 00000000 00009300 DPL=0 DS   [-WA]
DS =0030 0000000000000000 00000000 00009300 DPL=0 DS   [-WA]
FS =0030 0000000000000000 00000000 00009300 DPL=0 DS   [-WA]
GS =0030 0000000000000000 00000000 00009300 DPL=0 DS   [-WA]
LDT=0000 0000000000000000 00000000 00008200 DPL=0 LDT
TR =0038 0000000000000000 00000000 00008900 DPL=0 TSS64-avl
GDT=     ffff800000018048 00000047
IDT=     ffffffff80007120 00000fff
CR0=80010011 CR2=0000000000000000 CR3=0000000007fa3000 CR4=00000020
DR0=0000000000000000 DR1=0000000000000000 DR2=0000000000000000 DR3=0000000000000000 
DR6=00000000ffff0ff0 DR7=0000000000000400
CCS=0000000000000044 CCD=0000000000000000 CCO=EFLAGS
EFER=0000000000000d00
Servicing hardware INT=0x21
   240: v=21 e=0000 i=0 cpl=0 IP=0028:ffffffff8000281d pc=ffffffff8000281d SP=0030:ffff800007fb3f00 env->regs[R_EAX]=0000000000000000
RAX=0000000000000000 RBX=0000000000000000 RCX=0000000000000007 RDX=0000000000000040
RSI=000000000000000a RDI=ffff800007fb3eee RBP=ffff800007fb3ff0 RSP=ffff800007fb3f00
R8 =0000000000ffffff R9 =0000000000000500 R10=0000000000000000 R11=0000000000000000
R12=0000000000000000 R13=0000000000000000 R14=0000000000000000 R15=0000000000000000
RIP=ffffffff8000281d RFL=00000246 [---Z-P-] CPL=0 II=0 A20=1 SMM=0 HLT=0
ES =0030 0000000000000000 00000000 00009300 DPL=0 DS   [-WA]
CS =0028 0000000000000000 00000000 00209b00 DPL=0 CS64 [-RA]
SS =0030 0000000000000000 00000000 00009300 DPL=0 DS   [-WA]
DS =0030 0000000000000000 00000000 00009300 DPL=0 DS   [-WA]
FS =0030 0000000000000000 00000000 00009300 DPL=0 DS   [-WA]
GS =0030 0000000000000000 00000000 00009300 DPL=0 DS   [-WA]
LDT=0000 0000000000000000 00000000 00008200 DPL=0 LDT
TR =0038 0000000000000000 00000000 00008900 DPL=0 TSS64-avl
GDT=     ffff800000018048 00000047
IDT=     ffffffff80007120 00000fff
CR0=80010011 CR2=0000000000000000 CR3=0000000007fa3000 CR4=00000020
DR0=0000000000000000 DR1=0000000000000000 DR2=0000000000000000 DR3=0000000000000000 
DR6=00000000ffff0ff0 DR7=0000000000000400
CCS=0000000000000044 CCD=0000000000000000 CCO=EFLAGS
EFER=0000000000000d00
Servicing hardware INT=0x20
   241: v=20 e=0000 i=0 cpl=0 IP=0028:ffffffff8000281d pc=ffffffff8000281d SP=0030:ffff800007fb3f00 env->regs[R_EAX]=0000000000000000
RAX=0000000000000000 RBX=0000000000000000 RCX=0000000000000007 RDX=0000000000000041
RSI=000000000000000a RDI=ffff800007fb3eee RBP=ffff800007fb3ff0 RSP=ffff800007fb3f00
R8 =0000000000ffffff R9 =0000000000000500 R10=0000000000000000 R11=0000000000000000
R12=0000000000000000 R13=0000000000000000 R14=0000000000000000 R15=0000000000000000
RIP=ffffffff8000281d RFL=00000246 [---Z-P-] CPL=0 II=0 A20=1 SMM=0 HLT=0
ES =0030 0000000000000000 00000000 00009300 DPL=0 DS   [-WA]
CS =0028 0000000000000000 00000000 00209b00 DPL=0 CS64 [-RA]
SS =0030 0000000000000000 00000000 00009300 DPL=0 DS   [-WA]
DS =0030 0000000000000000 00000000 00009300 DPL=0 DS   [-WA]
FS =0030 0000000000000000 00000000 00009300 DPL=0 DS   [-WA]
GS =0030 0000000000000000 00000000 00009300 DPL=0 DS   [-WA]
LDT=0000 0000000000000000 00000000 00008200 DPL=0 LDT
TR =0038 0000000000000000 00000000 00008900 DPL=0 TSS64-avl
GDT=     ffff800000018048 00000047
IDT=     ffffffff80007120 00000fff
CR0=80010011 CR2=0000000000000000 CR3=0000000007fa3000 CR4=00000020
DR0=0000000000000000 DR1=0000000000000000 DR2=0000000000000000 DR3=0000000000000000 
DR6=00000000ffff0ff0 DR7=0000000000000400
CCS=0000000000000044 CCD=0000000000000000 CCO=EFLAGS
EFER=0000000000000d00
Servicing hardware INT=0x20
   242: v=20 e=0000 i=0 cpl=0 IP=0028:ffffffff8000281d pc=ffffffff8000281d SP=0030:ffff800007fb3f00 env->regs[R_EAX]=0000000000000000
RAX=0000000000000000 RBX=0000000000000000 RCX=0000000000000007 RDX=0000000000000041
RSI=000000000000000a RDI=ffff800007fb3eee RBP=ffff800007fb3ff0 RSP=ffff800007fb3f00
R8 =0000000000ffffff R9 =0000000000000500 R10=0000000000000000 R11=0000000000000000
R12=0000000000000000 R13=0000000000000000 R14=0000000000000000 R15=0000000000000000
RIP=ffffffff8000281d RFL=00000246 [---Z-P-] CPL=0 II=0 A20=1 SMM=0 HLT=0
ES =0030 0000000000000000 00000000 00009300 DPL=0 DS   [-WA]
CS =0028 0000000000000000 00000000 00209b00 DPL=0 CS64 [-RA]
SS =0030 0000000000000000 00000000 00009300 DPL=0 DS   [-WA]
DS =0030 0000000000000000 00000000 00009300 DPL=0 DS   [-WA]
FS =0030 0000000000000000 00000000 00009300 DPL=0 DS   [-WA]
GS =0030 0000000000000000 00000000 00009300 DPL=0 DS   [-WA]
LDT=0000 0000000000000000 00000000 00008200 DPL=0 LDT
TR =0038 0000000000000000 00000000 00008900 DPL=0 TSS64-avl
GDT=     ffff800000018048 00000047
IDT=     ffffffff80007120 00000fff
CR0=80010011 CR2=0000000000000000 CR3=0000000007fa3000 CR4=00000020
DR0=0000000000000000 DR1=0000000000000000 DR2=0000000000000000 DR3=0000000000000000 
DR6=00000000ffff0ff0 DR7=0000000000000400
CCS=0000000000000044 CCD=0000000000000000 CCO=EFLAGS
EFER=0000000000000d00
Servicing hardware INT=0x21
   243: v=21 e=0000 i=0 cpl=0 IP=0028:ffffffff8000281d pc=ffffffff8000281d SP=0030:ffff800007fb3f00 env->regs[R_EAX]=0000000000000000
RAX=0000000000000000 RBX=0000000000000000 RCX=0000000000000007 RDX=0000000000000041
RSI=000000000000000a RDI=ffff800007fb3eee RBP=ffff800007fb3ff0 RSP=ffff800007fb3f00
R8 =0000000000ffffff R9 =0000000000000500 R10=0000000000000000 R11=0000000000000000
R12=0000000000000000 R13=0000000000000000 R14=0000000000000000 R15=0000000000000000
RIP=ffffffff8000281d RFL=00000246 [---Z-P-] CPL=0 II=0 A20=1 SMM=0 HLT=0
ES =0030 0000000000000000 00000000 00009300 DPL=0 DS   [-WA]
CS =0028 0000000000000000 00000000 00209b00 DPL=0 CS64 [-RA]
SS =0030 0000000000000000 00000000 00009300 DPL=0 DS   [-WA]
DS =0030 0000000000000000 00000000 00009300 DPL=0 DS   [-WA]
FS =0030 0000000000000000 00000000 00009300 DPL=0 DS   [-WA]
GS =0030 0000000000000000 00000000 00009300 DPL=0 DS   [-WA]
LDT=0000 0000000000000000 00000000 00008200 DPL=0 LDT
TR =0038 0000000000000000 00000000 00008900 DPL=0 TSS64-avl
GDT=     ffff800000018048 00000047
IDT=     ffffffff80007120 00000fff
CR0=80010011 CR2=0000000000000000 CR3=0000000007fa3000 CR4=00000020
DR0=0000000000000000 DR1=0000000000000000 DR2=0000000000000000 DR3=0000000000000000 
DR6=00000000ffff0ff0 DR7=0000000000000400
CCS=0000000000000044 CCD=0000000000000000 CCO=EFLAGS
EFER=0000000000000d00
Servicing hardware INT=0x21
   244: v=21 e=0000 i=0 cpl=0 IP=0028:ffffffff8000281d pc=ffffffff8000281d SP=0030:ffff800007fb3f00 env->regs[R_EAX]=0000000000000000
RAX=0000000000000000 RBX=0000000000000000 RCX=0000000000000007 RDX=0000000000000041
RSI=000000000000000a RDI=ffff800007fb3eee RBP=ffff800007fb3ff0 RSP=ffff800007fb3f00
R8 =0000000000ffffff R9 =0000000000000500 R10=0000000000000000 R11=0000000000000000
R12=0000000000000000 R13=0000000000000000 R14=0000000000000000 R15=0000000000000000
RIP=ffffffff8000281d RFL=00010246 [---Z-P-] CPL=0 II=0 A20=1 SMM=0 HLT=0
ES =0030 0000000000000000 00000000 00009300 DPL=0 DS   [-WA]
CS =0028 0000000000000000 00000000 00209b00 DPL=0 CS64 [-RA]
SS =0030 0000000000000000 00000000 00009300 DPL=0 DS   [-WA]
DS =0030 0000000000000000 00000000 00009300 DPL=0 DS   [-WA]
FS =0030 0000000000000000 00000000 00009300 DPL=0 DS   [-WA]
GS =0030 0000000000000000 00000000 00009300 DPL=0 DS   [-WA]
LDT=0000 0000000000000000 00000000 00008200 DPL=0 LDT
TR =0038 0000000000000000 00000000 00008900 DPL=0 TSS64-avl
GDT=     ffff800000018048 00000047
IDT=     ffffffff80007120 00000fff
CR0=80010011 CR2=0000000000000000 CR3=0000000007fa3000 CR4=00000020
DR0=0000000000000000 DR1=0000000000000000 DR2=0000000000000000 DR3=0000000000000000 
DR6=00000000ffff0ff0 DR7=0000000000000400
CCS=0000000000000044 CCD=ffff800007fb3ed8 CCO=EFLAGS
EFER=0000000000000d00
Servicing hardware INT=0x20
   245: v=20 e=0000 i=0 cpl=0 IP=0028:ffffffff8000281d pc=ffffffff8000281d SP=0030:ffff800007fb3f00 env->regs[R_EAX]=0000000000000000
RAX=0000000000000000 RBX=0000000000000000 RCX=0000000000000007 RDX=0000000000000043
RSI=000000000000000a RDI=ffff800007fb3eee RBP=ffff800007fb3ff0 RSP=ffff800007fb3f00
R8 =0000000000ffffff R9 =0000000000000500 R10=0000000000000000 R11=0000000000000000
R12=0000000000000000 R13=0000000000000000 R14=0000000000000000 R15=0000000000000000
RIP=ffffffff8000281d RFL=00000246 [---Z-P-] CPL=0 II=0 A20=1 SMM=0 HLT=0
ES =0030 0000000000000000 00000000 00009300 DPL=0 DS   [-WA]
CS =0028 0000000000000000 00000000 00209b00 DPL=0 CS64 [-RA]
SS =0030 0000000000000000 00000000 00009300 DPL=0 DS   [-WA]
DS =0030 0000000000000000 00000000 00009300 DPL=0 DS   [-WA]
FS =0030 0000000000000000 00000000 00009300 DPL=0 DS   [-WA]
GS =0030 0000000000000000 00000000 00009300 DPL=0 DS   [-WA]
LDT=0000 0000000000000000 00000000 00008200 DPL=0 LDT
TR =0038 0000000000000000 00000000 00008900 DPL=0 TSS64-avl
GDT=     ffff800000018048 00000047
IDT=     ffffffff80007120 00000fff
CR0=80010011 CR2=0000000000000000 CR3=0000000007fa3000 CR4=00000020
DR0=0000000000000000 DR1=0000000000000000 DR2=0000000000000000 DR3=0000000000000000 
DR6=00000000ffff0ff0 DR7=0000000000000400
CCS=0000000000000044 CCD=0000000000000000 CCO=EFLAGS
EFER=0000000000000d00
Servicing hardware INT=0x20
   246: v=20 e=0000 i=0 cpl=0 IP=0028:ffffffff8000281d pc=ffffffff8000281d SP=0030:ffff800007fb3f00 env->regs[R_EAX]=0000000000000000
RAX=0000000000000000 RBX=0000000000000000 RCX=0000000000000007 RDX=0000000000000043
RSI=000000000000000a RDI=ffff800007fb3eee RBP=ffff800007fb3ff0 RSP=ffff800007fb3f00
R8 =0000000000ffffff R9 =0000000000000500 R10=0000000000000000 R11=0000000000000000
R12=0000000000000000 R13=0000000000000000 R14=0000000000000000 R15=0000000000000000
RIP=ffffffff8000281d RFL=00000246 [---Z-P-] CPL=0 II=0 A20=1 SMM=0 HLT=0
ES =0030 0000000000000000 00000000 00009300 DPL=0 DS   [-WA]
CS =0028 0000000000000000 00000000 00209b00 DPL=0 CS64 [-RA]
SS =0030 0000000000000000 00000000 00009300 DPL=0 DS   [-WA]
DS =0030 0000000000000000 00000000 00009300 DPL=0 DS   [-WA]
FS =0030 0000000000000000 00000000 00009300 DPL=0 DS   [-WA]
GS =0030 0000000000000000 00000000 00009300 DPL=0 DS   [-WA]
LDT=0000 0000000000000000 00000000 00008200 DPL=0 LDT
TR =0038 0000000000000000 00000000 00008900 DPL=0 TSS64-avl
GDT=     ffff800000018048 00000047
IDT=     ffffffff80007120 00000fff
CR0=80010011 CR2=0000000000000000 CR3=0000000007fa3000 CR4=00000020
DR0=0000000000000000 DR1=0000000000000000 DR2=0000000000000000 DR3=0000000000000000 
DR6=00000000ffff0ff0 DR7=0000000000000400
CCS=0000000000000044 CCD=0000000000000000 CCO=EFLAGS
EFER=0000000000000d00
Servicing hardware INT=0x21
   247: v=21 e=0000 i=0 cpl=0 IP=0028:ffffffff8000281d pc=ffffffff8000281d SP=0030:ffff800007fb3f00 env->regs[R_EAX]=0000000000000000
RAX=0000000000000000 RBX=0000000000000000 RCX=0000000000000007 RDX=0000000000000043
RSI=000000000000000a RDI=ffff800007fb3eee RBP=ffff800007fb3ff0 RSP=ffff800007fb3f00
R8 =0000000000ffffff R9 =0000000000000500 R10=0000000000000000 R11=0000000000000000
R12=0000000000000000 R13=0000000000000000 R14=0000000000000000 R15=0000000000000000
RIP=ffffffff8000281d RFL=00000246 [---Z-P-] CPL=0 II=0 A20=1 SMM=0 HLT=0
ES =0030 0000000000000000 00000000 00009300 DPL=0 DS   [-WA]
CS =0028 0000000000000000 00000000 00209b00 DPL=0 CS64 [-RA]
SS =0030 0000000000000000 00000000 00009300 DPL=0 DS   [-WA]
DS =0030 0000000000000000 00000000 00009300 DPL=0 DS   [-WA]
FS =0030 0000000000000000 00000000 00009300 DPL=0 DS   [-WA]
GS =0030 0000000000000000 00000000 00009300 DPL=0 DS   [-WA]
LDT=0000 0000000000000000 00000000 00008200 DPL=0 LDT
TR =0038 0000000000000000 00000000 00008900 DPL=0 TSS64-avl
GDT=     ffff800000018048 00000047
IDT=     ffffffff80007120 00000fff
CR0=80010011 CR2=0000000000000000 CR3=0000000007fa3000 CR4=00000020
DR0=0000000000000000 DR1=0000000000000000 DR2=0000000000000000 DR3=0000000000000000 
DR6=00000000ffff0ff0 DR7=0000000000000400
CCS=0000000000000044 CCD=0000000000000000 CCO=EFLAGS
EFER=0000000000000d00
Servicing hardware INT=0x20
   248: v=20 e=0000 i=0 cpl=0 IP=0028:ffffffff8000281d pc=ffffffff8000281d SP=0030:ffff800007fb3f00 env->regs[R_EAX]=0000000000000000
RAX=0000000000000000 RBX=0000000000000000 RCX=0000000000000007 RDX=0000000000000044
RSI=000000000000000a RDI=ffff800007fb3eee RBP=ffff800007fb3ff0 RSP=ffff800007fb3f00
R8 =0000000000ffffff R9 =0000000000000500 R10=0000000000000000 R11=0000000000000000
R12=0000000000000000 R13=0000000000000000 R14=0000000000000000 R15=0000000000000000
RIP=ffffffff8000281d RFL=00000246 [---Z-P-] CPL=0 II=0 A20=1 SMM=0 HLT=0
ES =0030 0000000000000000 00000000 00009300 DPL=0 DS   [-WA]
CS =0028 0000000000000000 00000000 00209b00 DPL=0 CS64 [-RA]
SS =0030 0000000000000000 00000000 00009300 DPL=0 DS   [-WA]
DS =0030 0000000000000000 00000000 00009300 DPL=0 DS   [-WA]
FS =0030 0000000000000000 00000000 00009300 DPL=0 DS   [-WA]
GS =0030 0000000000000000 00000000 00009300 DPL=0 DS   [-WA]
LDT=0000 0000000000000000 00000000 00008200 DPL=0 LDT
TR =0038 0000000000000000 00000000 00008900 DPL=0 TSS64-avl
GDT=     ffff800000018048 00000047
IDT=     ffffffff80007120 00000fff
CR0=80010011 CR2=0000000000000000 CR3=0000000007fa3000 CR4=00000020
DR0=0000000000000000 DR1=0000000000000000 DR2=0000000000000000 DR3=0000000000000000 
DR6=00000000ffff0ff0 DR7=0000000000000400
CCS=0000000000000044 CCD=0000000000000000 CCO=EFLAGS
EFER=0000000000000d00
Servicing hardware INT=0x21
   249: v=21 e=0000 i=0 cpl=0 IP=0028:ffffffff8000281d pc=ffffffff8000281d SP=0030:ffff800007fb3f00 env->regs[R_EAX]=0000000000000000
RAX=0000000000000000 RBX=0000000000000000 RCX=0000000000000007 RDX=0000000000000044
RSI=000000000000000a RDI=ffff800007fb3eee RBP=ffff800007fb3ff0 RSP=ffff800007fb3f00
R8 =0000000000ffffff R9 =0000000000000500 R10=0000000000000000 R11=0000000000000000
R12=0000000000000000 R13=0000000000000000 R14=0000000000000000 R15=0000000000000000
RIP=ffffffff8000281d RFL=00000246 [---Z-P-] CPL=0 II=0 A20=1 SMM=0 HLT=0
ES =0030 0000000000000000 00000000 00009300 DPL=0 DS   [-WA]
CS =0028 0000000000000000 00000000 00209b00 DPL=0 CS64 [-RA]
SS =0030 0000000000000000 00000000 00009300 DPL=0 DS   [-WA]
DS =0030 0000000000000000 00000000 00009300 DPL=0 DS   [-WA]
FS =0030 0000000000000000 00000000 00009300 DPL=0 DS   [-WA]
GS =0030 0000000000000000 00000000 00009300 DPL=0 DS   [-WA]
LDT=0000 0000000000000000 00000000 00008200 DPL=0 LDT
TR =0038 0000000000000000 00000000 00008900 DPL=0 TSS64-avl
GDT=     ffff800000018048 00000047
IDT=     ffffffff80007120 00000fff
CR0=80010011 CR2=0000000000000000 CR3=0000000007fa3000 CR4=00000020
DR0=0000000000000000 DR1=0000000000000000 DR2=0000000000000000 DR3=0000000000000000 
DR6=00000000ffff0ff0 DR7=0000000000000400
CCS=0000000000000044 CCD=0000000000000000 CCO=EFLAGS
EFER=0000000000000d00
Servicing hardware INT=0x21
   250: v=21 e=0000 i=0 cpl=0 IP=0028:ffffffff8000281d pc=ffffffff8000281d SP=0030:ffff800007fb3f00 env->regs[R_EAX]=0000000000000000
RAX=0000000000000000 RBX=0000000000000000 RCX=0000000000000007 RDX=0000000000000044
RSI=000000000000000a RDI=ffff800007fb3eee RBP=ffff800007fb3ff0 RSP=ffff800007fb3f00
R8 =0000000000ffffff R9 =0000000000000500 R10=0000000000000000 R11=0000000000000000
R12=0000000000000000 R13=0000000000000000 R14=0000000000000000 R15=0000000000000000
RIP=ffffffff8000281d RFL=00010246 [---Z-P-] CPL=0 II=0 A20=1 SMM=0 HLT=0
ES =0030 0000000000000000 00000000 00009300 DPL=0 DS   [-WA]
CS =0028 0000000000000000 00000000 00209b00 DPL=0 CS64 [-RA]
SS =0030 0000000000000000 00000000 00009300 DPL=0 DS   [-WA]
DS =0030 0000000000000000 00000000 00009300 DPL=0 DS   [-WA]
FS =0030 0000000000000000 00000000 00009300 DPL=0 DS   [-WA]
GS =0030 0000000000000000 00000000 00009300 DPL=0 DS   [-WA]
LDT=0000 0000000000000000 00000000 00008200 DPL=0 LDT
TR =0038 0000000000000000 00000000 00008900 DPL=0 TSS64-avl
GDT=     ffff800000018048 00000047
IDT=     ffffffff80007120 00000fff
CR0=80010011 CR2=0000000000000000 CR3=0000000007fa3000 CR4=00000020
DR0=0000000000000000 DR1=0000000000000000 DR2=0000000000000000 DR3=0000000000000000 
DR6=00000000ffff0ff0 DR7=0000000000000400
CCS=0000000000000044 CCD=ffff800007fb3ed8 CCO=EFLAGS
EFER=0000000000000d00
Servicing hardware INT=0x20
   251: v=20 e=0000 i=0 cpl=0 IP=0028:ffffffff8000281d pc=ffffffff8000281d SP=0030:ffff800007fb3f00 env->regs[R_EAX]=0000000000000000
RAX=0000000000000000 RBX=0000000000000000 RCX=0000000000000007 RDX=0000000000000046
RSI=000000000000000a RDI=ffff800007fb3eee RBP=ffff800007fb3ff0 RSP=ffff800007fb3f00
R8 =0000000000ffffff R9 =0000000000000500 R10=0000000000000000 R11=0000000000000000
R12=0000000000000000 R13=0000000000000000 R14=0000000000000000 R15=0000000000000000
RIP=ffffffff8000281d RFL=00000246 [---Z-P-] CPL=0 II=0 A20=1 SMM=0 HLT=0
ES =0030 0000000000000000 00000000 00009300 DPL=0 DS   [-WA]
CS =0028 0000000000000000 00000000 00209b00 DPL=0 CS64 [-RA]
SS =0030 0000000000000000 00000000 00009300 DPL=0 DS   [-WA]
DS =0030 0000000000000000 00000000 00009300 DPL=0 DS   [-WA]
FS =0030 0000000000000000 00000000 00009300 DPL=0 DS   [-WA]
GS =0030 0000000000000000 00000000 00009300 DPL=0 DS   [-WA]
LDT=0000 0000000000000000 00000000 00008200 DPL=0 LDT
TR =0038 0000000000000000 00000000 00008900 DPL=0 TSS64-avl
GDT=     ffff800000018048 00000047
IDT=     ffffffff80007120 00000fff
CR0=80010011 CR2=0000000000000000 CR3=0000000007fa3000 CR4=00000020
DR0=0000000000000000 DR1=0000000000000000 DR2=0000000000000000 DR3=0000000000000000 
DR6=00000000ffff0ff0 DR7=0000000000000400
CCS=0000000000000044 CCD=0000000000000000 CCO=EFLAGS
EFER=0000000000000d00
Servicing hardware INT=0x20
   252: v=20 e=0000 i=0 cpl=0 IP=0028:ffffffff8000281d pc=ffffffff8000281d SP=0030:ffff800007fb3f00 env->regs[R_EAX]=0000000000000000
RAX=0000000000000000 RBX=0000000000000000 RCX=0000000000000007 RDX=0000000000000046
RSI=000000000000000a RDI=ffff800007fb3eee RBP=ffff800007fb3ff0 RSP=ffff800007fb3f00
R8 =0000000000ffffff R9 =0000000000000500 R10=0000000000000000 R11=0000000000000000
R12=0000000000000000 R13=0000000000000000 R14=0000000000000000 R15=0000000000000000
RIP=ffffffff8000281d RFL=00000246 [---Z-P-] CPL=0 II=0 A20=1 SMM=0 HLT=0
ES =0030 0000000000000000 00000000 00009300 DPL=0 DS   [-WA]
CS =0028 0000000000000000 00000000 00209b00 DPL=0 CS64 [-RA]
SS =0030 0000000000000000 00000000 00009300 DPL=0 DS   [-WA]
DS =0030 0000000000000000 00000000 00009300 DPL=0 DS   [-WA]
FS =0030 0000000000000000 00000000 00009300 DPL=0 DS   [-WA]
GS =0030 0000000000000000 00000000 00009300 DPL=0 DS   [-WA]
LDT=0000 0000000000000000 00000000 00008200 DPL=0 LDT
TR =0038 0000000000000000 00000000 00008900 DPL=0 TSS64-avl
GDT=     ffff800000018048 00000047
IDT=     ffffffff80007120 00000fff
CR0=80010011 CR2=0000000000000000 CR3=0000000007fa3000 CR4=00000020
DR0=0000000000000000 DR1=0000000000000000 DR2=0000000000000000 DR3=0000000000000000 
DR6=00000000ffff0ff0 DR7=0000000000000400
CCS=0000000000000044 CCD=0000000000000000 CCO=EFLAGS
EFER=0000000000000d00
Servicing hardware INT=0x20
   253: v=20 e=0000 i=0 cpl=0 IP=0028:ffffffff8000281d pc=ffffffff8000281d SP=0030:ffff800007fb3f00 env->regs[R_EAX]=0000000000000000
RAX=0000000000000000 RBX=0000000000000000 RCX=0000000000000007 RDX=0000000000000046
RSI=000000000000000a RDI=ffff800007fb3eee RBP=ffff800007fb3ff0 RSP=ffff800007fb3f00
R8 =0000000000ffffff R9 =0000000000000500 R10=0000000000000000 R11=0000000000000000
R12=0000000000000000 R13=0000000000000000 R14=0000000000000000 R15=0000000000000000
RIP=ffffffff8000281d RFL=00000246 [---Z-P-] CPL=0 II=0 A20=1 SMM=0 HLT=0
ES =0030 0000000000000000 00000000 00009300 DPL=0 DS   [-WA]
CS =0028 0000000000000000 00000000 00209b00 DPL=0 CS64 [-RA]
SS =0030 0000000000000000 00000000 00009300 DPL=0 DS   [-WA]
DS =0030 0000000000000000 00000000 00009300 DPL=0 DS   [-WA]
FS =0030 0000000000000000 00000000 00009300 DPL=0 DS   [-WA]
GS =0030 0000000000000000 00000000 00009300 DPL=0 DS   [-WA]
LDT=0000 0000000000000000 00000000 00008200 DPL=0 LDT
TR =0038 0000000000000000 00000000 00008900 DPL=0 TSS64-avl
GDT=     ffff800000018048 00000047
IDT=     ffffffff80007120 00000fff
CR0=80010011 CR2=0000000000000000 CR3=0000000007fa3000 CR4=00000020
DR0=0000000000000000 DR1=0000000000000000 DR2=0000000000000000 DR3=0000000000000000 
DR6=00000000ffff0ff0 DR7=0000000000000400
CCS=0000000000000044 CCD=0000000000000000 CCO=EFLAGS
EFER=0000000000000d00
Servicing hardware INT=0x21
   254: v=21 e=0000 i=0 cpl=0 IP=0028:ffffffff8000281d pc=ffffffff8000281d SP=0030:ffff800007fb3f00 env->regs[R_EAX]=0000000000000000
RAX=0000000000000000 RBX=0000000000000000 RCX=0000000000000007 RDX=0000000000000046
RSI=000000000000000a RDI=ffff800007fb3eee RBP=ffff800007fb3ff0 RSP=ffff800007fb3f00
R8 =0000000000ffffff R9 =0000000000000500 R10=0000000000000000 R11=0000000000000000
R12=0000000000000000 R13=0000000000000000 R14=0000000000000000 R15=0000000000000000
RIP=ffffffff8000281d RFL=00000246 [---Z-P-] CPL=0 II=0 A20=1 SMM=0 HLT=0
ES =0030 0000000000000000 00000000 00009300 DPL=0 DS   [-WA]
CS =0028 0000000000000000 00000000 00209b00 DPL=0 CS64 [-RA]
SS =0030 0000000000000000 00000000 00009300 DPL=0 DS   [-WA]
DS =0030 0000000000000000 00000000 00009300 DPL=0 DS   [-WA]
FS =0030 0000000000000000 00000000 00009300 DPL=0 DS   [-WA]
GS =0030 0000000000000000 00000000 00009300 DPL=0 DS   [-WA]
LDT=0000 0000000000000000 00000000 00008200 DPL=0 LDT
TR =0038 0000000000000000 00000000 00008900 DPL=0 TSS64-avl
GDT=     ffff800000018048 00000047
IDT=     ffffffff80007120 00000fff
CR0=80010011 CR2=0000000000000000 CR3=0000000007fa3000 CR4=00000020
DR0=0000000000000000 DR1=0000000000000000 DR2=0000000000000000 DR3=0000000000000000 
DR6=00000000ffff0ff0 DR7=0000000000000400
CCS=0000000000000044 CCD=0000000000000000 CCO=EFLAGS
EFER=0000000000000d00
Servicing hardware INT=0x20
   255: v=20 e=0000 i=0 cpl=0 IP=0028:ffffffff8000281d pc=ffffffff8000281d SP=0030:ffff800007fb3f00 env->regs[R_EAX]=0000000000000000
RAX=0000000000000000 RBX=0000000000000000 RCX=0000000000000007 RDX=0000000000000047
RSI=000000000000000a RDI=ffff800007fb3eee RBP=ffff800007fb3ff0 RSP=ffff800007fb3f00
R8 =0000000000ffffff R9 =0000000000000500 R10=0000000000000000 R11=0000000000000000
R12=0000000000000000 R13=0000000000000000 R14=0000000000000000 R15=0000000000000000
RIP=ffffffff8000281d RFL=00000246 [---Z-P-] CPL=0 II=0 A20=1 SMM=0 HLT=0
ES =0030 0000000000000000 00000000 00009300 DPL=0 DS   [-WA]
CS =0028 0000000000000000 00000000 00209b00 DPL=0 CS64 [-RA]
SS =0030 0000000000000000 00000000 00009300 DPL=0 DS   [-WA]
DS =0030 0000000000000000 00000000 00009300 DPL=0 DS   [-WA]
FS =0030 0000000000000000 00000000 00009300 DPL=0 DS   [-WA]
GS =0030 0000000000000000 00000000 00009300 DPL=0 DS   [-WA]
LDT=0000 0000000000000000 00000000 00008200 DPL=0 LDT
TR =0038 0000000000000000 00000000 00008900 DPL=0 TSS64-avl
GDT=     ffff800000018048 00000047
IDT=     ffffffff80007120 00000fff
CR0=80010011 CR2=0000000000000000 CR3=0000000007fa3000 CR4=00000020
DR0=0000000000000000 DR1=0000000000000000 DR2=0000000000000000 DR3=0000000000000000 
DR6=00000000ffff0ff0 DR7=0000000000000400
CCS=0000000000000044 CCD=0000000000000000 CCO=EFLAGS
EFER=0000000000000d00
Servicing hardware INT=0x21
   256: v=21 e=0000 i=0 cpl=0 IP=0028:ffffffff8000281d pc=ffffffff8000281d SP=0030:ffff800007fb3f00 env->regs[R_EAX]=0000000000000000
RAX=0000000000000000 RBX=0000000000000000 RCX=0000000000000007 RDX=0000000000000047
RSI=000000000000000a RDI=ffff800007fb3eee RBP=ffff800007fb3ff0 RSP=ffff800007fb3f00
R8 =0000000000ffffff R9 =0000000000000500 R10=0000000000000000 R11=0000000000000000
R12=0000000000000000 R13=0000000000000000 R14=0000000000000000 R15=0000000000000000
RIP=ffffffff8000281d RFL=00000246 [---Z-P-] CPL=0 II=0 A20=1 SMM=0 HLT=0
ES =0030 0000000000000000 00000000 00009300 DPL=0 DS   [-WA]
CS =0028 0000000000000000 00000000 00209b00 DPL=0 CS64 [-RA]
SS =0030 0000000000000000 00000000 00009300 DPL=0 DS   [-WA]
DS =0030 0000000000000000 00000000 00009300 DPL=0 DS   [-WA]
FS =0030 0000000000000000 00000000 00009300 DPL=0 DS   [-WA]
GS =0030 0000000000000000 00000000 00009300 DPL=0 DS   [-WA]
LDT=0000 0000000000000000 00000000 00008200 DPL=0 LDT
TR =0038 0000000000000000 00000000 00008900 DPL=0 TSS64-avl
GDT=     ffff800000018048 00000047
IDT=     ffffffff80007120 00000fff
CR0=80010011 CR2=0000000000000000 CR3=0000000007fa3000 CR4=00000020
DR0=0000000000000000 DR1=0000000000000000 DR2=0000000000000000 DR3=0000000000000000 
DR6=00000000ffff0ff0 DR7=0000000000000400
CCS=0000000000000044 CCD=0000000000000000 CCO=EFLAGS
EFER=0000000000000d00
Servicing hardware INT=0x21
   257: v=21 e=0000 i=0 cpl=0 IP=0028:ffffffff8000281d pc=ffffffff8000281d SP=0030:ffff800007fb3f00 env->regs[R_EAX]=0000000000000000
RAX=0000000000000000 RBX=0000000000000000 RCX=0000000000000007 RDX=0000000000000047
RSI=000000000000000a RDI=ffff800007fb3eee RBP=ffff800007fb3ff0 RSP=ffff800007fb3f00
R8 =0000000000ffffff R9 =0000000000000500 R10=0000000000000000 R11=0000000000000000
R12=0000000000000000 R13=0000000000000000 R14=0000000000000000 R15=0000000000000000
RIP=ffffffff8000281d RFL=00010246 [---Z-P-] CPL=0 II=0 A20=1 SMM=0 HLT=0
ES =0030 0000000000000000 00000000 00009300 DPL=0 DS   [-WA]
CS =0028 0000000000000000 00000000 00209b00 DPL=0 CS64 [-RA]
SS =0030 0000000000000000 00000000 00009300 DPL=0 DS   [-WA]
DS =0030 0000000000000000 00000000 00009300 DPL=0 DS   [-WA]
FS =0030 0000000000000000 00000000 00009300 DPL=0 DS   [-WA]
GS =0030 0000000000000000 00000000 00009300 DPL=0 DS   [-WA]
LDT=0000 0000000000000000 00000000 00008200 DPL=0 LDT
TR =0038 0000000000000000 00000000 00008900 DPL=0 TSS64-avl
GDT=     ffff800000018048 00000047
IDT=     ffffffff80007120 00000fff
CR0=80010011 CR2=0000000000000000 CR3=0000000007fa3000 CR4=00000020
DR0=0000000000000000 DR1=0000000000000000 DR2=0000000000000000 DR3=0000000000000000 
DR6=00000000ffff0ff0 DR7=0000000000000400
CCS=0000000000000044 CCD=ffff800007fb3ed8 CCO=EFLAGS
EFER=0000000000000d00
Servicing hardware INT=0x20
   258: v=20 e=0000 i=0 cpl=0 IP=0028:ffffffff8000281d pc=ffffffff8000281d SP=0030:ffff800007fb3f00 env->regs[R_EAX]=0000000000000000
RAX=0000000000000000 RBX=0000000000000000 RCX=0000000000000007 RDX=0000000000000049
RSI=000000000000000a RDI=ffff800007fb3eee RBP=ffff800007fb3ff0 RSP=ffff800007fb3f00
R8 =0000000000ffffff R9 =0000000000000500 R10=0000000000000000 R11=0000000000000000
R12=0000000000000000 R13=0000000000000000 R14=0000000000000000 R15=0000000000000000
RIP=ffffffff8000281d RFL=00000246 [---Z-P-] CPL=0 II=0 A20=1 SMM=0 HLT=0
ES =0030 0000000000000000 00000000 00009300 DPL=0 DS   [-WA]
CS =0028 0000000000000000 00000000 00209b00 DPL=0 CS64 [-RA]
SS =0030 0000000000000000 00000000 00009300 DPL=0 DS   [-WA]
DS =0030 0000000000000000 00000000 00009300 DPL=0 DS   [-WA]
FS =0030 0000000000000000 00000000 00009300 DPL=0 DS   [-WA]
GS =0030 0000000000000000 00000000 00009300 DPL=0 DS   [-WA]
LDT=0000 0000000000000000 00000000 00008200 DPL=0 LDT
TR =0038 0000000000000000 00000000 00008900 DPL=0 TSS64-avl
GDT=     ffff800000018048 00000047
IDT=     ffffffff80007120 00000fff
CR0=80010011 CR2=0000000000000000 CR3=0000000007fa3000 CR4=00000020
DR0=0000000000000000 DR1=0000000000000000 DR2=0000000000000000 DR3=0000000000000000 
DR6=00000000ffff0ff0 DR7=0000000000000400
CCS=0000000000000044 CCD=0000000000000000 CCO=EFLAGS
EFER=0000000000000d00
Servicing hardware INT=0x20
   259: v=20 e=0000 i=0 cpl=0 IP=0028:ffffffff8000281d pc=ffffffff8000281d SP=0030:ffff800007fb3f00 env->regs[R_EAX]=0000000000000000
RAX=0000000000000000 RBX=0000000000000000 RCX=0000000000000007 RDX=0000000000000049
RSI=000000000000000a RDI=ffff800007fb3eee RBP=ffff800007fb3ff0 RSP=ffff800007fb3f00
R8 =0000000000ffffff R9 =0000000000000500 R10=0000000000000000 R11=0000000000000000
R12=0000000000000000 R13=0000000000000000 R14=0000000000000000 R15=0000000000000000
RIP=ffffffff8000281d RFL=00000246 [---Z-P-] CPL=0 II=0 A20=1 SMM=0 HLT=0
ES =0030 0000000000000000 00000000 00009300 DPL=0 DS   [-WA]
CS =0028 0000000000000000 00000000 00209b00 DPL=0 CS64 [-RA]
SS =0030 0000000000000000 00000000 00009300 DPL=0 DS   [-WA]
DS =0030 0000000000000000 00000000 00009300 DPL=0 DS   [-WA]
FS =0030 0000000000000000 00000000 00009300 DPL=0 DS   [-WA]
GS =0030 0000000000000000 00000000 00009300 DPL=0 DS   [-WA]
LDT=0000 0000000000000000 00000000 00008200 DPL=0 LDT
TR =0038 0000000000000000 00000000 00008900 DPL=0 TSS64-avl
GDT=     ffff800000018048 00000047
IDT=     ffffffff80007120 00000fff
CR0=80010011 CR2=0000000000000000 CR3=0000000007fa3000 CR4=00000020
DR0=0000000000000000 DR1=0000000000000000 DR2=0000000000000000 DR3=0000000000000000 
DR6=00000000ffff0ff0 DR7=0000000000000400
CCS=0000000000000044 CCD=0000000000000000 CCO=EFLAGS
EFER=0000000000000d00
Servicing hardware INT=0x20
   260: v=20 e=0000 i=0 cpl=0 IP=0028:ffffffff8000281d pc=ffffffff8000281d SP=0030:ffff800007fb3f00 env->regs[R_EAX]=0000000000000000
RAX=0000000000000000 RBX=0000000000000000 RCX=0000000000000007 RDX=0000000000000049
RSI=000000000000000a RDI=ffff800007fb3eee RBP=ffff800007fb3ff0 RSP=ffff800007fb3f00
R8 =0000000000ffffff R9 =0000000000000500 R10=0000000000000000 R11=0000000000000000
R12=0000000000000000 R13=0000000000000000 R14=0000000000000000 R15=0000000000000000
RIP=ffffffff8000281d RFL=00000246 [---Z-P-] CPL=0 II=0 A20=1 SMM=0 HLT=0
ES =0030 0000000000000000 00000000 00009300 DPL=0 DS   [-WA]
CS =0028 0000000000000000 00000000 00209b00 DPL=0 CS64 [-RA]
SS =0030 0000000000000000 00000000 00009300 DPL=0 DS   [-WA]
DS =0030 0000000000000000 00000000 00009300 DPL=0 DS   [-WA]
FS =0030 0000000000000000 00000000 00009300 DPL=0 DS   [-WA]
GS =0030 0000000000000000 00000000 00009300 DPL=0 DS   [-WA]
LDT=0000 0000000000000000 00000000 00008200 DPL=0 LDT
TR =0038 0000000000000000 00000000 00008900 DPL=0 TSS64-avl
GDT=     ffff800000018048 00000047
IDT=     ffffffff80007120 00000fff
CR0=80010011 CR2=0000000000000000 CR3=0000000007fa3000 CR4=00000020
DR0=0000000000000000 DR1=0000000000000000 DR2=0000000000000000 DR3=0000000000000000 
DR6=00000000ffff0ff0 DR7=0000000000000400
CCS=0000000000000044 CCD=0000000000000000 CCO=EFLAGS
EFER=0000000000000d00
Servicing hardware INT=0x21
   261: v=21 e=0000 i=0 cpl=0 IP=0028:ffffffff8000281d pc=ffffffff8000281d SP=0030:ffff800007fb3f00 env->regs[R_EAX]=0000000000000000
RAX=0000000000000000 RBX=0000000000000000 RCX=0000000000000007 RDX=0000000000000049
RSI=000000000000000a RDI=ffff800007fb3eee RBP=ffff800007fb3ff0 RSP=ffff800007fb3f00
R8 =0000000000ffffff R9 =0000000000000500 R10=0000000000000000 R11=0000000000000000
R12=0000000000000000 R13=0000000000000000 R14=0000000000000000 R15=0000000000000000
RIP=ffffffff8000281d RFL=00000246 [---Z-P-] CPL=0 II=0 A20=1 SMM=0 HLT=0
ES =0030 0000000000000000 00000000 00009300 DPL=0 DS   [-WA]
CS =0028 0000000000000000 00000000 00209b00 DPL=0 CS64 [-RA]
SS =0030 0000000000000000 00000000 00009300 DPL=0 DS   [-WA]
DS =0030 0000000000000000 00000000 00009300 DPL=0 DS   [-WA]
FS =0030 0000000000000000 00000000 00009300 DPL=0 DS   [-WA]
GS =0030 0000000000000000 00000000 00009300 DPL=0 DS   [-WA]
LDT=0000 0000000000000000 00000000 00008200 DPL=0 LDT
TR =0038 0000000000000000 00000000 00008900 DPL=0 TSS64-avl
GDT=     ffff800000018048 00000047
IDT=     ffffffff80007120 00000fff
CR0=80010011 CR2=0000000000000000 CR3=0000000007fa3000 CR4=00000020
DR0=0000000000000000 DR1=0000000000000000 DR2=0000000000000000 DR3=0000000000000000 
DR6=00000000ffff0ff0 DR7=0000000000000400
CCS=0000000000000044 CCD=0000000000000000 CCO=EFLAGS
EFER=0000000000000d00
Servicing hardware INT=0x20
   262: v=20 e=0000 i=0 cpl=0 IP=0028:ffffffff8000281d pc=ffffffff8000281d SP=0030:ffff800007fb3f00 env->regs[R_EAX]=0000000000000000
RAX=0000000000000000 RBX=0000000000000000 RCX=0000000000000007 RDX=000000000000004a
RSI=000000000000000a RDI=ffff800007fb3eee RBP=ffff800007fb3ff0 RSP=ffff800007fb3f00
R8 =0000000000ffffff R9 =0000000000000500 R10=0000000000000000 R11=0000000000000000
R12=0000000000000000 R13=0000000000000000 R14=0000000000000000 R15=0000000000000000
RIP=ffffffff8000281d RFL=00000246 [---Z-P-] CPL=0 II=0 A20=1 SMM=0 HLT=0
ES =0030 0000000000000000 00000000 00009300 DPL=0 DS   [-WA]
CS =0028 0000000000000000 00000000 00209b00 DPL=0 CS64 [-RA]
SS =0030 0000000000000000 00000000 00009300 DPL=0 DS   [-WA]
DS =0030 0000000000000000 00000000 00009300 DPL=0 DS   [-WA]
FS =0030 0000000000000000 00000000 00009300 DPL=0 DS   [-WA]
GS =0030 0000000000000000 00000000 00009300 DPL=0 DS   [-WA]
LDT=0000 0000000000000000 00000000 00008200 DPL=0 LDT
TR =0038 0000000000000000 00000000 00008900 DPL=0 TSS64-avl
GDT=     ffff800000018048 00000047
IDT=     ffffffff80007120 00000fff
CR0=80010011 CR2=0000000000000000 CR3=0000000007fa3000 CR4=00000020
DR0=0000000000000000 DR1=0000000000000000 DR2=0000000000000000 DR3=0000000000000000 
DR6=00000000ffff0ff0 DR7=0000000000000400
CCS=0000000000000044 CCD=0000000000000000 CCO=EFLAGS
EFER=0000000000000d00
Servicing hardware INT=0x21
   263: v=21 e=0000 i=0 cpl=0 IP=0028:ffffffff8000281d pc=ffffffff8000281d SP=0030:ffff800007fb3f00 env->regs[R_EAX]=0000000000000000
RAX=0000000000000000 RBX=0000000000000000 RCX=0000000000000007 RDX=000000000000004a
RSI=000000000000000a RDI=ffff800007fb3eee RBP=ffff800007fb3ff0 RSP=ffff800007fb3f00
R8 =0000000000ffffff R9 =0000000000000500 R10=0000000000000000 R11=0000000000000000
R12=0000000000000000 R13=0000000000000000 R14=0000000000000000 R15=0000000000000000
RIP=ffffffff8000281d RFL=00000246 [---Z-P-] CPL=0 II=0 A20=1 SMM=0 HLT=0
ES =0030 0000000000000000 00000000 00009300 DPL=0 DS   [-WA]
CS =0028 0000000000000000 00000000 00209b00 DPL=0 CS64 [-RA]
SS =0030 0000000000000000 00000000 00009300 DPL=0 DS   [-WA]
DS =0030 0000000000000000 00000000 00009300 DPL=0 DS   [-WA]
FS =0030 0000000000000000 00000000 00009300 DPL=0 DS   [-WA]
GS =0030 0000000000000000 00000000 00009300 DPL=0 DS   [-WA]
LDT=0000 0000000000000000 00000000 00008200 DPL=0 LDT
TR =0038 0000000000000000 00000000 00008900 DPL=0 TSS64-avl
GDT=     ffff800000018048 00000047
IDT=     ffffffff80007120 00000fff
CR0=80010011 CR2=0000000000000000 CR3=0000000007fa3000 CR4=00000020
DR0=0000000000000000 DR1=0000000000000000 DR2=0000000000000000 DR3=0000000000000000 
DR6=00000000ffff0ff0 DR7=0000000000000400
CCS=0000000000000044 CCD=0000000000000000 CCO=EFLAGS
EFER=0000000000000d00
Servicing hardware INT=0x21
   264: v=21 e=0000 i=0 cpl=0 IP=0028:ffffffff8000281d pc=ffffffff8000281d SP=0030:ffff800007fb3f00 env->regs[R_EAX]=0000000000000000
RAX=0000000000000000 RBX=0000000000000000 RCX=0000000000000007 RDX=000000000000004a
RSI=000000000000000a RDI=ffff800007fb3eee RBP=ffff800007fb3ff0 RSP=ffff800007fb3f00
R8 =0000000000ffffff R9 =0000000000000500 R10=0000000000000000 R11=0000000000000000
R12=0000000000000000 R13=0000000000000000 R14=0000000000000000 R15=0000000000000000
RIP=ffffffff8000281d RFL=00010246 [---Z-P-] CPL=0 II=0 A20=1 SMM=0 HLT=0
ES =0030 0000000000000000 00000000 00009300 DPL=0 DS   [-WA]
CS =0028 0000000000000000 00000000 00209b00 DPL=0 CS64 [-RA]
SS =0030 0000000000000000 00000000 00009300 DPL=0 DS   [-WA]
DS =0030 0000000000000000 00000000 00009300 DPL=0 DS   [-WA]
FS =0030 0000000000000000 00000000 00009300 DPL=0 DS   [-WA]
GS =0030 0000000000000000 00000000 00009300 DPL=0 DS   [-WA]
LDT=0000 0000000000000000 00000000 00008200 DPL=0 LDT
TR =0038 0000000000000000 00000000 00008900 DPL=0 TSS64-avl
GDT=     ffff800000018048 00000047
IDT=     ffffffff80007120 00000fff
CR0=80010011 CR2=0000000000000000 CR3=0000000007fa3000 CR4=00000020
DR0=0000000000000000 DR1=0000000000000000 DR2=0000000000000000 DR3=0000000000000000 
DR6=00000000ffff0ff0 DR7=0000000000000400
CCS=0000000000000044 CCD=ffff800007fb3ed8 CCO=EFLAGS
EFER=0000000000000d00
Servicing hardware INT=0x20
   265: v=20 e=0000 i=0 cpl=0 IP=0028:ffffffff8000281d pc=ffffffff8000281d SP=0030:ffff800007fb3f00 env->regs[R_EAX]=0000000000000000
RAX=0000000000000000 RBX=0000000000000000 RCX=0000000000000007 RDX=000000000000004c
RSI=000000000000000a RDI=ffff800007fb3eee RBP=ffff800007fb3ff0 RSP=ffff800007fb3f00
R8 =0000000000ffffff R9 =0000000000000500 R10=0000000000000000 R11=0000000000000000
R12=0000000000000000 R13=0000000000000000 R14=0000000000000000 R15=0000000000000000
RIP=ffffffff8000281d RFL=00000246 [---Z-P-] CPL=0 II=0 A20=1 SMM=0 HLT=0
ES =0030 0000000000000000 00000000 00009300 DPL=0 DS   [-WA]
CS =0028 0000000000000000 00000000 00209b00 DPL=0 CS64 [-RA]
SS =0030 0000000000000000 00000000 00009300 DPL=0 DS   [-WA]
DS =0030 0000000000000000 00000000 00009300 DPL=0 DS   [-WA]
FS =0030 0000000000000000 00000000 00009300 DPL=0 DS   [-WA]
GS =0030 0000000000000000 00000000 00009300 DPL=0 DS   [-WA]
LDT=0000 0000000000000000 00000000 00008200 DPL=0 LDT
TR =0038 0000000000000000 00000000 00008900 DPL=0 TSS64-avl
GDT=     ffff800000018048 00000047
IDT=     ffffffff80007120 00000fff
CR0=80010011 CR2=0000000000000000 CR3=0000000007fa3000 CR4=00000020
DR0=0000000000000000 DR1=0000000000000000 DR2=0000000000000000 DR3=0000000000000000 
DR6=00000000ffff0ff0 DR7=0000000000000400
CCS=0000000000000044 CCD=0000000000000000 CCO=EFLAGS
EFER=0000000000000d00
Servicing hardware INT=0x20
   266: v=20 e=0000 i=0 cpl=0 IP=0028:ffffffff8000281d pc=ffffffff8000281d SP=0030:ffff800007fb3f00 env->regs[R_EAX]=0000000000000000
RAX=0000000000000000 RBX=0000000000000000 RCX=0000000000000007 RDX=000000000000004c
RSI=000000000000000a RDI=ffff800007fb3eee RBP=ffff800007fb3ff0 RSP=ffff800007fb3f00
R8 =0000000000ffffff R9 =0000000000000500 R10=0000000000000000 R11=0000000000000000
R12=0000000000000000 R13=0000000000000000 R14=0000000000000000 R15=0000000000000000
RIP=ffffffff8000281d RFL=00000246 [---Z-P-] CPL=0 II=0 A20=1 SMM=0 HLT=0
ES =0030 0000000000000000 00000000 00009300 DPL=0 DS   [-WA]
CS =0028 0000000000000000 00000000 00209b00 DPL=0 CS64 [-RA]
SS =0030 0000000000000000 00000000 00009300 DPL=0 DS   [-WA]
DS =0030 0000000000000000 00000000 00009300 DPL=0 DS   [-WA]
FS =0030 0000000000000000 00000000 00009300 DPL=0 DS   [-WA]
GS =0030 0000000000000000 00000000 00009300 DPL=0 DS   [-WA]
LDT=0000 0000000000000000 00000000 00008200 DPL=0 LDT
TR =0038 0000000000000000 00000000 00008900 DPL=0 TSS64-avl
GDT=     ffff800000018048 00000047
IDT=     ffffffff80007120 00000fff
CR0=80010011 CR2=0000000000000000 CR3=0000000007fa3000 CR4=00000020
DR0=0000000000000000 DR1=0000000000000000 DR2=0000000000000000 DR3=0000000000000000 
DR6=00000000ffff0ff0 DR7=0000000000000400
CCS=0000000000000044 CCD=0000000000000000 CCO=EFLAGS
EFER=0000000000000d00
Servicing hardware INT=0x20
   267: v=20 e=0000 i=0 cpl=0 IP=0028:ffffffff8000281d pc=ffffffff8000281d SP=0030:ffff800007fb3f00 env->regs[R_EAX]=0000000000000000
RAX=0000000000000000 RBX=0000000000000000 RCX=0000000000000007 RDX=000000000000004c
RSI=000000000000000a RDI=ffff800007fb3eee RBP=ffff800007fb3ff0 RSP=ffff800007fb3f00
R8 =0000000000ffffff R9 =0000000000000500 R10=0000000000000000 R11=0000000000000000
R12=0000000000000000 R13=0000000000000000 R14=0000000000000000 R15=0000000000000000
RIP=ffffffff8000281d RFL=00000246 [---Z-P-] CPL=0 II=0 A20=1 SMM=0 HLT=0
ES =0030 0000000000000000 00000000 00009300 DPL=0 DS   [-WA]
CS =0028 0000000000000000 00000000 00209b00 DPL=0 CS64 [-RA]
SS =0030 0000000000000000 00000000 00009300 DPL=0 DS   [-WA]
DS =0030 0000000000000000 00000000 00009300 DPL=0 DS   [-WA]
FS =0030 0000000000000000 00000000 00009300 DPL=0 DS   [-WA]
GS =0030 0000000000000000 00000000 00009300 DPL=0 DS   [-WA]
LDT=0000 0000000000000000 00000000 00008200 DPL=0 LDT
TR =0038 0000000000000000 00000000 00008900 DPL=0 TSS64-avl
GDT=     ffff800000018048 00000047
IDT=     ffffffff80007120 00000fff
CR0=80010011 CR2=0000000000000000 CR3=0000000007fa3000 CR4=00000020
DR0=0000000000000000 DR1=0000000000000000 DR2=0000000000000000 DR3=0000000000000000 
DR6=00000000ffff0ff0 DR7=0000000000000400
CCS=0000000000000044 CCD=0000000000000000 CCO=EFLAGS
EFER=0000000000000d00
Servicing hardware INT=0x21
   268: v=21 e=0000 i=0 cpl=0 IP=0028:ffffffff8000281d pc=ffffffff8000281d SP=0030:ffff800007fb3f00 env->regs[R_EAX]=0000000000000000
RAX=0000000000000000 RBX=0000000000000000 RCX=0000000000000007 RDX=000000000000004c
RSI=000000000000000a RDI=ffff800007fb3eee RBP=ffff800007fb3ff0 RSP=ffff800007fb3f00
R8 =0000000000ffffff R9 =0000000000000500 R10=0000000000000000 R11=0000000000000000
R12=0000000000000000 R13=0000000000000000 R14=0000000000000000 R15=0000000000000000
RIP=ffffffff8000281d RFL=00000246 [---Z-P-] CPL=0 II=0 A20=1 SMM=0 HLT=0
ES =0030 0000000000000000 00000000 00009300 DPL=0 DS   [-WA]
CS =0028 0000000000000000 00000000 00209b00 DPL=0 CS64 [-RA]
SS =0030 0000000000000000 00000000 00009300 DPL=0 DS   [-WA]
DS =0030 0000000000000000 00000000 00009300 DPL=0 DS   [-WA]
FS =0030 0000000000000000 00000000 00009300 DPL=0 DS   [-WA]
GS =0030 0000000000000000 00000000 00009300 DPL=0 DS   [-WA]
LDT=0000 0000000000000000 00000000 00008200 DPL=0 LDT
TR =0038 0000000000000000 00000000 00008900 DPL=0 TSS64-avl
GDT=     ffff800000018048 00000047
IDT=     ffffffff80007120 00000fff
CR0=80010011 CR2=0000000000000000 CR3=0000000007fa3000 CR4=00000020
DR0=0000000000000000 DR1=0000000000000000 DR2=0000000000000000 DR3=0000000000000000 
DR6=00000000ffff0ff0 DR7=0000000000000400
CCS=0000000000000044 CCD=0000000000000000 CCO=EFLAGS
EFER=0000000000000d00
Servicing hardware INT=0x20
   269: v=20 e=0000 i=0 cpl=0 IP=0028:ffffffff8000281d pc=ffffffff8000281d SP=0030:ffff800007fb3f00 env->regs[R_EAX]=0000000000000000
RAX=0000000000000000 RBX=0000000000000000 RCX=0000000000000007 RDX=000000000000004d
RSI=000000000000000a RDI=ffff800007fb3eee RBP=ffff800007fb3ff0 RSP=ffff800007fb3f00
R8 =0000000000ffffff R9 =0000000000000500 R10=0000000000000000 R11=0000000000000000
R12=0000000000000000 R13=0000000000000000 R14=0000000000000000 R15=0000000000000000
RIP=ffffffff8000281d RFL=00000246 [---Z-P-] CPL=0 II=0 A20=1 SMM=0 HLT=0
ES =0030 0000000000000000 00000000 00009300 DPL=0 DS   [-WA]
CS =0028 0000000000000000 00000000 00209b00 DPL=0 CS64 [-RA]
SS =0030 0000000000000000 00000000 00009300 DPL=0 DS   [-WA]
DS =0030 0000000000000000 00000000 00009300 DPL=0 DS   [-WA]
FS =0030 0000000000000000 00000000 00009300 DPL=0 DS   [-WA]
GS =0030 0000000000000000 00000000 00009300 DPL=0 DS   [-WA]
LDT=0000 0000000000000000 00000000 00008200 DPL=0 LDT
TR =0038 0000000000000000 00000000 00008900 DPL=0 TSS64-avl
GDT=     ffff800000018048 00000047
IDT=     ffffffff80007120 00000fff
CR0=80010011 CR2=0000000000000000 CR3=0000000007fa3000 CR4=00000020
DR0=0000000000000000 DR1=0000000000000000 DR2=0000000000000000 DR3=0000000000000000 
DR6=00000000ffff0ff0 DR7=0000000000000400
CCS=0000000000000044 CCD=0000000000000000 CCO=EFLAGS
EFER=0000000000000d00
Servicing hardware INT=0x21
   270: v=21 e=0000 i=0 cpl=0 IP=0028:ffffffff8000281d pc=ffffffff8000281d SP=0030:ffff800007fb3f00 env->regs[R_EAX]=0000000000000000
RAX=0000000000000000 RBX=0000000000000000 RCX=0000000000000007 RDX=000000000000004d
RSI=000000000000000a RDI=ffff800007fb3eee RBP=ffff800007fb3ff0 RSP=ffff800007fb3f00
R8 =0000000000ffffff R9 =0000000000000500 R10=0000000000000000 R11=0000000000000000
R12=0000000000000000 R13=0000000000000000 R14=0000000000000000 R15=0000000000000000
RIP=ffffffff8000281d RFL=00000246 [---Z-P-] CPL=0 II=0 A20=1 SMM=0 HLT=0
ES =0030 0000000000000000 00000000 00009300 DPL=0 DS   [-WA]
CS =0028 0000000000000000 00000000 00209b00 DPL=0 CS64 [-RA]
SS =0030 0000000000000000 00000000 00009300 DPL=0 DS   [-WA]
DS =0030 0000000000000000 00000000 00009300 DPL=0 DS   [-WA]
FS =0030 0000000000000000 00000000 00009300 DPL=0 DS   [-WA]
GS =0030 0000000000000000 00000000 00009300 DPL=0 DS   [-WA]
LDT=0000 0000000000000000 00000000 00008200 DPL=0 LDT
TR =0038 0000000000000000 00000000 00008900 DPL=0 TSS64-avl
GDT=     ffff800000018048 00000047
IDT=     ffffffff80007120 00000fff
CR0=80010011 CR2=0000000000000000 CR3=0000000007fa3000 CR4=00000020
DR0=0000000000000000 DR1=0000000000000000 DR2=0000000000000000 DR3=0000000000000000 
DR6=00000000ffff0ff0 DR7=0000000000000400
CCS=0000000000000044 CCD=0000000000000000 CCO=EFLAGS
EFER=0000000000000d00
Servicing hardware INT=0x21
   271: v=21 e=0000 i=0 cpl=0 IP=0028:ffffffff8000281d pc=ffffffff8000281d SP=0030:ffff800007fb3f00 env->regs[R_EAX]=0000000000000000
RAX=0000000000000000 RBX=0000000000000000 RCX=0000000000000007 RDX=000000000000004d
RSI=000000000000000a RDI=ffff800007fb3eee RBP=ffff800007fb3ff0 RSP=ffff800007fb3f00
R8 =0000000000ffffff R9 =0000000000000500 R10=0000000000000000 R11=0000000000000000
R12=0000000000000000 R13=0000000000000000 R14=0000000000000000 R15=0000000000000000
RIP=ffffffff8000281d RFL=00010246 [---Z-P-] CPL=0 II=0 A20=1 SMM=0 HLT=0
ES =0030 0000000000000000 00000000 00009300 DPL=0 DS   [-WA]
CS =0028 0000000000000000 00000000 00209b00 DPL=0 CS64 [-RA]
SS =0030 0000000000000000 00000000 00009300 DPL=0 DS   [-WA]
DS =0030 0000000000000000 00000000 00009300 DPL=0 DS   [-WA]
FS =0030 0000000000000000 00000000 00009300 DPL=0 DS   [-WA]
GS =0030 0000000000000000 00000000 00009300 DPL=0 DS   [-WA]
LDT=0000 0000000000000000 00000000 00008200 DPL=0 LDT
TR =0038 0000000000000000 00000000 00008900 DPL=0 TSS64-avl
GDT=     ffff800000018048 00000047
IDT=     ffffffff80007120 00000fff
CR0=80010011 CR2=0000000000000000 CR3=0000000007fa3000 CR4=00000020
DR0=0000000000000000 DR1=0000000000000000 DR2=0000000000000000 DR3=0000000000000000 
DR6=00000000ffff0ff0 DR7=0000000000000400
CCS=0000000000000044 CCD=ffff800007fb3ed8 CCO=EFLAGS
EFER=0000000000000d00
Servicing hardware INT=0x20
   272: v=20 e=0000 i=0 cpl=0 IP=0028:ffffffff8000281d pc=ffffffff8000281d SP=0030:ffff800007fb3f00 env->regs[R_EAX]=0000000000000000
RAX=0000000000000000 RBX=0000000000000000 RCX=0000000000000007 RDX=000000000000004f
RSI=000000000000000a RDI=ffff800007fb3eee RBP=ffff800007fb3ff0 RSP=ffff800007fb3f00
R8 =0000000000ffffff R9 =0000000000000500 R10=0000000000000000 R11=0000000000000000
R12=0000000000000000 R13=0000000000000000 R14=0000000000000000 R15=0000000000000000
RIP=ffffffff8000281d RFL=00000246 [---Z-P-] CPL=0 II=0 A20=1 SMM=0 HLT=0
ES =0030 0000000000000000 00000000 00009300 DPL=0 DS   [-WA]
CS =0028 0000000000000000 00000000 00209b00 DPL=0 CS64 [-RA]
SS =0030 0000000000000000 00000000 00009300 DPL=0 DS   [-WA]
DS =0030 0000000000000000 00000000 00009300 DPL=0 DS   [-WA]
FS =0030 0000000000000000 00000000 00009300 DPL=0 DS   [-WA]
GS =0030 0000000000000000 00000000 00009300 DPL=0 DS   [-WA]
LDT=0000 0000000000000000 00000000 00008200 DPL=0 LDT
TR =0038 0000000000000000 00000000 00008900 DPL=0 TSS64-avl
GDT=     ffff800000018048 00000047
IDT=     ffffffff80007120 00000fff
CR0=80010011 CR2=0000000000000000 CR3=0000000007fa3000 CR4=00000020
DR0=0000000000000000 DR1=0000000000000000 DR2=0000000000000000 DR3=0000000000000000 
DR6=00000000ffff0ff0 DR7=0000000000000400
CCS=0000000000000044 CCD=0000000000000000 CCO=EFLAGS
EFER=0000000000000d00
Servicing hardware INT=0x20
   273: v=20 e=0000 i=0 cpl=0 IP=0028:ffffffff8000281d pc=ffffffff8000281d SP=0030:ffff800007fb3f00 env->regs[R_EAX]=0000000000000000
RAX=0000000000000000 RBX=0000000000000000 RCX=0000000000000007 RDX=000000000000004f
RSI=000000000000000a RDI=ffff800007fb3eee RBP=ffff800007fb3ff0 RSP=ffff800007fb3f00
R8 =0000000000ffffff R9 =0000000000000500 R10=0000000000000000 R11=0000000000000000
R12=0000000000000000 R13=0000000000000000 R14=0000000000000000 R15=0000000000000000
RIP=ffffffff8000281d RFL=00000246 [---Z-P-] CPL=0 II=0 A20=1 SMM=0 HLT=0
ES =0030 0000000000000000 00000000 00009300 DPL=0 DS   [-WA]
CS =0028 0000000000000000 00000000 00209b00 DPL=0 CS64 [-RA]
SS =0030 0000000000000000 00000000 00009300 DPL=0 DS   [-WA]
DS =0030 0000000000000000 00000000 00009300 DPL=0 DS   [-WA]
FS =0030 0000000000000000 00000000 00009300 DPL=0 DS   [-WA]
GS =0030 0000000000000000 00000000 00009300 DPL=0 DS   [-WA]
LDT=0000 0000000000000000 00000000 00008200 DPL=0 LDT
TR =0038 0000000000000000 00000000 00008900 DPL=0 TSS64-avl
GDT=     ffff800000018048 00000047
IDT=     ffffffff80007120 00000fff
CR0=80010011 CR2=0000000000000000 CR3=0000000007fa3000 CR4=00000020
DR0=0000000000000000 DR1=0000000000000000 DR2=0000000000000000 DR3=0000000000000000 
DR6=00000000ffff0ff0 DR7=0000000000000400
CCS=0000000000000044 CCD=0000000000000000 CCO=EFLAGS
EFER=0000000000000d00
Servicing hardware INT=0x21
   274: v=21 e=0000 i=0 cpl=0 IP=0028:ffffffff8000281d pc=ffffffff8000281d SP=0030:ffff800007fb3f00 env->regs[R_EAX]=0000000000000000
RAX=0000000000000000 RBX=0000000000000000 RCX=0000000000000007 RDX=000000000000004f
RSI=000000000000000a RDI=ffff800007fb3eee RBP=ffff800007fb3ff0 RSP=ffff800007fb3f00
R8 =0000000000ffffff R9 =0000000000000500 R10=0000000000000000 R11=0000000000000000
R12=0000000000000000 R13=0000000000000000 R14=0000000000000000 R15=0000000000000000
RIP=ffffffff8000281d RFL=00000246 [---Z-P-] CPL=0 II=0 A20=1 SMM=0 HLT=0
ES =0030 0000000000000000 00000000 00009300 DPL=0 DS   [-WA]
CS =0028 0000000000000000 00000000 00209b00 DPL=0 CS64 [-RA]
SS =0030 0000000000000000 00000000 00009300 DPL=0 DS   [-WA]
DS =0030 0000000000000000 00000000 00009300 DPL=0 DS   [-WA]
FS =0030 0000000000000000 00000000 00009300 DPL=0 DS   [-WA]
GS =0030 0000000000000000 00000000 00009300 DPL=0 DS   [-WA]
LDT=0000 0000000000000000 00000000 00008200 DPL=0 LDT
TR =0038 0000000000000000 00000000 00008900 DPL=0 TSS64-avl
GDT=     ffff800000018048 00000047
IDT=     ffffffff80007120 00000fff
CR0=80010011 CR2=0000000000000000 CR3=0000000007fa3000 CR4=00000020
DR0=0000000000000000 DR1=0000000000000000 DR2=0000000000000000 DR3=0000000000000000 
DR6=00000000ffff0ff0 DR7=0000000000000400
CCS=0000000000000044 CCD=0000000000000000 CCO=EFLAGS
EFER=0000000000000d00
Servicing hardware INT=0x20
   275: v=20 e=0000 i=0 cpl=0 IP=0028:ffffffff8000281d pc=ffffffff8000281d SP=0030:ffff800007fb3f00 env->regs[R_EAX]=0000000000000000
RAX=0000000000000000 RBX=0000000000000000 RCX=0000000000000007 RDX=0000000000000050
RSI=000000000000000a RDI=ffff800007fb3eee RBP=ffff800007fb3ff0 RSP=ffff800007fb3f00
R8 =0000000000ffffff R9 =0000000000000500 R10=0000000000000000 R11=0000000000000000
R12=0000000000000000 R13=0000000000000000 R14=0000000000000000 R15=0000000000000000
RIP=ffffffff8000281d RFL=00000246 [---Z-P-] CPL=0 II=0 A20=1 SMM=0 HLT=0
ES =0030 0000000000000000 00000000 00009300 DPL=0 DS   [-WA]
CS =0028 0000000000000000 00000000 00209b00 DPL=0 CS64 [-RA]
SS =0030 0000000000000000 00000000 00009300 DPL=0 DS   [-WA]
DS =0030 0000000000000000 00000000 00009300 DPL=0 DS   [-WA]
FS =0030 0000000000000000 00000000 00009300 DPL=0 DS   [-WA]
GS =0030 0000000000000000 00000000 00009300 DPL=0 DS   [-WA]
LDT=0000 0000000000000000 00000000 00008200 DPL=0 LDT
TR =0038 0000000000000000 00000000 00008900 DPL=0 TSS64-avl
GDT=     ffff800000018048 00000047
IDT=     ffffffff80007120 00000fff
CR0=80010011 CR2=0000000000000000 CR3=0000000007fa3000 CR4=00000020
DR0=0000000000000000 DR1=0000000000000000 DR2=0000000000000000 DR3=0000000000000000 
DR6=00000000ffff0ff0 DR7=0000000000000400
CCS=0000000000000044 CCD=0000000000000000 CCO=EFLAGS
EFER=0000000000000d00
Servicing hardware INT=0x21
   276: v=21 e=0000 i=0 cpl=0 IP=0028:ffffffff8000281d pc=ffffffff8000281d SP=0030:ffff800007fb3f00 env->regs[R_EAX]=0000000000000000
RAX=0000000000000000 RBX=0000000000000000 RCX=0000000000000007 RDX=0000000000000050
RSI=000000000000000a RDI=ffff800007fb3eee RBP=ffff800007fb3ff0 RSP=ffff800007fb3f00
R8 =0000000000ffffff R9 =0000000000000500 R10=0000000000000000 R11=0000000000000000
R12=0000000000000000 R13=0000000000000000 R14=0000000000000000 R15=0000000000000000
RIP=ffffffff8000281d RFL=00000246 [---Z-P-] CPL=0 II=0 A20=1 SMM=0 HLT=0
ES =0030 0000000000000000 00000000 00009300 DPL=0 DS   [-WA]
CS =0028 0000000000000000 00000000 00209b00 DPL=0 CS64 [-RA]
SS =0030 0000000000000000 00000000 00009300 DPL=0 DS   [-WA]
DS =0030 0000000000000000 00000000 00009300 DPL=0 DS   [-WA]
FS =0030 0000000000000000 00000000 00009300 DPL=0 DS   [-WA]
GS =0030 0000000000000000 00000000 00009300 DPL=0 DS   [-WA]
LDT=0000 0000000000000000 00000000 00008200 DPL=0 LDT
TR =0038 0000000000000000 00000000 00008900 DPL=0 TSS64-avl
GDT=     ffff800000018048 00000047
IDT=     ffffffff80007120 00000fff
CR0=80010011 CR2=0000000000000000 CR3=0000000007fa3000 CR4=00000020
DR0=0000000000000000 DR1=0000000000000000 DR2=0000000000000000 DR3=0000000000000000 
DR6=00000000ffff0ff0 DR7=0000000000000400
CCS=0000000000000044 CCD=0000000000000000 CCO=EFLAGS
EFER=0000000000000d00
Servicing hardware INT=0x21
   277: v=21 e=0000 i=0 cpl=0 IP=0028:ffffffff8000281d pc=ffffffff8000281d SP=0030:ffff800007fb3f00 env->regs[R_EAX]=0000000000000000
RAX=0000000000000000 RBX=0000000000000000 RCX=0000000000000007 RDX=0000000000000050
RSI=000000000000000a RDI=ffff800007fb3eee RBP=ffff800007fb3ff0 RSP=ffff800007fb3f00
R8 =0000000000ffffff R9 =0000000000000500 R10=0000000000000000 R11=0000000000000000
R12=0000000000000000 R13=0000000000000000 R14=0000000000000000 R15=0000000000000000
RIP=ffffffff8000281d RFL=00010246 [---Z-P-] CPL=0 II=0 A20=1 SMM=0 HLT=0
ES =0030 0000000000000000 00000000 00009300 DPL=0 DS   [-WA]
CS =0028 0000000000000000 00000000 00209b00 DPL=0 CS64 [-RA]
SS =0030 0000000000000000 00000000 00009300 DPL=0 DS   [-WA]
DS =0030 0000000000000000 00000000 00009300 DPL=0 DS   [-WA]
FS =0030 0000000000000000 00000000 00009300 DPL=0 DS   [-WA]
GS =0030 0000000000000000 00000000 00009300 DPL=0 DS   [-WA]
LDT=0000 0000000000000000 00000000 00008200 DPL=0 LDT
TR =0038 0000000000000000 00000000 00008900 DPL=0 TSS64-avl
GDT=     ffff800000018048 00000047
IDT=     ffffffff80007120 00000fff
CR0=80010011 CR2=0000000000000000 CR3=0000000007fa3000 CR4=00000020
DR0=0000000000000000 DR1=0000000000000000 DR2=0000000000000000 DR3=0000000000000000 
DR6=00000000ffff0ff0 DR7=0000000000000400
CCS=0000000000000044 CCD=ffff800007fb3ed8 CCO=EFLAGS
EFER=0000000000000d00
Servicing hardware INT=0x20
   278: v=20 e=0000 i=0 cpl=0 IP=0028:ffffffff8000281d pc=ffffffff8000281d SP=0030:ffff800007fb3f00 env->regs[R_EAX]=0000000000000000
RAX=0000000000000000 RBX=0000000000000000 RCX=0000000000000007 RDX=0000000000000052
RSI=000000000000000a RDI=ffff800007fb3eee RBP=ffff800007fb3ff0 RSP=ffff800007fb3f00
R8 =0000000000ffffff R9 =0000000000000500 R10=0000000000000000 R11=0000000000000000
R12=0000000000000000 R13=0000000000000000 R14=0000000000000000 R15=0000000000000000
RIP=ffffffff8000281d RFL=00000246 [---Z-P-] CPL=0 II=0 A20=1 SMM=0 HLT=0
ES =0030 0000000000000000 00000000 00009300 DPL=0 DS   [-WA]
CS =0028 0000000000000000 00000000 00209b00 DPL=0 CS64 [-RA]
SS =0030 0000000000000000 00000000 00009300 DPL=0 DS   [-WA]
DS =0030 0000000000000000 00000000 00009300 DPL=0 DS   [-WA]
FS =0030 0000000000000000 00000000 00009300 DPL=0 DS   [-WA]
GS =0030 0000000000000000 00000000 00009300 DPL=0 DS   [-WA]
LDT=0000 0000000000000000 00000000 00008200 DPL=0 LDT
TR =0038 0000000000000000 00000000 00008900 DPL=0 TSS64-avl
GDT=     ffff800000018048 00000047
IDT=     ffffffff80007120 00000fff
CR0=80010011 CR2=0000000000000000 CR3=0000000007fa3000 CR4=00000020
DR0=0000000000000000 DR1=0000000000000000 DR2=0000000000000000 DR3=0000000000000000 
DR6=00000000ffff0ff0 DR7=0000000000000400
CCS=0000000000000044 CCD=0000000000000000 CCO=EFLAGS
EFER=0000000000000d00
Servicing hardware INT=0x20
   279: v=20 e=0000 i=0 cpl=0 IP=0028:ffffffff8000281d pc=ffffffff8000281d SP=0030:ffff800007fb3f00 env->regs[R_EAX]=0000000000000000
RAX=0000000000000000 RBX=0000000000000000 RCX=0000000000000007 RDX=0000000000000052
RSI=000000000000000a RDI=ffff800007fb3eee RBP=ffff800007fb3ff0 RSP=ffff800007fb3f00
R8 =0000000000ffffff R9 =0000000000000500 R10=0000000000000000 R11=0000000000000000
R12=0000000000000000 R13=0000000000000000 R14=0000000000000000 R15=0000000000000000
RIP=ffffffff8000281d RFL=00000246 [---Z-P-] CPL=0 II=0 A20=1 SMM=0 HLT=0
ES =0030 0000000000000000 00000000 00009300 DPL=0 DS   [-WA]
CS =0028 0000000000000000 00000000 00209b00 DPL=0 CS64 [-RA]
SS =0030 0000000000000000 00000000 00009300 DPL=0 DS   [-WA]
DS =0030 0000000000000000 00000000 00009300 DPL=0 DS   [-WA]
FS =0030 0000000000000000 00000000 00009300 DPL=0 DS   [-WA]
GS =0030 0000000000000000 00000000 00009300 DPL=0 DS   [-WA]
LDT=0000 0000000000000000 00000000 00008200 DPL=0 LDT
TR =0038 0000000000000000 00000000 00008900 DPL=0 TSS64-avl
GDT=     ffff800000018048 00000047
IDT=     ffffffff80007120 00000fff
CR0=80010011 CR2=0000000000000000 CR3=0000000007fa3000 CR4=00000020
DR0=0000000000000000 DR1=0000000000000000 DR2=0000000000000000 DR3=0000000000000000 
DR6=00000000ffff0ff0 DR7=0000000000000400
CCS=0000000000000044 CCD=0000000000000000 CCO=EFLAGS
EFER=0000000000000d00
Servicing hardware INT=0x20
   280: v=20 e=0000 i=0 cpl=0 IP=0028:ffffffff8000281d pc=ffffffff8000281d SP=0030:ffff800007fb3f00 env->regs[R_EAX]=0000000000000000
RAX=0000000000000000 RBX=0000000000000000 RCX=0000000000000007 RDX=0000000000000052
RSI=000000000000000a RDI=ffff800007fb3eee RBP=ffff800007fb3ff0 RSP=ffff800007fb3f00
R8 =0000000000ffffff R9 =0000000000000500 R10=0000000000000000 R11=0000000000000000
R12=0000000000000000 R13=0000000000000000 R14=0000000000000000 R15=0000000000000000
RIP=ffffffff8000281d RFL=00000246 [---Z-P-] CPL=0 II=0 A20=1 SMM=0 HLT=0
ES =0030 0000000000000000 00000000 00009300 DPL=0 DS   [-WA]
CS =0028 0000000000000000 00000000 00209b00 DPL=0 CS64 [-RA]
SS =0030 0000000000000000 00000000 00009300 DPL=0 DS   [-WA]
DS =0030 0000000000000000 00000000 00009300 DPL=0 DS   [-WA]
FS =0030 0000000000000000 00000000 00009300 DPL=0 DS   [-WA]
GS =0030 0000000000000000 00000000 00009300 DPL=0 DS   [-WA]
LDT=0000 0000000000000000 00000000 00008200 DPL=0 LDT
TR =0038 0000000000000000 00000000 00008900 DPL=0 TSS64-avl
GDT=     ffff800000018048 00000047
IDT=     ffffffff80007120 00000fff
CR0=80010011 CR2=0000000000000000 CR3=0000000007fa3000 CR4=00000020
DR0=0000000000000000 DR1=0000000000000000 DR2=0000000000000000 DR3=0000000000000000 
DR6=00000000ffff0ff0 DR7=0000000000000400
CCS=0000000000000044 CCD=0000000000000000 CCO=EFLAGS
EFER=0000000000000d00
Servicing hardware INT=0x21
   281: v=21 e=0000 i=0 cpl=0 IP=0028:ffffffff8000281d pc=ffffffff8000281d SP=0030:ffff800007fb3f00 env->regs[R_EAX]=0000000000000000
RAX=0000000000000000 RBX=0000000000000000 RCX=0000000000000007 RDX=0000000000000052
RSI=000000000000000a RDI=ffff800007fb3eee RBP=ffff800007fb3ff0 RSP=ffff800007fb3f00
R8 =0000000000ffffff R9 =0000000000000500 R10=0000000000000000 R11=0000000000000000
R12=0000000000000000 R13=0000000000000000 R14=0000000000000000 R15=0000000000000000
RIP=ffffffff8000281d RFL=00000246 [---Z-P-] CPL=0 II=0 A20=1 SMM=0 HLT=0
ES =0030 0000000000000000 00000000 00009300 DPL=0 DS   [-WA]
CS =0028 0000000000000000 00000000 00209b00 DPL=0 CS64 [-RA]
SS =0030 0000000000000000 00000000 00009300 DPL=0 DS   [-WA]
DS =0030 0000000000000000 00000000 00009300 DPL=0 DS   [-WA]
FS =0030 0000000000000000 00000000 00009300 DPL=0 DS   [-WA]
GS =0030 0000000000000000 00000000 00009300 DPL=0 DS   [-WA]
LDT=0000 0000000000000000 00000000 00008200 DPL=0 LDT
TR =0038 0000000000000000 00000000 00008900 DPL=0 TSS64-avl
GDT=     ffff800000018048 00000047
IDT=     ffffffff80007120 00000fff
CR0=80010011 CR2=0000000000000000 CR3=0000000007fa3000 CR4=00000020
DR0=0000000000000000 DR1=0000000000000000 DR2=0000000000000000 DR3=0000000000000000 
DR6=00000000ffff0ff0 DR7=0000000000000400
CCS=0000000000000044 CCD=0000000000000000 CCO=EFLAGS
EFER=0000000000000d00
Servicing hardware INT=0x20
   282: v=20 e=0000 i=0 cpl=0 IP=0028:ffffffff8000281d pc=ffffffff8000281d SP=0030:ffff800007fb3f00 env->regs[R_EAX]=0000000000000000
RAX=0000000000000000 RBX=0000000000000000 RCX=0000000000000007 RDX=0000000000000053
RSI=000000000000000a RDI=ffff800007fb3eee RBP=ffff800007fb3ff0 RSP=ffff800007fb3f00
R8 =0000000000ffffff R9 =0000000000000500 R10=0000000000000000 R11=0000000000000000
R12=0000000000000000 R13=0000000000000000 R14=0000000000000000 R15=0000000000000000
RIP=ffffffff8000281d RFL=00000246 [---Z-P-] CPL=0 II=0 A20=1 SMM=0 HLT=0
ES =0030 0000000000000000 00000000 00009300 DPL=0 DS   [-WA]
CS =0028 0000000000000000 00000000 00209b00 DPL=0 CS64 [-RA]
SS =0030 0000000000000000 00000000 00009300 DPL=0 DS   [-WA]
DS =0030 0000000000000000 00000000 00009300 DPL=0 DS   [-WA]
FS =0030 0000000000000000 00000000 00009300 DPL=0 DS   [-WA]
GS =0030 0000000000000000 00000000 00009300 DPL=0 DS   [-WA]
LDT=0000 0000000000000000 00000000 00008200 DPL=0 LDT
TR =0038 0000000000000000 00000000 00008900 DPL=0 TSS64-avl
GDT=     ffff800000018048 00000047
IDT=     ffffffff80007120 00000fff
CR0=80010011 CR2=0000000000000000 CR3=0000000007fa3000 CR4=00000020
DR0=0000000000000000 DR1=0000000000000000 DR2=0000000000000000 DR3=0000000000000000 
DR6=00000000ffff0ff0 DR7=0000000000000400
CCS=0000000000000044 CCD=0000000000000000 CCO=EFLAGS
EFER=0000000000000d00
Servicing hardware INT=0x21
   283: v=21 e=0000 i=0 cpl=0 IP=0028:ffffffff8000281d pc=ffffffff8000281d SP=0030:ffff800007fb3f00 env->regs[R_EAX]=0000000000000000
RAX=0000000000000000 RBX=0000000000000000 RCX=0000000000000007 RDX=0000000000000053
RSI=000000000000000a RDI=ffff800007fb3eee RBP=ffff800007fb3ff0 RSP=ffff800007fb3f00
R8 =0000000000ffffff R9 =0000000000000500 R10=0000000000000000 R11=0000000000000000
R12=0000000000000000 R13=0000000000000000 R14=0000000000000000 R15=0000000000000000
RIP=ffffffff8000281d RFL=00000246 [---Z-P-] CPL=0 II=0 A20=1 SMM=0 HLT=0
ES =0030 0000000000000000 00000000 00009300 DPL=0 DS   [-WA]
CS =0028 0000000000000000 00000000 00209b00 DPL=0 CS64 [-RA]
SS =0030 0000000000000000 00000000 00009300 DPL=0 DS   [-WA]
DS =0030 0000000000000000 00000000 00009300 DPL=0 DS   [-WA]
FS =0030 0000000000000000 00000000 00009300 DPL=0 DS   [-WA]
GS =0030 0000000000000000 00000000 00009300 DPL=0 DS   [-WA]
LDT=0000 0000000000000000 00000000 00008200 DPL=0 LDT
TR =0038 0000000000000000 00000000 00008900 DPL=0 TSS64-avl
GDT=     ffff800000018048 00000047
IDT=     ffffffff80007120 00000fff
CR0=80010011 CR2=0000000000000000 CR3=0000000007fa3000 CR4=00000020
DR0=0000000000000000 DR1=0000000000000000 DR2=0000000000000000 DR3=0000000000000000 
DR6=00000000ffff0ff0 DR7=0000000000000400
CCS=0000000000000044 CCD=0000000000000000 CCO=EFLAGS
EFER=0000000000000d00
Servicing hardware INT=0x21
   284: v=21 e=0000 i=0 cpl=0 IP=0028:ffffffff8000281d pc=ffffffff8000281d SP=0030:ffff800007fb3f00 env->regs[R_EAX]=0000000000000000
RAX=0000000000000000 RBX=0000000000000000 RCX=0000000000000007 RDX=0000000000000053
RSI=000000000000000a RDI=ffff800007fb3eee RBP=ffff800007fb3ff0 RSP=ffff800007fb3f00
R8 =0000000000ffffff R9 =0000000000000500 R10=0000000000000000 R11=0000000000000000
R12=0000000000000000 R13=0000000000000000 R14=0000000000000000 R15=0000000000000000
RIP=ffffffff8000281d RFL=00010246 [---Z-P-] CPL=0 II=0 A20=1 SMM=0 HLT=0
ES =0030 0000000000000000 00000000 00009300 DPL=0 DS   [-WA]
CS =0028 0000000000000000 00000000 00209b00 DPL=0 CS64 [-RA]
SS =0030 0000000000000000 00000000 00009300 DPL=0 DS   [-WA]
DS =0030 0000000000000000 00000000 00009300 DPL=0 DS   [-WA]
FS =0030 0000000000000000 00000000 00009300 DPL=0 DS   [-WA]
GS =0030 0000000000000000 00000000 00009300 DPL=0 DS   [-WA]
LDT=0000 0000000000000000 00000000 00008200 DPL=0 LDT
TR =0038 0000000000000000 00000000 00008900 DPL=0 TSS64-avl
GDT=     ffff800000018048 00000047
IDT=     ffffffff80007120 00000fff
CR0=80010011 CR2=0000000000000000 CR3=0000000007fa3000 CR4=00000020
DR0=0000000000000000 DR1=0000000000000000 DR2=0000000000000000 DR3=0000000000000000 
DR6=00000000ffff0ff0 DR7=0000000000000400
CCS=0000000000000044 CCD=ffff800007fb3ed8 CCO=EFLAGS
EFER=0000000000000d00
Servicing hardware INT=0x20
   285: v=20 e=0000 i=0 cpl=0 IP=0028:ffffffff8000281d pc=ffffffff8000281d SP=0030:ffff800007fb3f00 env->regs[R_EAX]=0000000000000000
RAX=0000000000000000 RBX=0000000000000000 RCX=0000000000000007 RDX=0000000000000055
RSI=000000000000000a RDI=ffff800007fb3eee RBP=ffff800007fb3ff0 RSP=ffff800007fb3f00
R8 =0000000000ffffff R9 =0000000000000500 R10=0000000000000000 R11=0000000000000000
R12=0000000000000000 R13=0000000000000000 R14=0000000000000000 R15=0000000000000000
RIP=ffffffff8000281d RFL=00000246 [---Z-P-] CPL=0 II=0 A20=1 SMM=0 HLT=0
ES =0030 0000000000000000 00000000 00009300 DPL=0 DS   [-WA]
CS =0028 0000000000000000 00000000 00209b00 DPL=0 CS64 [-RA]
SS =0030 0000000000000000 00000000 00009300 DPL=0 DS   [-WA]
DS =0030 0000000000000000 00000000 00009300 DPL=0 DS   [-WA]
FS =0030 0000000000000000 00000000 00009300 DPL=0 DS   [-WA]
GS =0030 0000000000000000 00000000 00009300 DPL=0 DS   [-WA]
LDT=0000 0000000000000000 00000000 00008200 DPL=0 LDT
TR =0038 0000000000000000 00000000 00008900 DPL=0 TSS64-avl
GDT=     ffff800000018048 00000047
IDT=     ffffffff80007120 00000fff
CR0=80010011 CR2=0000000000000000 CR3=0000000007fa3000 CR4=00000020
DR0=0000000000000000 DR1=0000000000000000 DR2=0000000000000000 DR3=0000000000000000 
DR6=00000000ffff0ff0 DR7=0000000000000400
CCS=0000000000000044 CCD=0000000000000000 CCO=EFLAGS
EFER=0000000000000d00
Servicing hardware INT=0x20
   286: v=20 e=0000 i=0 cpl=0 IP=0028:ffffffff8000281d pc=ffffffff8000281d SP=0030:ffff800007fb3f00 env->regs[R_EAX]=0000000000000000
RAX=0000000000000000 RBX=0000000000000000 RCX=0000000000000007 RDX=0000000000000055
RSI=000000000000000a RDI=ffff800007fb3eee RBP=ffff800007fb3ff0 RSP=ffff800007fb3f00
R8 =0000000000ffffff R9 =0000000000000500 R10=0000000000000000 R11=0000000000000000
R12=0000000000000000 R13=0000000000000000 R14=0000000000000000 R15=0000000000000000
RIP=ffffffff8000281d RFL=00000246 [---Z-P-] CPL=0 II=0 A20=1 SMM=0 HLT=0
ES =0030 0000000000000000 00000000 00009300 DPL=0 DS   [-WA]
CS =0028 0000000000000000 00000000 00209b00 DPL=0 CS64 [-RA]
SS =0030 0000000000000000 00000000 00009300 DPL=0 DS   [-WA]
DS =0030 0000000000000000 00000000 00009300 DPL=0 DS   [-WA]
FS =0030 0000000000000000 00000000 00009300 DPL=0 DS   [-WA]
GS =0030 0000000000000000 00000000 00009300 DPL=0 DS   [-WA]
LDT=0000 0000000000000000 00000000 00008200 DPL=0 LDT
TR =0038 0000000000000000 00000000 00008900 DPL=0 TSS64-avl
GDT=     ffff800000018048 00000047
IDT=     ffffffff80007120 00000fff
CR0=80010011 CR2=0000000000000000 CR3=0000000007fa3000 CR4=00000020
DR0=0000000000000000 DR1=0000000000000000 DR2=0000000000000000 DR3=0000000000000000 
DR6=00000000ffff0ff0 DR7=0000000000000400
CCS=0000000000000044 CCD=0000000000000000 CCO=EFLAGS
EFER=0000000000000d00
Servicing hardware INT=0x20
   287: v=20 e=0000 i=0 cpl=0 IP=0028:ffffffff8000281d pc=ffffffff8000281d SP=0030:ffff800007fb3f00 env->regs[R_EAX]=0000000000000000
RAX=0000000000000000 RBX=0000000000000000 RCX=0000000000000007 RDX=0000000000000055
RSI=000000000000000a RDI=ffff800007fb3eee RBP=ffff800007fb3ff0 RSP=ffff800007fb3f00
R8 =0000000000ffffff R9 =0000000000000500 R10=0000000000000000 R11=0000000000000000
R12=0000000000000000 R13=0000000000000000 R14=0000000000000000 R15=0000000000000000
RIP=ffffffff8000281d RFL=00000246 [---Z-P-] CPL=0 II=0 A20=1 SMM=0 HLT=0
ES =0030 0000000000000000 00000000 00009300 DPL=0 DS   [-WA]
CS =0028 0000000000000000 00000000 00209b00 DPL=0 CS64 [-RA]
SS =0030 0000000000000000 00000000 00009300 DPL=0 DS   [-WA]
DS =0030 0000000000000000 00000000 00009300 DPL=0 DS   [-WA]
FS =0030 0000000000000000 00000000 00009300 DPL=0 DS   [-WA]
GS =0030 0000000000000000 00000000 00009300 DPL=0 DS   [-WA]
LDT=0000 0000000000000000 00000000 00008200 DPL=0 LDT
TR =0038 0000000000000000 00000000 00008900 DPL=0 TSS64-avl
GDT=     ffff800000018048 00000047
IDT=     ffffffff80007120 00000fff
CR0=80010011 CR2=0000000000000000 CR3=0000000007fa3000 CR4=00000020
DR0=0000000000000000 DR1=0000000000000000 DR2=0000000000000000 DR3=0000000000000000 
DR6=00000000ffff0ff0 DR7=0000000000000400
CCS=0000000000000044 CCD=0000000000000000 CCO=EFLAGS
EFER=0000000000000d00
Servicing hardware INT=0x20
   288: v=20 e=0000 i=0 cpl=0 IP=0028:ffffffff8000281d pc=ffffffff8000281d SP=0030:ffff800007fb3f00 env->regs[R_EAX]=0000000000000000
RAX=0000000000000000 RBX=0000000000000000 RCX=0000000000000007 RDX=0000000000000055
RSI=000000000000000a RDI=ffff800007fb3eee RBP=ffff800007fb3ff0 RSP=ffff800007fb3f00
R8 =0000000000ffffff R9 =0000000000000500 R10=0000000000000000 R11=0000000000000000
R12=0000000000000000 R13=0000000000000000 R14=0000000000000000 R15=0000000000000000
RIP=ffffffff8000281d RFL=00000246 [---Z-P-] CPL=0 II=0 A20=1 SMM=0 HLT=0
ES =0030 0000000000000000 00000000 00009300 DPL=0 DS   [-WA]
CS =0028 0000000000000000 00000000 00209b00 DPL=0 CS64 [-RA]
SS =0030 0000000000000000 00000000 00009300 DPL=0 DS   [-WA]
DS =0030 0000000000000000 00000000 00009300 DPL=0 DS   [-WA]
FS =0030 0000000000000000 00000000 00009300 DPL=0 DS   [-WA]
GS =0030 0000000000000000 00000000 00009300 DPL=0 DS   [-WA]
LDT=0000 0000000000000000 00000000 00008200 DPL=0 LDT
TR =0038 0000000000000000 00000000 00008900 DPL=0 TSS64-avl
GDT=     ffff800000018048 00000047
IDT=     ffffffff80007120 00000fff
CR0=80010011 CR2=0000000000000000 CR3=0000000007fa3000 CR4=00000020
DR0=0000000000000000 DR1=0000000000000000 DR2=0000000000000000 DR3=0000000000000000 
DR6=00000000ffff0ff0 DR7=0000000000000400
CCS=0000000000000044 CCD=0000000000000000 CCO=EFLAGS
EFER=0000000000000d00
Servicing hardware INT=0x20
   289: v=20 e=0000 i=0 cpl=0 IP=0028:ffffffff8000281d pc=ffffffff8000281d SP=0030:ffff800007fb3f00 env->regs[R_EAX]=0000000000000000
RAX=0000000000000000 RBX=0000000000000000 RCX=0000000000000007 RDX=0000000000000055
RSI=000000000000000a RDI=ffff800007fb3eee RBP=ffff800007fb3ff0 RSP=ffff800007fb3f00
R8 =0000000000ffffff R9 =0000000000000500 R10=0000000000000000 R11=0000000000000000
R12=0000000000000000 R13=0000000000000000 R14=0000000000000000 R15=0000000000000000
RIP=ffffffff8000281d RFL=00000246 [---Z-P-] CPL=0 II=0 A20=1 SMM=0 HLT=0
ES =0030 0000000000000000 00000000 00009300 DPL=0 DS   [-WA]
CS =0028 0000000000000000 00000000 00209b00 DPL=0 CS64 [-RA]
SS =0030 0000000000000000 00000000 00009300 DPL=0 DS   [-WA]
DS =0030 0000000000000000 00000000 00009300 DPL=0 DS   [-WA]
FS =0030 0000000000000000 00000000 00009300 DPL=0 DS   [-WA]
GS =0030 0000000000000000 00000000 00009300 DPL=0 DS   [-WA]
LDT=0000 0000000000000000 00000000 00008200 DPL=0 LDT
TR =0038 0000000000000000 00000000 00008900 DPL=0 TSS64-avl
GDT=     ffff800000018048 00000047
IDT=     ffffffff80007120 00000fff
CR0=80010011 CR2=0000000000000000 CR3=0000000007fa3000 CR4=00000020
DR0=0000000000000000 DR1=0000000000000000 DR2=0000000000000000 DR3=0000000000000000 
DR6=00000000ffff0ff0 DR7=0000000000000400
CCS=0000000000000044 CCD=0000000000000000 CCO=EFLAGS
EFER=0000000000000d00
Servicing hardware INT=0x20
   290: v=20 e=0000 i=0 cpl=0 IP=0028:ffffffff8000281d pc=ffffffff8000281d SP=0030:ffff800007fb3f00 env->regs[R_EAX]=0000000000000000
RAX=0000000000000000 RBX=0000000000000000 RCX=0000000000000007 RDX=0000000000000055
RSI=000000000000000a RDI=ffff800007fb3eee RBP=ffff800007fb3ff0 RSP=ffff800007fb3f00
R8 =0000000000ffffff R9 =0000000000000500 R10=0000000000000000 R11=0000000000000000
R12=0000000000000000 R13=0000000000000000 R14=0000000000000000 R15=0000000000000000
RIP=ffffffff8000281d RFL=00000246 [---Z-P-] CPL=0 II=0 A20=1 SMM=0 HLT=0
ES =0030 0000000000000000 00000000 00009300 DPL=0 DS   [-WA]
CS =0028 0000000000000000 00000000 00209b00 DPL=0 CS64 [-RA]
SS =0030 0000000000000000 00000000 00009300 DPL=0 DS   [-WA]
DS =0030 0000000000000000 00000000 00009300 DPL=0 DS   [-WA]
FS =0030 0000000000000000 00000000 00009300 DPL=0 DS   [-WA]
GS =0030 0000000000000000 00000000 00009300 DPL=0 DS   [-WA]
LDT=0000 0000000000000000 00000000 00008200 DPL=0 LDT
TR =0038 0000000000000000 00000000 00008900 DPL=0 TSS64-avl
GDT=     ffff800000018048 00000047
IDT=     ffffffff80007120 00000fff
CR0=80010011 CR2=0000000000000000 CR3=0000000007fa3000 CR4=00000020
DR0=0000000000000000 DR1=0000000000000000 DR2=0000000000000000 DR3=0000000000000000 
DR6=00000000ffff0ff0 DR7=0000000000000400
CCS=0000000000000044 CCD=0000000000000000 CCO=EFLAGS
EFER=0000000000000d00
Servicing hardware INT=0x20
   291: v=20 e=0000 i=0 cpl=0 IP=0028:ffffffff8000281d pc=ffffffff8000281d SP=0030:ffff800007fb3f00 env->regs[R_EAX]=0000000000000000
RAX=0000000000000000 RBX=0000000000000000 RCX=0000000000000007 RDX=0000000000000055
RSI=000000000000000a RDI=ffff800007fb3eee RBP=ffff800007fb3ff0 RSP=ffff800007fb3f00
R8 =0000000000ffffff R9 =0000000000000500 R10=0000000000000000 R11=0000000000000000
R12=0000000000000000 R13=0000000000000000 R14=0000000000000000 R15=0000000000000000
RIP=ffffffff8000281d RFL=00000246 [---Z-P-] CPL=0 II=0 A20=1 SMM=0 HLT=0
ES =0030 0000000000000000 00000000 00009300 DPL=0 DS   [-WA]
CS =0028 0000000000000000 00000000 00209b00 DPL=0 CS64 [-RA]
SS =0030 0000000000000000 00000000 00009300 DPL=0 DS   [-WA]
DS =0030 0000000000000000 00000000 00009300 DPL=0 DS   [-WA]
FS =0030 0000000000000000 00000000 00009300 DPL=0 DS   [-WA]
GS =0030 0000000000000000 00000000 00009300 DPL=0 DS   [-WA]
LDT=0000 0000000000000000 00000000 00008200 DPL=0 LDT
TR =0038 0000000000000000 00000000 00008900 DPL=0 TSS64-avl
GDT=     ffff800000018048 00000047
IDT=     ffffffff80007120 00000fff
CR0=80010011 CR2=0000000000000000 CR3=0000000007fa3000 CR4=00000020
DR0=0000000000000000 DR1=0000000000000000 DR2=0000000000000000 DR3=0000000000000000 
DR6=00000000ffff0ff0 DR7=0000000000000400
CCS=0000000000000044 CCD=0000000000000000 CCO=EFLAGS
EFER=0000000000000d00
Servicing hardware INT=0x20
   292: v=20 e=0000 i=0 cpl=0 IP=0028:ffffffff8000281d pc=ffffffff8000281d SP=0030:ffff800007fb3f00 env->regs[R_EAX]=0000000000000000
RAX=0000000000000000 RBX=0000000000000000 RCX=0000000000000007 RDX=0000000000000055
RSI=000000000000000a RDI=ffff800007fb3eee RBP=ffff800007fb3ff0 RSP=ffff800007fb3f00
R8 =0000000000ffffff R9 =0000000000000500 R10=0000000000000000 R11=0000000000000000
R12=0000000000000000 R13=0000000000000000 R14=0000000000000000 R15=0000000000000000
RIP=ffffffff8000281d RFL=00000246 [---Z-P-] CPL=0 II=0 A20=1 SMM=0 HLT=0
ES =0030 0000000000000000 00000000 00009300 DPL=0 DS   [-WA]
CS =0028 0000000000000000 00000000 00209b00 DPL=0 CS64 [-RA]
SS =0030 0000000000000000 00000000 00009300 DPL=0 DS   [-WA]
DS =0030 0000000000000000 00000000 00009300 DPL=0 DS   [-WA]
FS =0030 0000000000000000 00000000 00009300 DPL=0 DS   [-WA]
GS =0030 0000000000000000 00000000 00009300 DPL=0 DS   [-WA]
LDT=0000 0000000000000000 00000000 00008200 DPL=0 LDT
TR =0038 0000000000000000 00000000 00008900 DPL=0 TSS64-avl
GDT=     ffff800000018048 00000047
IDT=     ffffffff80007120 00000fff
CR0=80010011 CR2=0000000000000000 CR3=0000000007fa3000 CR4=00000020
DR0=0000000000000000 DR1=0000000000000000 DR2=0000000000000000 DR3=0000000000000000 
DR6=00000000ffff0ff0 DR7=0000000000000400
CCS=0000000000000044 CCD=0000000000000000 CCO=EFLAGS
EFER=0000000000000d00
Servicing hardware INT=0x20
   293: v=20 e=0000 i=0 cpl=0 IP=0028:ffffffff8000281d pc=ffffffff8000281d SP=0030:ffff800007fb3f00 env->regs[R_EAX]=0000000000000000
RAX=0000000000000000 RBX=0000000000000000 RCX=0000000000000007 RDX=0000000000000055
RSI=000000000000000a RDI=ffff800007fb3eee RBP=ffff800007fb3ff0 RSP=ffff800007fb3f00
R8 =0000000000ffffff R9 =0000000000000500 R10=0000000000000000 R11=0000000000000000
R12=0000000000000000 R13=0000000000000000 R14=0000000000000000 R15=0000000000000000
RIP=ffffffff8000281d RFL=00000246 [---Z-P-] CPL=0 II=0 A20=1 SMM=0 HLT=0
ES =0030 0000000000000000 00000000 00009300 DPL=0 DS   [-WA]
CS =0028 0000000000000000 00000000 00209b00 DPL=0 CS64 [-RA]
SS =0030 0000000000000000 00000000 00009300 DPL=0 DS   [-WA]
DS =0030 0000000000000000 00000000 00009300 DPL=0 DS   [-WA]
FS =0030 0000000000000000 00000000 00009300 DPL=0 DS   [-WA]
GS =0030 0000000000000000 00000000 00009300 DPL=0 DS   [-WA]
LDT=0000 0000000000000000 00000000 00008200 DPL=0 LDT
TR =0038 0000000000000000 00000000 00008900 DPL=0 TSS64-avl
GDT=     ffff800000018048 00000047
IDT=     ffffffff80007120 00000fff
CR0=80010011 CR2=0000000000000000 CR3=0000000007fa3000 CR4=00000020
DR0=0000000000000000 DR1=0000000000000000 DR2=0000000000000000 DR3=0000000000000000 
DR6=00000000ffff0ff0 DR7=0000000000000400
CCS=0000000000000044 CCD=0000000000000000 CCO=EFLAGS
EFER=0000000000000d00
Servicing hardware INT=0x20
   294: v=20 e=0000 i=0 cpl=0 IP=0028:ffffffff8000281d pc=ffffffff8000281d SP=0030:ffff800007fb3f00 env->regs[R_EAX]=0000000000000000
RAX=0000000000000000 RBX=0000000000000000 RCX=0000000000000007 RDX=0000000000000055
RSI=000000000000000a RDI=ffff800007fb3eee RBP=ffff800007fb3ff0 RSP=ffff800007fb3f00
R8 =0000000000ffffff R9 =0000000000000500 R10=0000000000000000 R11=0000000000000000
R12=0000000000000000 R13=0000000000000000 R14=0000000000000000 R15=0000000000000000
RIP=ffffffff8000281d RFL=00000246 [---Z-P-] CPL=0 II=0 A20=1 SMM=0 HLT=0
ES =0030 0000000000000000 00000000 00009300 DPL=0 DS   [-WA]
CS =0028 0000000000000000 00000000 00209b00 DPL=0 CS64 [-RA]
SS =0030 0000000000000000 00000000 00009300 DPL=0 DS   [-WA]
DS =0030 0000000000000000 00000000 00009300 DPL=0 DS   [-WA]
FS =0030 0000000000000000 00000000 00009300 DPL=0 DS   [-WA]
GS =0030 0000000000000000 00000000 00009300 DPL=0 DS   [-WA]
LDT=0000 0000000000000000 00000000 00008200 DPL=0 LDT
TR =0038 0000000000000000 00000000 00008900 DPL=0 TSS64-avl
GDT=     ffff800000018048 00000047
IDT=     ffffffff80007120 00000fff
CR0=80010011 CR2=0000000000000000 CR3=0000000007fa3000 CR4=00000020
DR0=0000000000000000 DR1=0000000000000000 DR2=0000000000000000 DR3=0000000000000000 
DR6=00000000ffff0ff0 DR7=0000000000000400
CCS=0000000000000044 CCD=0000000000000000 CCO=EFLAGS
EFER=0000000000000d00
Servicing hardware INT=0x20
   295: v=20 e=0000 i=0 cpl=0 IP=0028:ffffffff8000281d pc=ffffffff8000281d SP=0030:ffff800007fb3f00 env->regs[R_EAX]=0000000000000000
RAX=0000000000000000 RBX=0000000000000000 RCX=0000000000000007 RDX=0000000000000055
RSI=000000000000000a RDI=ffff800007fb3eee RBP=ffff800007fb3ff0 RSP=ffff800007fb3f00
R8 =0000000000ffffff R9 =0000000000000500 R10=0000000000000000 R11=0000000000000000
R12=0000000000000000 R13=0000000000000000 R14=0000000000000000 R15=0000000000000000
RIP=ffffffff8000281d RFL=00000246 [---Z-P-] CPL=0 II=0 A20=1 SMM=0 HLT=0
ES =0030 0000000000000000 00000000 00009300 DPL=0 DS   [-WA]
CS =0028 0000000000000000 00000000 00209b00 DPL=0 CS64 [-RA]
SS =0030 0000000000000000 00000000 00009300 DPL=0 DS   [-WA]
DS =0030 0000000000000000 00000000 00009300 DPL=0 DS   [-WA]
FS =0030 0000000000000000 00000000 00009300 DPL=0 DS   [-WA]
GS =0030 0000000000000000 00000000 00009300 DPL=0 DS   [-WA]
LDT=0000 0000000000000000 00000000 00008200 DPL=0 LDT
TR =0038 0000000000000000 00000000 00008900 DPL=0 TSS64-avl
GDT=     ffff800000018048 00000047
IDT=     ffffffff80007120 00000fff
CR0=80010011 CR2=0000000000000000 CR3=0000000007fa3000 CR4=00000020
DR0=0000000000000000 DR1=0000000000000000 DR2=0000000000000000 DR3=0000000000000000 
DR6=00000000ffff0ff0 DR7=0000000000000400
CCS=0000000000000044 CCD=0000000000000000 CCO=EFLAGS
EFER=0000000000000d00
Servicing hardware INT=0x20
   296: v=20 e=0000 i=0 cpl=0 IP=0028:ffffffff8000281d pc=ffffffff8000281d SP=0030:ffff800007fb3f00 env->regs[R_EAX]=0000000000000000
RAX=0000000000000000 RBX=0000000000000000 RCX=0000000000000007 RDX=0000000000000055
RSI=000000000000000a RDI=ffff800007fb3eee RBP=ffff800007fb3ff0 RSP=ffff800007fb3f00
R8 =0000000000ffffff R9 =0000000000000500 R10=0000000000000000 R11=0000000000000000
R12=0000000000000000 R13=0000000000000000 R14=0000000000000000 R15=0000000000000000
RIP=ffffffff8000281d RFL=00000246 [---Z-P-] CPL=0 II=0 A20=1 SMM=0 HLT=0
ES =0030 0000000000000000 00000000 00009300 DPL=0 DS   [-WA]
CS =0028 0000000000000000 00000000 00209b00 DPL=0 CS64 [-RA]
SS =0030 0000000000000000 00000000 00009300 DPL=0 DS   [-WA]
DS =0030 0000000000000000 00000000 00009300 DPL=0 DS   [-WA]
FS =0030 0000000000000000 00000000 00009300 DPL=0 DS   [-WA]
GS =0030 0000000000000000 00000000 00009300 DPL=0 DS   [-WA]
LDT=0000 0000000000000000 00000000 00008200 DPL=0 LDT
TR =0038 0000000000000000 00000000 00008900 DPL=0 TSS64-avl
GDT=     ffff800000018048 00000047
IDT=     ffffffff80007120 00000fff
CR0=80010011 CR2=0000000000000000 CR3=0000000007fa3000 CR4=00000020
DR0=0000000000000000 DR1=0000000000000000 DR2=0000000000000000 DR3=0000000000000000 
DR6=00000000ffff0ff0 DR7=0000000000000400
CCS=0000000000000044 CCD=0000000000000000 CCO=EFLAGS
EFER=0000000000000d00
Servicing hardware INT=0x20
   297: v=20 e=0000 i=0 cpl=0 IP=0028:ffffffff8000281d pc=ffffffff8000281d SP=0030:ffff800007fb3f00 env->regs[R_EAX]=0000000000000000
RAX=0000000000000000 RBX=0000000000000000 RCX=0000000000000007 RDX=0000000000000055
RSI=000000000000000a RDI=ffff800007fb3eee RBP=ffff800007fb3ff0 RSP=ffff800007fb3f00
R8 =0000000000ffffff R9 =0000000000000500 R10=0000000000000000 R11=0000000000000000
R12=0000000000000000 R13=0000000000000000 R14=0000000000000000 R15=0000000000000000
RIP=ffffffff8000281d RFL=00000246 [---Z-P-] CPL=0 II=0 A20=1 SMM=0 HLT=0
ES =0030 0000000000000000 00000000 00009300 DPL=0 DS   [-WA]
CS =0028 0000000000000000 00000000 00209b00 DPL=0 CS64 [-RA]
SS =0030 0000000000000000 00000000 00009300 DPL=0 DS   [-WA]
DS =0030 0000000000000000 00000000 00009300 DPL=0 DS   [-WA]
FS =0030 0000000000000000 00000000 00009300 DPL=0 DS   [-WA]
GS =0030 0000000000000000 00000000 00009300 DPL=0 DS   [-WA]
LDT=0000 0000000000000000 00000000 00008200 DPL=0 LDT
TR =0038 0000000000000000 00000000 00008900 DPL=0 TSS64-avl
GDT=     ffff800000018048 00000047
IDT=     ffffffff80007120 00000fff
CR0=80010011 CR2=0000000000000000 CR3=0000000007fa3000 CR4=00000020
DR0=0000000000000000 DR1=0000000000000000 DR2=0000000000000000 DR3=0000000000000000 
DR6=00000000ffff0ff0 DR7=0000000000000400
CCS=0000000000000044 CCD=0000000000000000 CCO=EFLAGS
EFER=0000000000000d00
Servicing hardware INT=0x20
   298: v=20 e=0000 i=0 cpl=0 IP=0028:ffffffff8000281d pc=ffffffff8000281d SP=0030:ffff800007fb3f00 env->regs[R_EAX]=0000000000000000
RAX=0000000000000000 RBX=0000000000000000 RCX=0000000000000007 RDX=0000000000000055
RSI=000000000000000a RDI=ffff800007fb3eee RBP=ffff800007fb3ff0 RSP=ffff800007fb3f00
R8 =0000000000ffffff R9 =0000000000000500 R10=0000000000000000 R11=0000000000000000
R12=0000000000000000 R13=0000000000000000 R14=0000000000000000 R15=0000000000000000
RIP=ffffffff8000281d RFL=00000246 [---Z-P-] CPL=0 II=0 A20=1 SMM=0 HLT=0
ES =0030 0000000000000000 00000000 00009300 DPL=0 DS   [-WA]
CS =0028 0000000000000000 00000000 00209b00 DPL=0 CS64 [-RA]
SS =0030 0000000000000000 00000000 00009300 DPL=0 DS   [-WA]
DS =0030 0000000000000000 00000000 00009300 DPL=0 DS   [-WA]
FS =0030 0000000000000000 00000000 00009300 DPL=0 DS   [-WA]
GS =0030 0000000000000000 00000000 00009300 DPL=0 DS   [-WA]
LDT=0000 0000000000000000 00000000 00008200 DPL=0 LDT
TR =0038 0000000000000000 00000000 00008900 DPL=0 TSS64-avl
GDT=     ffff800000018048 00000047
IDT=     ffffffff80007120 00000fff
CR0=80010011 CR2=0000000000000000 CR3=0000000007fa3000 CR4=00000020
DR0=0000000000000000 DR1=0000000000000000 DR2=0000000000000000 DR3=0000000000000000 
DR6=00000000ffff0ff0 DR7=0000000000000400
CCS=0000000000000044 CCD=0000000000000000 CCO=EFLAGS
EFER=0000000000000d00
Servicing hardware INT=0x20
   299: v=20 e=0000 i=0 cpl=0 IP=0028:ffffffff8000281d pc=ffffffff8000281d SP=0030:ffff800007fb3f00 env->regs[R_EAX]=0000000000000000
RAX=0000000000000000 RBX=0000000000000000 RCX=0000000000000007 RDX=0000000000000055
RSI=000000000000000a RDI=ffff800007fb3eee RBP=ffff800007fb3ff0 RSP=ffff800007fb3f00
R8 =0000000000ffffff R9 =0000000000000500 R10=0000000000000000 R11=0000000000000000
R12=0000000000000000 R13=0000000000000000 R14=0000000000000000 R15=0000000000000000
RIP=ffffffff8000281d RFL=00000246 [---Z-P-] CPL=0 II=0 A20=1 SMM=0 HLT=0
ES =0030 0000000000000000 00000000 00009300 DPL=0 DS   [-WA]
CS =0028 0000000000000000 00000000 00209b00 DPL=0 CS64 [-RA]
SS =0030 0000000000000000 00000000 00009300 DPL=0 DS   [-WA]
DS =0030 0000000000000000 00000000 00009300 DPL=0 DS   [-WA]
FS =0030 0000000000000000 00000000 00009300 DPL=0 DS   [-WA]
GS =0030 0000000000000000 00000000 00009300 DPL=0 DS   [-WA]
LDT=0000 0000000000000000 00000000 00008200 DPL=0 LDT
TR =0038 0000000000000000 00000000 00008900 DPL=0 TSS64-avl
GDT=     ffff800000018048 00000047
IDT=     ffffffff80007120 00000fff
CR0=80010011 CR2=0000000000000000 CR3=0000000007fa3000 CR4=00000020
DR0=0000000000000000 DR1=0000000000000000 DR2=0000000000000000 DR3=0000000000000000 
DR6=00000000ffff0ff0 DR7=0000000000000400
CCS=0000000000000044 CCD=0000000000000000 CCO=EFLAGS
EFER=0000000000000d00
Servicing hardware INT=0x20
   300: v=20 e=0000 i=0 cpl=0 IP=0028:ffffffff8000281d pc=ffffffff8000281d SP=0030:ffff800007fb3f00 env->regs[R_EAX]=0000000000000000
RAX=0000000000000000 RBX=0000000000000000 RCX=0000000000000007 RDX=0000000000000055
RSI=000000000000000a RDI=ffff800007fb3eee RBP=ffff800007fb3ff0 RSP=ffff800007fb3f00
R8 =0000000000ffffff R9 =0000000000000500 R10=0000000000000000 R11=0000000000000000
R12=0000000000000000 R13=0000000000000000 R14=0000000000000000 R15=0000000000000000
RIP=ffffffff8000281d RFL=00000246 [---Z-P-] CPL=0 II=0 A20=1 SMM=0 HLT=0
ES =0030 0000000000000000 00000000 00009300 DPL=0 DS   [-WA]
CS =0028 0000000000000000 00000000 00209b00 DPL=0 CS64 [-RA]
SS =0030 0000000000000000 00000000 00009300 DPL=0 DS   [-WA]
DS =0030 0000000000000000 00000000 00009300 DPL=0 DS   [-WA]
FS =0030 0000000000000000 00000000 00009300 DPL=0 DS   [-WA]
GS =0030 0000000000000000 00000000 00009300 DPL=0 DS   [-WA]
LDT=0000 0000000000000000 00000000 00008200 DPL=0 LDT
TR =0038 0000000000000000 00000000 00008900 DPL=0 TSS64-avl
GDT=     ffff800000018048 00000047
IDT=     ffffffff80007120 00000fff
CR0=80010011 CR2=0000000000000000 CR3=0000000007fa3000 CR4=00000020
DR0=0000000000000000 DR1=0000000000000000 DR2=0000000000000000 DR3=0000000000000000 
DR6=00000000ffff0ff0 DR7=0000000000000400
CCS=0000000000000044 CCD=0000000000000000 CCO=EFLAGS
EFER=0000000000000d00
Servicing hardware INT=0x20
   301: v=20 e=0000 i=0 cpl=0 IP=0028:ffffffff8000281d pc=ffffffff8000281d SP=0030:ffff800007fb3f00 env->regs[R_EAX]=0000000000000000
RAX=0000000000000000 RBX=0000000000000000 RCX=0000000000000007 RDX=0000000000000055
RSI=000000000000000a RDI=ffff800007fb3eee RBP=ffff800007fb3ff0 RSP=ffff800007fb3f00
R8 =0000000000ffffff R9 =0000000000000500 R10=0000000000000000 R11=0000000000000000
R12=0000000000000000 R13=0000000000000000 R14=0000000000000000 R15=0000000000000000
RIP=ffffffff8000281d RFL=00000246 [---Z-P-] CPL=0 II=0 A20=1 SMM=0 HLT=0
ES =0030 0000000000000000 00000000 00009300 DPL=0 DS   [-WA]
CS =0028 0000000000000000 00000000 00209b00 DPL=0 CS64 [-RA]
SS =0030 0000000000000000 00000000 00009300 DPL=0 DS   [-WA]
DS =0030 0000000000000000 00000000 00009300 DPL=0 DS   [-WA]
FS =0030 0000000000000000 00000000 00009300 DPL=0 DS   [-WA]
GS =0030 0000000000000000 00000000 00009300 DPL=0 DS   [-WA]
LDT=0000 0000000000000000 00000000 00008200 DPL=0 LDT
TR =0038 0000000000000000 00000000 00008900 DPL=0 TSS64-avl
GDT=     ffff800000018048 00000047
IDT=     ffffffff80007120 00000fff
CR0=80010011 CR2=0000000000000000 CR3=0000000007fa3000 CR4=00000020
DR0=0000000000000000 DR1=0000000000000000 DR2=0000000000000000 DR3=0000000000000000 
DR6=00000000ffff0ff0 DR7=0000000000000400
CCS=0000000000000044 CCD=0000000000000000 CCO=EFLAGS
EFER=0000000000000d00
Servicing hardware INT=0x20
   302: v=20 e=0000 i=0 cpl=0 IP=0028:ffffffff8000281d pc=ffffffff8000281d SP=0030:ffff800007fb3f00 env->regs[R_EAX]=0000000000000000
RAX=0000000000000000 RBX=0000000000000000 RCX=0000000000000007 RDX=0000000000000055
RSI=000000000000000a RDI=ffff800007fb3eee RBP=ffff800007fb3ff0 RSP=ffff800007fb3f00
R8 =0000000000ffffff R9 =0000000000000500 R10=0000000000000000 R11=0000000000000000
R12=0000000000000000 R13=0000000000000000 R14=0000000000000000 R15=0000000000000000
RIP=ffffffff8000281d RFL=00000246 [---Z-P-] CPL=0 II=0 A20=1 SMM=0 HLT=0
ES =0030 0000000000000000 00000000 00009300 DPL=0 DS   [-WA]
CS =0028 0000000000000000 00000000 00209b00 DPL=0 CS64 [-RA]
SS =0030 0000000000000000 00000000 00009300 DPL=0 DS   [-WA]
DS =0030 0000000000000000 00000000 00009300 DPL=0 DS   [-WA]
FS =0030 0000000000000000 00000000 00009300 DPL=0 DS   [-WA]
GS =0030 0000000000000000 00000000 00009300 DPL=0 DS   [-WA]
LDT=0000 0000000000000000 00000000 00008200 DPL=0 LDT
TR =0038 0000000000000000 00000000 00008900 DPL=0 TSS64-avl
GDT=     ffff800000018048 00000047
IDT=     ffffffff80007120 00000fff
CR0=80010011 CR2=0000000000000000 CR3=0000000007fa3000 CR4=00000020
DR0=0000000000000000 DR1=0000000000000000 DR2=0000000000000000 DR3=0000000000000000 
DR6=00000000ffff0ff0 DR7=0000000000000400
CCS=0000000000000044 CCD=0000000000000000 CCO=EFLAGS
EFER=0000000000000d00
Servicing hardware INT=0x20
   303: v=20 e=0000 i=0 cpl=0 IP=0028:ffffffff8000281d pc=ffffffff8000281d SP=0030:ffff800007fb3f00 env->regs[R_EAX]=0000000000000000
RAX=0000000000000000 RBX=0000000000000000 RCX=0000000000000007 RDX=0000000000000055
RSI=000000000000000a RDI=ffff800007fb3eee RBP=ffff800007fb3ff0 RSP=ffff800007fb3f00
R8 =0000000000ffffff R9 =0000000000000500 R10=0000000000000000 R11=0000000000000000
R12=0000000000000000 R13=0000000000000000 R14=0000000000000000 R15=0000000000000000
RIP=ffffffff8000281d RFL=00000246 [---Z-P-] CPL=0 II=0 A20=1 SMM=0 HLT=0
ES =0030 0000000000000000 00000000 00009300 DPL=0 DS   [-WA]
CS =0028 0000000000000000 00000000 00209b00 DPL=0 CS64 [-RA]
SS =0030 0000000000000000 00000000 00009300 DPL=0 DS   [-WA]
DS =0030 0000000000000000 00000000 00009300 DPL=0 DS   [-WA]
FS =0030 0000000000000000 00000000 00009300 DPL=0 DS   [-WA]
GS =0030 0000000000000000 00000000 00009300 DPL=0 DS   [-WA]
LDT=0000 0000000000000000 00000000 00008200 DPL=0 LDT
TR =0038 0000000000000000 00000000 00008900 DPL=0 TSS64-avl
GDT=     ffff800000018048 00000047
IDT=     ffffffff80007120 00000fff
CR0=80010011 CR2=0000000000000000 CR3=0000000007fa3000 CR4=00000020
DR0=0000000000000000 DR1=0000000000000000 DR2=0000000000000000 DR3=0000000000000000 
DR6=00000000ffff0ff0 DR7=0000000000000400
CCS=0000000000000044 CCD=0000000000000000 CCO=EFLAGS
EFER=0000000000000d00
Servicing hardware INT=0x20
   304: v=20 e=0000 i=0 cpl=0 IP=0028:ffffffff8000281d pc=ffffffff8000281d SP=0030:ffff800007fb3f00 env->regs[R_EAX]=0000000000000000
RAX=0000000000000000 RBX=0000000000000000 RCX=0000000000000007 RDX=0000000000000055
RSI=000000000000000a RDI=ffff800007fb3eee RBP=ffff800007fb3ff0 RSP=ffff800007fb3f00
R8 =0000000000ffffff R9 =0000000000000500 R10=0000000000000000 R11=0000000000000000
R12=0000000000000000 R13=0000000000000000 R14=0000000000000000 R15=0000000000000000
RIP=ffffffff8000281d RFL=00000246 [---Z-P-] CPL=0 II=0 A20=1 SMM=0 HLT=0
ES =0030 0000000000000000 00000000 00009300 DPL=0 DS   [-WA]
CS =0028 0000000000000000 00000000 00209b00 DPL=0 CS64 [-RA]
SS =0030 0000000000000000 00000000 00009300 DPL=0 DS   [-WA]
DS =0030 0000000000000000 00000000 00009300 DPL=0 DS   [-WA]
FS =0030 0000000000000000 00000000 00009300 DPL=0 DS   [-WA]
GS =0030 0000000000000000 00000000 00009300 DPL=0 DS   [-WA]
LDT=0000 0000000000000000 00000000 00008200 DPL=0 LDT
TR =0038 0000000000000000 00000000 00008900 DPL=0 TSS64-avl
GDT=     ffff800000018048 00000047
IDT=     ffffffff80007120 00000fff
CR0=80010011 CR2=0000000000000000 CR3=0000000007fa3000 CR4=00000020
DR0=0000000000000000 DR1=0000000000000000 DR2=0000000000000000 DR3=0000000000000000 
DR6=00000000ffff0ff0 DR7=0000000000000400
CCS=0000000000000044 CCD=0000000000000000 CCO=EFLAGS
EFER=0000000000000d00
Servicing hardware INT=0x20
   305: v=20 e=0000 i=0 cpl=0 IP=0028:ffffffff8000281d pc=ffffffff8000281d SP=0030:ffff800007fb3f00 env->regs[R_EAX]=0000000000000000
RAX=0000000000000000 RBX=0000000000000000 RCX=0000000000000007 RDX=0000000000000055
RSI=000000000000000a RDI=ffff800007fb3eee RBP=ffff800007fb3ff0 RSP=ffff800007fb3f00
R8 =0000000000ffffff R9 =0000000000000500 R10=0000000000000000 R11=0000000000000000
R12=0000000000000000 R13=0000000000000000 R14=0000000000000000 R15=0000000000000000
RIP=ffffffff8000281d RFL=00000246 [---Z-P-] CPL=0 II=0 A20=1 SMM=0 HLT=0
ES =0030 0000000000000000 00000000 00009300 DPL=0 DS   [-WA]
CS =0028 0000000000000000 00000000 00209b00 DPL=0 CS64 [-RA]
SS =0030 0000000000000000 00000000 00009300 DPL=0 DS   [-WA]
DS =0030 0000000000000000 00000000 00009300 DPL=0 DS   [-WA]
FS =0030 0000000000000000 00000000 00009300 DPL=0 DS   [-WA]
GS =0030 0000000000000000 00000000 00009300 DPL=0 DS   [-WA]
LDT=0000 0000000000000000 00000000 00008200 DPL=0 LDT
TR =0038 0000000000000000 00000000 00008900 DPL=0 TSS64-avl
GDT=     ffff800000018048 00000047
IDT=     ffffffff80007120 00000fff
CR0=80010011 CR2=0000000000000000 CR3=0000000007fa3000 CR4=00000020
DR0=0000000000000000 DR1=0000000000000000 DR2=0000000000000000 DR3=0000000000000000 
DR6=00000000ffff0ff0 DR7=0000000000000400
CCS=0000000000000044 CCD=0000000000000000 CCO=EFLAGS
EFER=0000000000000d00
Servicing hardware INT=0x20
   306: v=20 e=0000 i=0 cpl=0 IP=0028:ffffffff8000281d pc=ffffffff8000281d SP=0030:ffff800007fb3f00 env->regs[R_EAX]=0000000000000000
RAX=0000000000000000 RBX=0000000000000000 RCX=0000000000000007 RDX=0000000000000055
RSI=000000000000000a RDI=ffff800007fb3eee RBP=ffff800007fb3ff0 RSP=ffff800007fb3f00
R8 =0000000000ffffff R9 =0000000000000500 R10=0000000000000000 R11=0000000000000000
R12=0000000000000000 R13=0000000000000000 R14=0000000000000000 R15=0000000000000000
RIP=ffffffff8000281d RFL=00000246 [---Z-P-] CPL=0 II=0 A20=1 SMM=0 HLT=0
ES =0030 0000000000000000 00000000 00009300 DPL=0 DS   [-WA]
CS =0028 0000000000000000 00000000 00209b00 DPL=0 CS64 [-RA]
SS =0030 0000000000000000 00000000 00009300 DPL=0 DS   [-WA]
DS =0030 0000000000000000 00000000 00009300 DPL=0 DS   [-WA]
FS =0030 0000000000000000 00000000 00009300 DPL=0 DS   [-WA]
GS =0030 0000000000000000 00000000 00009300 DPL=0 DS   [-WA]
LDT=0000 0000000000000000 00000000 00008200 DPL=0 LDT
TR =0038 0000000000000000 00000000 00008900 DPL=0 TSS64-avl
GDT=     ffff800000018048 00000047
IDT=     ffffffff80007120 00000fff
CR0=80010011 CR2=0000000000000000 CR3=0000000007fa3000 CR4=00000020
DR0=0000000000000000 DR1=0000000000000000 DR2=0000000000000000 DR3=0000000000000000 
DR6=00000000ffff0ff0 DR7=0000000000000400
CCS=0000000000000044 CCD=0000000000000000 CCO=EFLAGS
EFER=0000000000000d00
Servicing hardware INT=0x20
   307: v=20 e=0000 i=0 cpl=0 IP=0028:ffffffff8000281d pc=ffffffff8000281d SP=0030:ffff800007fb3f00 env->regs[R_EAX]=0000000000000000
RAX=0000000000000000 RBX=0000000000000000 RCX=0000000000000007 RDX=0000000000000055
RSI=000000000000000a RDI=ffff800007fb3eee RBP=ffff800007fb3ff0 RSP=ffff800007fb3f00
R8 =0000000000ffffff R9 =0000000000000500 R10=0000000000000000 R11=0000000000000000
R12=0000000000000000 R13=0000000000000000 R14=0000000000000000 R15=0000000000000000
RIP=ffffffff8000281d RFL=00000246 [---Z-P-] CPL=0 II=0 A20=1 SMM=0 HLT=0
ES =0030 0000000000000000 00000000 00009300 DPL=0 DS   [-WA]
CS =0028 0000000000000000 00000000 00209b00 DPL=0 CS64 [-RA]
SS =0030 0000000000000000 00000000 00009300 DPL=0 DS   [-WA]
DS =0030 0000000000000000 00000000 00009300 DPL=0 DS   [-WA]
FS =0030 0000000000000000 00000000 00009300 DPL=0 DS   [-WA]
GS =0030 0000000000000000 00000000 00009300 DPL=0 DS   [-WA]
LDT=0000 0000000000000000 00000000 00008200 DPL=0 LDT
TR =0038 0000000000000000 00000000 00008900 DPL=0 TSS64-avl
GDT=     ffff800000018048 00000047
IDT=     ffffffff80007120 00000fff
CR0=80010011 CR2=0000000000000000 CR3=0000000007fa3000 CR4=00000020
DR0=0000000000000000 DR1=0000000000000000 DR2=0000000000000000 DR3=0000000000000000 
DR6=00000000ffff0ff0 DR7=0000000000000400
CCS=0000000000000044 CCD=0000000000000000 CCO=EFLAGS
EFER=0000000000000d00
Servicing hardware INT=0x20
   308: v=20 e=0000 i=0 cpl=0 IP=0028:ffffffff8000281d pc=ffffffff8000281d SP=0030:ffff800007fb3f00 env->regs[R_EAX]=0000000000000000
RAX=0000000000000000 RBX=0000000000000000 RCX=0000000000000007 RDX=0000000000000055
RSI=000000000000000a RDI=ffff800007fb3eee RBP=ffff800007fb3ff0 RSP=ffff800007fb3f00
R8 =0000000000ffffff R9 =0000000000000500 R10=0000000000000000 R11=0000000000000000
R12=0000000000000000 R13=0000000000000000 R14=0000000000000000 R15=0000000000000000
RIP=ffffffff8000281d RFL=00000246 [---Z-P-] CPL=0 II=0 A20=1 SMM=0 HLT=0
ES =0030 0000000000000000 00000000 00009300 DPL=0 DS   [-WA]
CS =0028 0000000000000000 00000000 00209b00 DPL=0 CS64 [-RA]
SS =0030 0000000000000000 00000000 00009300 DPL=0 DS   [-WA]
DS =0030 0000000000000000 00000000 00009300 DPL=0 DS   [-WA]
FS =0030 0000000000000000 00000000 00009300 DPL=0 DS   [-WA]
GS =0030 0000000000000000 00000000 00009300 DPL=0 DS   [-WA]
LDT=0000 0000000000000000 00000000 00008200 DPL=0 LDT
TR =0038 0000000000000000 00000000 00008900 DPL=0 TSS64-avl
GDT=     ffff800000018048 00000047
IDT=     ffffffff80007120 00000fff
CR0=80010011 CR2=0000000000000000 CR3=0000000007fa3000 CR4=00000020
DR0=0000000000000000 DR1=0000000000000000 DR2=0000000000000000 DR3=0000000000000000 
DR6=00000000ffff0ff0 DR7=0000000000000400
CCS=0000000000000044 CCD=0000000000000000 CCO=EFLAGS
EFER=0000000000000d00
Servicing hardware INT=0x20
   309: v=20 e=0000 i=0 cpl=0 IP=0028:ffffffff8000281d pc=ffffffff8000281d SP=0030:ffff800007fb3f00 env->regs[R_EAX]=0000000000000000
RAX=0000000000000000 RBX=0000000000000000 RCX=0000000000000007 RDX=0000000000000055
RSI=000000000000000a RDI=ffff800007fb3eee RBP=ffff800007fb3ff0 RSP=ffff800007fb3f00
R8 =0000000000ffffff R9 =0000000000000500 R10=0000000000000000 R11=0000000000000000
R12=0000000000000000 R13=0000000000000000 R14=0000000000000000 R15=0000000000000000
RIP=ffffffff8000281d RFL=00000246 [---Z-P-] CPL=0 II=0 A20=1 SMM=0 HLT=0
ES =0030 0000000000000000 00000000 00009300 DPL=0 DS   [-WA]
CS =0028 0000000000000000 00000000 00209b00 DPL=0 CS64 [-RA]
SS =0030 0000000000000000 00000000 00009300 DPL=0 DS   [-WA]
DS =0030 0000000000000000 00000000 00009300 DPL=0 DS   [-WA]
FS =0030 0000000000000000 00000000 00009300 DPL=0 DS   [-WA]
GS =0030 0000000000000000 00000000 00009300 DPL=0 DS   [-WA]
LDT=0000 0000000000000000 00000000 00008200 DPL=0 LDT
TR =0038 0000000000000000 00000000 00008900 DPL=0 TSS64-avl
GDT=     ffff800000018048 00000047
IDT=     ffffffff80007120 00000fff
CR0=80010011 CR2=0000000000000000 CR3=0000000007fa3000 CR4=00000020
DR0=0000000000000000 DR1=0000000000000000 DR2=0000000000000000 DR3=0000000000000000 
DR6=00000000ffff0ff0 DR7=0000000000000400
CCS=0000000000000044 CCD=0000000000000000 CCO=EFLAGS
EFER=0000000000000d00
Servicing hardware INT=0x20
   310: v=20 e=0000 i=0 cpl=0 IP=0028:ffffffff8000281d pc=ffffffff8000281d SP=0030:ffff800007fb3f00 env->regs[R_EAX]=0000000000000000
RAX=0000000000000000 RBX=0000000000000000 RCX=0000000000000007 RDX=0000000000000055
RSI=000000000000000a RDI=ffff800007fb3eee RBP=ffff800007fb3ff0 RSP=ffff800007fb3f00
R8 =0000000000ffffff R9 =0000000000000500 R10=0000000000000000 R11=0000000000000000
R12=0000000000000000 R13=0000000000000000 R14=0000000000000000 R15=0000000000000000
RIP=ffffffff8000281d RFL=00000246 [---Z-P-] CPL=0 II=0 A20=1 SMM=0 HLT=0
ES =0030 0000000000000000 00000000 00009300 DPL=0 DS   [-WA]
CS =0028 0000000000000000 00000000 00209b00 DPL=0 CS64 [-RA]
SS =0030 0000000000000000 00000000 00009300 DPL=0 DS   [-WA]
DS =0030 0000000000000000 00000000 00009300 DPL=0 DS   [-WA]
FS =0030 0000000000000000 00000000 00009300 DPL=0 DS   [-WA]
GS =0030 0000000000000000 00000000 00009300 DPL=0 DS   [-WA]
LDT=0000 0000000000000000 00000000 00008200 DPL=0 LDT
TR =0038 0000000000000000 00000000 00008900 DPL=0 TSS64-avl
GDT=     ffff800000018048 00000047
IDT=     ffffffff80007120 00000fff
CR0=80010011 CR2=0000000000000000 CR3=0000000007fa3000 CR4=00000020
DR0=0000000000000000 DR1=0000000000000000 DR2=0000000000000000 DR3=0000000000000000 
DR6=00000000ffff0ff0 DR7=0000000000000400
CCS=0000000000000044 CCD=0000000000000000 CCO=EFLAGS
EFER=0000000000000d00
Servicing hardware INT=0x20
   311: v=20 e=0000 i=0 cpl=0 IP=0028:ffffffff8000281d pc=ffffffff8000281d SP=0030:ffff800007fb3f00 env->regs[R_EAX]=0000000000000000
RAX=0000000000000000 RBX=0000000000000000 RCX=0000000000000007 RDX=0000000000000055
RSI=000000000000000a RDI=ffff800007fb3eee RBP=ffff800007fb3ff0 RSP=ffff800007fb3f00
R8 =0000000000ffffff R9 =0000000000000500 R10=0000000000000000 R11=0000000000000000
R12=0000000000000000 R13=0000000000000000 R14=0000000000000000 R15=0000000000000000
RIP=ffffffff8000281d RFL=00000246 [---Z-P-] CPL=0 II=0 A20=1 SMM=0 HLT=0
ES =0030 0000000000000000 00000000 00009300 DPL=0 DS   [-WA]
CS =0028 0000000000000000 00000000 00209b00 DPL=0 CS64 [-RA]
SS =0030 0000000000000000 00000000 00009300 DPL=0 DS   [-WA]
DS =0030 0000000000000000 00000000 00009300 DPL=0 DS   [-WA]
FS =0030 0000000000000000 00000000 00009300 DPL=0 DS   [-WA]
GS =0030 0000000000000000 00000000 00009300 DPL=0 DS   [-WA]
LDT=0000 0000000000000000 00000000 00008200 DPL=0 LDT
TR =0038 0000000000000000 00000000 00008900 DPL=0 TSS64-avl
GDT=     ffff800000018048 00000047
IDT=     ffffffff80007120 00000fff
CR0=80010011 CR2=0000000000000000 CR3=0000000007fa3000 CR4=00000020
DR0=0000000000000000 DR1=0000000000000000 DR2=0000000000000000 DR3=0000000000000000 
DR6=00000000ffff0ff0 DR7=0000000000000400
CCS=0000000000000044 CCD=0000000000000000 CCO=EFLAGS
EFER=0000000000000d00
Servicing hardware INT=0x20
   312: v=20 e=0000 i=0 cpl=0 IP=0028:ffffffff8000281d pc=ffffffff8000281d SP=0030:ffff800007fb3f00 env->regs[R_EAX]=0000000000000000
RAX=0000000000000000 RBX=0000000000000000 RCX=0000000000000007 RDX=0000000000000055
RSI=000000000000000a RDI=ffff800007fb3eee RBP=ffff800007fb3ff0 RSP=ffff800007fb3f00
R8 =0000000000ffffff R9 =0000000000000500 R10=0000000000000000 R11=0000000000000000
R12=0000000000000000 R13=0000000000000000 R14=0000000000000000 R15=0000000000000000
RIP=ffffffff8000281d RFL=00000246 [---Z-P-] CPL=0 II=0 A20=1 SMM=0 HLT=0
ES =0030 0000000000000000 00000000 00009300 DPL=0 DS   [-WA]
CS =0028 0000000000000000 00000000 00209b00 DPL=0 CS64 [-RA]
SS =0030 0000000000000000 00000000 00009300 DPL=0 DS   [-WA]
DS =0030 0000000000000000 00000000 00009300 DPL=0 DS   [-WA]
FS =0030 0000000000000000 00000000 00009300 DPL=0 DS   [-WA]
GS =0030 0000000000000000 00000000 00009300 DPL=0 DS   [-WA]
LDT=0000 0000000000000000 00000000 00008200 DPL=0 LDT
TR =0038 0000000000000000 00000000 00008900 DPL=0 TSS64-avl
GDT=     ffff800000018048 00000047
IDT=     ffffffff80007120 00000fff
CR0=80010011 CR2=0000000000000000 CR3=0000000007fa3000 CR4=00000020
DR0=0000000000000000 DR1=0000000000000000 DR2=0000000000000000 DR3=0000000000000000 
DR6=00000000ffff0ff0 DR7=0000000000000400
CCS=0000000000000044 CCD=0000000000000000 CCO=EFLAGS
EFER=0000000000000d00
Servicing hardware INT=0x20
   313: v=20 e=0000 i=0 cpl=0 IP=0028:ffffffff8000281d pc=ffffffff8000281d SP=0030:ffff800007fb3f00 env->regs[R_EAX]=0000000000000000
RAX=0000000000000000 RBX=0000000000000000 RCX=0000000000000007 RDX=0000000000000055
RSI=000000000000000a RDI=ffff800007fb3eee RBP=ffff800007fb3ff0 RSP=ffff800007fb3f00
R8 =0000000000ffffff R9 =0000000000000500 R10=0000000000000000 R11=0000000000000000
R12=0000000000000000 R13=0000000000000000 R14=0000000000000000 R15=0000000000000000
RIP=ffffffff8000281d RFL=00000246 [---Z-P-] CPL=0 II=0 A20=1 SMM=0 HLT=0
ES =0030 0000000000000000 00000000 00009300 DPL=0 DS   [-WA]
CS =0028 0000000000000000 00000000 00209b00 DPL=0 CS64 [-RA]
SS =0030 0000000000000000 00000000 00009300 DPL=0 DS   [-WA]
DS =0030 0000000000000000 00000000 00009300 DPL=0 DS   [-WA]
FS =0030 0000000000000000 00000000 00009300 DPL=0 DS   [-WA]
GS =0030 0000000000000000 00000000 00009300 DPL=0 DS   [-WA]
LDT=0000 0000000000000000 00000000 00008200 DPL=0 LDT
TR =0038 0000000000000000 00000000 00008900 DPL=0 TSS64-avl
GDT=     ffff800000018048 00000047
IDT=     ffffffff80007120 00000fff
CR0=80010011 CR2=0000000000000000 CR3=0000000007fa3000 CR4=00000020
DR0=0000000000000000 DR1=0000000000000000 DR2=0000000000000000 DR3=0000000000000000 
DR6=00000000ffff0ff0 DR7=0000000000000400
CCS=0000000000000044 CCD=0000000000000000 CCO=EFLAGS
EFER=0000000000000d00
Servicing hardware INT=0x20
   314: v=20 e=0000 i=0 cpl=0 IP=0028:ffffffff8000281d pc=ffffffff8000281d SP=0030:ffff800007fb3f00 env->regs[R_EAX]=0000000000000000
RAX=0000000000000000 RBX=0000000000000000 RCX=0000000000000007 RDX=0000000000000055
RSI=000000000000000a RDI=ffff800007fb3eee RBP=ffff800007fb3ff0 RSP=ffff800007fb3f00
R8 =0000000000ffffff R9 =0000000000000500 R10=0000000000000000 R11=0000000000000000
R12=0000000000000000 R13=0000000000000000 R14=0000000000000000 R15=0000000000000000
RIP=ffffffff8000281d RFL=00000246 [---Z-P-] CPL=0 II=0 A20=1 SMM=0 HLT=0
ES =0030 0000000000000000 00000000 00009300 DPL=0 DS   [-WA]
CS =0028 0000000000000000 00000000 00209b00 DPL=0 CS64 [-RA]
SS =0030 0000000000000000 00000000 00009300 DPL=0 DS   [-WA]
DS =0030 0000000000000000 00000000 00009300 DPL=0 DS   [-WA]
FS =0030 0000000000000000 00000000 00009300 DPL=0 DS   [-WA]
GS =0030 0000000000000000 00000000 00009300 DPL=0 DS   [-WA]
LDT=0000 0000000000000000 00000000 00008200 DPL=0 LDT
TR =0038 0000000000000000 00000000 00008900 DPL=0 TSS64-avl
GDT=     ffff800000018048 00000047
IDT=     ffffffff80007120 00000fff
CR0=80010011 CR2=0000000000000000 CR3=0000000007fa3000 CR4=00000020
DR0=0000000000000000 DR1=0000000000000000 DR2=0000000000000000 DR3=0000000000000000 
DR6=00000000ffff0ff0 DR7=0000000000000400
CCS=0000000000000044 CCD=0000000000000000 CCO=EFLAGS
EFER=0000000000000d00
Servicing hardware INT=0x20
   315: v=20 e=0000 i=0 cpl=0 IP=0028:ffffffff8000281d pc=ffffffff8000281d SP=0030:ffff800007fb3f00 env->regs[R_EAX]=0000000000000000
RAX=0000000000000000 RBX=0000000000000000 RCX=0000000000000007 RDX=0000000000000055
RSI=000000000000000a RDI=ffff800007fb3eee RBP=ffff800007fb3ff0 RSP=ffff800007fb3f00
R8 =0000000000ffffff R9 =0000000000000500 R10=0000000000000000 R11=0000000000000000
R12=0000000000000000 R13=0000000000000000 R14=0000000000000000 R15=0000000000000000
RIP=ffffffff8000281d RFL=00000246 [---Z-P-] CPL=0 II=0 A20=1 SMM=0 HLT=0
ES =0030 0000000000000000 00000000 00009300 DPL=0 DS   [-WA]
CS =0028 0000000000000000 00000000 00209b00 DPL=0 CS64 [-RA]
SS =0030 0000000000000000 00000000 00009300 DPL=0 DS   [-WA]
DS =0030 0000000000000000 00000000 00009300 DPL=0 DS   [-WA]
FS =0030 0000000000000000 00000000 00009300 DPL=0 DS   [-WA]
GS =0030 0000000000000000 00000000 00009300 DPL=0 DS   [-WA]
LDT=0000 0000000000000000 00000000 00008200 DPL=0 LDT
TR =0038 0000000000000000 00000000 00008900 DPL=0 TSS64-avl
GDT=     ffff800000018048 00000047
IDT=     ffffffff80007120 00000fff
CR0=80010011 CR2=0000000000000000 CR3=0000000007fa3000 CR4=00000020
DR0=0000000000000000 DR1=0000000000000000 DR2=0000000000000000 DR3=0000000000000000 
DR6=00000000ffff0ff0 DR7=0000000000000400
CCS=0000000000000044 CCD=0000000000000000 CCO=EFLAGS
EFER=0000000000000d00
Servicing hardware INT=0x20
   316: v=20 e=0000 i=0 cpl=0 IP=0028:ffffffff8000281d pc=ffffffff8000281d SP=0030:ffff800007fb3f00 env->regs[R_EAX]=0000000000000000
RAX=0000000000000000 RBX=0000000000000000 RCX=0000000000000007 RDX=0000000000000055
RSI=000000000000000a RDI=ffff800007fb3eee RBP=ffff800007fb3ff0 RSP=ffff800007fb3f00
R8 =0000000000ffffff R9 =0000000000000500 R10=0000000000000000 R11=0000000000000000
R12=0000000000000000 R13=0000000000000000 R14=0000000000000000 R15=0000000000000000
RIP=ffffffff8000281d RFL=00000246 [---Z-P-] CPL=0 II=0 A20=1 SMM=0 HLT=0
ES =0030 0000000000000000 00000000 00009300 DPL=0 DS   [-WA]
CS =0028 0000000000000000 00000000 00209b00 DPL=0 CS64 [-RA]
SS =0030 0000000000000000 00000000 00009300 DPL=0 DS   [-WA]
DS =0030 0000000000000000 00000000 00009300 DPL=0 DS   [-WA]
FS =0030 0000000000000000 00000000 00009300 DPL=0 DS   [-WA]
GS =0030 0000000000000000 00000000 00009300 DPL=0 DS   [-WA]
LDT=0000 0000000000000000 00000000 00008200 DPL=0 LDT
TR =0038 0000000000000000 00000000 00008900 DPL=0 TSS64-avl
GDT=     ffff800000018048 00000047
IDT=     ffffffff80007120 00000fff
CR0=80010011 CR2=0000000000000000 CR3=0000000007fa3000 CR4=00000020
DR0=0000000000000000 DR1=0000000000000000 DR2=0000000000000000 DR3=0000000000000000 
DR6=00000000ffff0ff0 DR7=0000000000000400
CCS=0000000000000044 CCD=0000000000000000 CCO=EFLAGS
EFER=0000000000000d00
Servicing hardware INT=0x20
   317: v=20 e=0000 i=0 cpl=0 IP=0028:ffffffff8000281d pc=ffffffff8000281d SP=0030:ffff800007fb3f00 env->regs[R_EAX]=0000000000000000
RAX=0000000000000000 RBX=0000000000000000 RCX=0000000000000007 RDX=0000000000000055
RSI=000000000000000a RDI=ffff800007fb3eee RBP=ffff800007fb3ff0 RSP=ffff800007fb3f00
R8 =0000000000ffffff R9 =0000000000000500 R10=0000000000000000 R11=0000000000000000
R12=0000000000000000 R13=0000000000000000 R14=0000000000000000 R15=0000000000000000
RIP=ffffffff8000281d RFL=00000246 [---Z-P-] CPL=0 II=0 A20=1 SMM=0 HLT=0
ES =0030 0000000000000000 00000000 00009300 DPL=0 DS   [-WA]
CS =0028 0000000000000000 00000000 00209b00 DPL=0 CS64 [-RA]
SS =0030 0000000000000000 00000000 00009300 DPL=0 DS   [-WA]
DS =0030 0000000000000000 00000000 00009300 DPL=0 DS   [-WA]
FS =0030 0000000000000000 00000000 00009300 DPL=0 DS   [-WA]
GS =0030 0000000000000000 00000000 00009300 DPL=0 DS   [-WA]
LDT=0000 0000000000000000 00000000 00008200 DPL=0 LDT
TR =0038 0000000000000000 00000000 00008900 DPL=0 TSS64-avl
GDT=     ffff800000018048 00000047
IDT=     ffffffff80007120 00000fff
CR0=80010011 CR2=0000000000000000 CR3=0000000007fa3000 CR4=00000020
DR0=0000000000000000 DR1=0000000000000000 DR2=0000000000000000 DR3=0000000000000000 
DR6=00000000ffff0ff0 DR7=0000000000000400
CCS=0000000000000044 CCD=0000000000000000 CCO=EFLAGS
EFER=0000000000000d00
Servicing hardware INT=0x20
   318: v=20 e=0000 i=0 cpl=0 IP=0028:ffffffff8000281d pc=ffffffff8000281d SP=0030:ffff800007fb3f00 env->regs[R_EAX]=0000000000000000
RAX=0000000000000000 RBX=0000000000000000 RCX=0000000000000007 RDX=0000000000000055
RSI=000000000000000a RDI=ffff800007fb3eee RBP=ffff800007fb3ff0 RSP=ffff800007fb3f00
R8 =0000000000ffffff R9 =0000000000000500 R10=0000000000000000 R11=0000000000000000
R12=0000000000000000 R13=0000000000000000 R14=0000000000000000 R15=0000000000000000
RIP=ffffffff8000281d RFL=00000246 [---Z-P-] CPL=0 II=0 A20=1 SMM=0 HLT=0
ES =0030 0000000000000000 00000000 00009300 DPL=0 DS   [-WA]
CS =0028 0000000000000000 00000000 00209b00 DPL=0 CS64 [-RA]
SS =0030 0000000000000000 00000000 00009300 DPL=0 DS   [-WA]
DS =0030 0000000000000000 00000000 00009300 DPL=0 DS   [-WA]
FS =0030 0000000000000000 00000000 00009300 DPL=0 DS   [-WA]
GS =0030 0000000000000000 00000000 00009300 DPL=0 DS   [-WA]
LDT=0000 0000000000000000 00000000 00008200 DPL=0 LDT
TR =0038 0000000000000000 00000000 00008900 DPL=0 TSS64-avl
GDT=     ffff800000018048 00000047
IDT=     ffffffff80007120 00000fff
CR0=80010011 CR2=0000000000000000 CR3=0000000007fa3000 CR4=00000020
DR0=0000000000000000 DR1=0000000000000000 DR2=0000000000000000 DR3=0000000000000000 
DR6=00000000ffff0ff0 DR7=0000000000000400
CCS=0000000000000044 CCD=0000000000000000 CCO=EFLAGS
EFER=0000000000000d00
